kappa,true_generative_sigma_oto,internal_baseline_sigma_hypothesis,internal_reduced_sigma_hypothesis,hypothesis_relation,n_realizations,seed_identities,mean_context_belief,mean_context_belief_ci_low,mean_context_belief_ci_high,median_context_belief,median_context_belief_ci_low,median_context_belief_ci_high,mean_effective_assumed_sigma_oto,mean_effective_assumed_sigma_oto_ci_low,mean_effective_assumed_sigma_oto_ci_high,median_effective_assumed_sigma_oto,median_effective_assumed_sigma_oto_ci_low,median_effective_assumed_sigma_oto_ci_high,baseline_angular_rmse_mean,baseline_angular_rmse_ci_low,baseline_angular_rmse_ci_high,reduced_angular_rmse_mean,reduced_angular_rmse_ci_low,reduced_angular_rmse_ci_high,paired_absolute_change_angular_rmse_mean,paired_absolute_change_angular_rmse_ci_low,paired_absolute_change_angular_rmse_ci_high,within_realization_percent_change_angular_rmse_mean,within_realization_percent_change_angular_rmse_ci_low,within_realization_percent_change_angular_rmse_ci_high,baseline_object_rmse_mean,baseline_object_rmse_ci_low,baseline_object_rmse_ci_high,reduced_object_rmse_mean,reduced_object_rmse_ci_low,reduced_object_rmse_ci_high,paired_absolute_change_object_rmse_mean,paired_absolute_change_object_rmse_ci_low,paired_absolute_change_object_rmse_ci_high,within_realization_percent_change_object_rmse_mean,within_realization_percent_change_object_rmse_ci_low,within_realization_percent_change_object_rmse_ci_high,baseline_false_positive_rms_mean,baseline_false_positive_rms_ci_low,baseline_false_positive_rms_ci_high,reduced_false_positive_rms_mean,reduced_false_positive_rms_ci_low,reduced_false_positive_rms_ci_high,paired_absolute_change_false_positive_rms_mean,paired_absolute_change_false_positive_rms_ci_low,paired_absolute_change_false_positive_rms_ci_high,within_realization_percent_change_false_positive_rms_mean,within_realization_percent_change_false_positive_rms_ci_low,within_realization_percent_change_false_positive_rms_ci_high
0.1,0.6,0.06,0.4,extrapolates_beyond_internal_reduced_hypothesis,100,0;1;2;3;4;5;6;7;8;9;10;11;12;13;14;15;16;17;18;19;20;21;22;23;24;25;26;27;28;29;30;31;32;33;34;35;36;37;38;39;40;41;42;43;44;45;46;47;48;49;50;51;52;53;54;55;56;57;58;59;60;61;62;63;64;65;66;67;68;69;70;71;72;73;74;75;76;77;78;79;80;81;82;83;84;85;86;87;88;89;90;91;92;93;94;95;96;97;98;99,0.9984458083068991,0.9982469756283027,0.9986308321060634,0.9996646498695336,0.9996646498695334,0.9996646498695334,0.39920130149038385,0.3991386179493223,0.399260078904459,0.39993443367581527,0.3999344336758153,0.3999344336758153,0.05182411326429229,0.05142915571583985,0.05221323639770453,0.05373204283443877,0.053315279499315825,0.05414020412947451,0.0019079295701464835,0.0013377786277782996,0.002494099271179964,3.8440123892196865,2.7119376105062916,5.026374868520955,0.07585315909309513,0.0732154491532912,0.07852653425920766,0.12089995098219694,0.11534017580786943,0.12645414229598775,0.0450467918891018,0.038852289981164745,0.05122359343001154,65.00519850568672,55.52865946247582,74.9061132166805,0.05879342106294141,0.057922849069593434,0.05965992693077278,0.10108197874133294,0.09849639732425866,0.10368005078103076,0.04228855767839153,0.03973433421234366,0.044932934319147834,72.66015349934528,68.01507681565982,77.44480074830948
0.15,0.4,0.06,0.4,matches_internal_reduced_hypothesis,100,0;1;2;3;4;5;6;7;8;9;10;11;12;13;14;15;16;17;18;19;20;21;22;23;24;25;26;27;28;29;30;31;32;33;34;35;36;37;38;39;40;41;42;43;44;45;46;47;48;49;50;51;52;53;54;55;56;57;58;59;60;61;62;63;64;65;66;67;68;69;70;71;72;73;74;75;76;77;78;79;80;81;82;83;84;85;86;87;88;89;90;91;92;93;94;95;96;97;98;99,0.9965111996554035,0.9960875260071668,0.9968988315245497,0.9996646498695336,0.9996646498695334,0.9996646498695334,0.39873938553204774,0.3986240823910241,0.39884554582241116,0.39993443367581527,0.3999344336758153,0.3999344336758153,0.05182411326429229,0.05143054263831341,0.052204380071203454,0.053730423589913104,0.05330825710973992,0.054143549887223696,0.0019063103256208283,0.0013278196551484225,0.0024855152932957312,3.8406824017973444,2.6811058808762134,4.9979004316588975,0.07585315909309513,0.07315469940771593,0.07853823243214192,0.10979654970655661,0.10519449225278413,0.11447546549769066,0.03394339061346145,0.028510731541993135,0.039295090170194155,49.796745996836215,41.453125823490026,58.67305011184878,0.05879342106294141,0.05791242814537731,0.059697800447580905,0.08671173541288693,0.0846974391013758,0.08881605471442,0.027918314349945503,0.02586083457553593,0.03001669404602072,48.10676980362973,44.383974570637434,51.840411544036364
0.2,0.3,0.06,0.4,interpolates_between_internal_hypotheses,100,0;1;2;3;4;5;6;7;8;9;10;11;12;13;14;15;16;17;18;19;20;21;22;23;24;25;26;27;28;29;30;31;32;33;34;35;36;37;38;39;40;41;42;43;44;45;46;47;48;49;50;51;52;53;54;55;56;57;58;59;60;61;62;63;64;65;66;67;68;69;70;71;72;73;74;75;76;77;78;79;80;81;82;83;84;85;86;87;88;89;90;91;92;93;94;95;96;97;98;99,0.9907278437760253,0.9898223532442573,0.9915351945869287,0.9996645619257571,0.9996079552843845,0.9996331668274572,0.3973814781097896,0.3971416820443308,0.39760403184374915,0.3999340604328253,0.3999229359501203,0.39992793451558073,0.05182411326429229,0.05142884189503114,0.052211470865128784,0.05372942919227897,0.053317871491406835,0.0541441399681145,0.0019053159279866978,0.0013329161731019368,0.0024907175891457152,3.8387610203597173,2.7036725115152502,4.9861511143844695,0.07585315909309513,0.07310813122850879,0.07852082863145121,0.10554559824362675,0.10110340512930403,0.10993102287740057,0.0296924391505316,0.024835217282751714,0.034678076279981394,43.91329274965653,35.93829085167866,52.100794016280666,0.05879342106294141,0.05793349941354916,0.05968036253623101,0.08104374353183431,0.07916394370645148,0.08293537043120032,0.022250322468892903,0.020334136744470585,0.02421997143098105,38.4189236217452,34.98022860905501,41.856240422503056
0.3,0.2,0.06,0.4,interpolates_between_internal_hypotheses,100,0;1;2;3;4;5;6;7;8;9;10;11;12;13;14;15;16;17;18;19;20;21;22;23;24;25;26;27;28;29;30;31;32;33;34;35;36;37;38;39;40;41;42;43;44;45;46;47;48;49;50;51;52;53;54;55;56;57;58;59;60;61;62;63;64;65;66;67;68;69;70;71;72;73;74;75;76;77;78;79;80;81;82;83;84;85;86;87;88;89;90;91;92;93;94;95;96;97;98;99,0.9262481888535258,0.9224379255066733,0.9300094404543854,0.9982125727503675,0.9979943642382872,0.998159249656046,0.38039039926289236,0.3792750777346321,0.3814842243498519,0.39964873611380375,0.3996060788559545,0.39963898142751336,0.05182411326429229,0.05144668727104187,0.052211325587497574,0.05372063971006663,0.053293566117099095,0.054126567357299475,0.0018965264457743473,0.0013196894921627031,0.0024798765352821894,3.821306511418515,2.673388830851478,4.992174985314533,0.07585315909309513,0.07319877104923672,0.07853149648072853,0.10310464632260458,0.0990853879865811,0.10716482985863329,0.02725148722950943,0.02283125806489041,0.031790014513812095,40.20755342699869,33.06086414331261,47.61545353286579,0.05879342106294141,0.057921417089228676,0.05968432241797289,0.07760173355682515,0.0758315367759752,0.07936822871951789,0.018808312493883733,0.016968493029240445,0.02073897069875394,32.573635732415575,29.2286243509544,35.90075867573005
0.4,0.15,0.06,0.4,interpolates_between_internal_hypotheses,100,0;1;2;3;4;5;6;7;8;9;10;11;12;13;14;15;16;17;18;19;20;21;22;23;24;25;26;27;28;29;30;31;32;33;34;35;36;37;38;39;40;41;42;43;44;45;46;47;48;49;50;51;52;53;54;55;56;57;58;59;60;61;62;63;64;65;66;67;68;69;70;71;72;73;74;75;76;77;78;79;80;81;82;83;84;85;86;87;88;89;90;91;92;93;94;95;96;97;98;99,0.6970400721496693,0.6892406522309781,0.704682010253212,0.9546073042482106,0.9386666344572657,0.9525703695812812,0.3116706522451869,0.309271496769995,0.3140502888909969,0.3909884143221076,0.3876658475528743,0.3905385485058665,0.05182411326429229,0.051431776811051134,0.05221002318640703,0.053689728806658225,0.05326607676328168,0.05410864440143528,0.0018656155423659392,0.001288487851043244,0.002447857174151711,3.7616559836102517,2.630542470053141,4.943602436068261,0.07585315909309513,0.07314372894500364,0.07851876974696594,0.09693890016529917,0.0930174591625056,0.1007725445308844,0.02108574107220402,0.01686589887256185,0.025308336165177314,31.522589440843447,24.89468062817882,38.400538939063026,0.05879342106294141,0.057911891097830466,0.059689182278070956,0.07487057099954067,0.07286186563362038,0.07680410188480923,0.01607714993659925,0.014103772057982944,0.018097984358352085,27.916914195269893,24.347017202994724,31.462980322828503
0.5,0.12,0.06,0.4,interpolates_between_internal_hypotheses,100,0;1;2;3;4;5;6;7;8;9;10;11;12;13;14;15;16;17;18;19;20;21;22;23;24;25;26;27;28;29;30;31;32;33;34;35;36;37;38;39;40;41;42;43;44;45;46;47;48;49;50;51;52;53;54;55;56;57;58;59;60;61;62;63;64;65;66;67;68;69;70;71;72;73;74;75;76;77;78;79;80;81;82;83;84;85;86;87;88;89;90;91;92;93;94;95;96;97;98;99,0.32032952896401407,0.30950373280606586,0.3312611822817544,0.0434938415191377,0.05031616126975015,0.07432484392671677,0.18466614951655613,0.18091430697248786,0.1884378866718362,0.10102583549935511,0.10309659309778678,0.11668877089879126,0.05182411326429229,0.05143906283271721,0.05221365443296186,0.05363520998038263,0.05322078587937177,0.05404617582271048,0.0018110967160903512,0.0012326350593200009,0.0023886484563028503,3.6564362484742916,2.505990702478121,4.816035096031806,0.07585315909309513,0.07309599592348352,0.0785039333815694,0.0879251011755019,0.08482878183482818,0.09109286910578765,0.012071942082406743,0.008363741545266486,0.015781781104778216,19.361932103638868,13.756764552340027,25.338546200028105,0.05879342106294141,0.05791624264344398,0.059670645266558096,0.06739598786755882,0.06585522888544519,0.0689227801376407,0.008602566804617412,0.006990288439669843,0.010201811649980781,15.130059146526362,12.371291887543615,17.987542135656167
0.6,0.1,0.06,0.4,interpolates_between_internal_hypotheses,100,0;1;2;3;4;5;6;7;8;9;10;11;12;13;14;15;16;17;18;19;20;21;22;23;24;25;26;27;28;29;30;31;32;33;34;35;36;37;38;39;40;41;42;43;44;45;46;47;48;49;50;51;52;53;54;55;56;57;58;59;60;61;62;63;64;65;66;67;68;69;70;71;72;73;74;75;76;77;78;79;80;81;82;83;84;85;86;87;88;89;90;91;92;93;94;95;96;97;98;99,0.07588502019827043,0.0698263135011019,0.08235154895640295,0.0005246849361167359,0.0005253416942503583,0.000610562624526822,0.09345248646322973,0.09123139298561252,0.09584986560935377,0.060677631064048276,0.06067692844782536,0.060786326627125874,0.05182411326429229,0.051431777792381964,0.05221832812466626,0.05359063735896702,0.05316847429322056,0.05399890785472689,0.0017665240946747474,0.001186229990440332,0.002345400543595052,3.5696288650304426,2.435920544426087,4.738735562630171,0.07585315909309513,0.0732059926858802,0.07859102636287252,0.08101656550325005,0.07857547766583708,0.08353594991500779,0.0051634064101549184,0.00180274555656754,0.008629987169195424,10.18097754511886,5.098531772712744,15.501231858082804,0.05879342106294141,0.057916365682255964,0.05966852127229981,0.06246950838155335,0.06130443324833476,0.06367283877064771,0.003676087318611945,0.0022837612126046514,0.005052429643376644,6.757817458669389,4.494108023971885,9.178284577910244
0.7,0.08571428571428572,0.06,0.4,interpolates_between_internal_hypotheses,100,0;1;2;3;4;5;6;7;8;9;10;11;12;13;14;15;16;17;18;19;20;21;22;23;24;25;26;27;28;29;30;31;32;33;34;35;36;37;38;39;40;41;42;43;44;45;46;47;48;49;50;51;52;53;54;55;56;57;58;59;60;61;62;63;64;65;66;67;68;69;70;71;72;73;74;75;76;77;78;79;80;81;82;83;84;85;86;87;88;89;90;91;92;93;94;95;96;97;98;99,0.01242797231746412,0.010544629588383937,0.01452444473063826,0.0003353501304664781,0.00033535013046647805,0.00033535013046647805,0.06684116990010086,0.06612671012836835,0.06761398549400845,0.06043549255532677,0.06043549255532679,0.06043549255532679,0.05182411326429229,0.051420385955006115,0.052211278090996245,0.05357343579137308,0.0531473253705172,0.05398038301234043,0.0017493225270807991,0.0011675202749543432,0.0023342244971873436,3.53644104102163,2.41608646174499,4.752717005948369,0.07585315909309513,0.0732480401717191,0.07853137788671688,0.07869752203675158,0.07630917924308651,0.08115033659556699,0.0028443629436564334,-0.0006604712934022609,0.0063610488157684435,7.171651213763426,2.1833461516229065,12.44395797619659,0.05879342106294141,0.057938068830236104,0.059668970394959796,0.06034998655629329,0.059425664398294734,0.061265498692701925,0.0015565654933518856,0.00039014216820521517,0.002719720243036381,3.16737545977998,1.116413838933687,5.269630497800475
0.8,0.075,0.06,0.4,interpolates_between_internal_hypotheses,100,0;1;2;3;4;5;6;7;8;9;10;11;12;13;14;15;16;17;18;19;20;21;22;23;24;25;26;27;28;29;30;31;32;33;34;35;36;37;38;39;40;41;42;43;44;45;46;47;48;49;50;51;52;53;54;55;56;57;58;59;60;61;62;63;64;65;66;67;68;69;70;71;72;73;74;75;76;77;78;79;80;81;82;83;84;85;86;87;88;89;90;91;92;93;94;95;96;97;98;99,0.0020330090559090527,0.001727658255062887,0.0023882090027966332,0.0003353501304664781,0.00033535013046647805,0.00033535013046647805,0.06166802523759588,0.06151282380394531,0.06183708708194998,0.06043549255532677,0.06043549255532679,0.06043549255532679,0.05182411326429229,0.05143518795526752,0.05221788692517986,0.05356856521326602,0.05315255525273939,0.0539906246238917,0.0017444519489737292,0.0011570570588918757,0.002335796195246966,3.5271088682956475,2.386924577946881,4.712472937615125,0.07585315909309513,0.07320005652203886,0.07858408376806074,0.07761488409618679,0.07515464112817974,0.08007636583467513,0.0017617250030916545,-0.0016745797921162238,0.005223062456155398,5.672598176857409,0.7810692968494776,10.840232080180419,0.05879342106294141,0.05790360103609632,0.059667051587776854,0.05934881346900644,0.05843953448549425,0.060278710736355344,0.0005553924060650255,-0.0006606462575830239,0.0017334467452368423,1.4576880987572813,-0.5659046227852124,3.566259878471051
0.9,0.06666666666666667,0.06,0.4,interpolates_between_internal_hypotheses,100,0;1;2;3;4;5;6;7;8;9;10;11;12;13;14;15;16;17;18;19;20;21;22;23;24;25;26;27;28;29;30;31;32;33;34;35;36;37;38;39;40;41;42;43;44;45;46;47;48;49;50;51;52;53;54;55;56;57;58;59;60;61;62;63;64;65;66;67;68;69;70;71;72;73;74;75;76;77;78;79;80;81;82;83;84;85;86;87;88;89;90;91;92;93;94;95;96;97;98;99,0.0006347800135612201,0.0005793560766964666,0.0006989530870302147,0.0003353501304664781,0.00033535013046647805,0.00033535013046647805,0.06072840078774941,0.060691167375973465,0.060769277305726704,0.06043549255532677,0.06043549255532679,0.06043549255532679,0.05182411326429229,0.051435812057706976,0.052215195628614916,0.0535665761180088,0.05315514600650157,0.053992556833749206,0.001742462853716527,0.0011680481934354893,0.002332037205064018,3.5232837055186876,2.3597356888086103,4.699442924916328,0.07585315909309513,0.07319614249506487,0.07850142343086475,0.07709438582084827,0.07469881904661722,0.07962912236007623,0.0012412267277531253,-0.002224696425722925,0.004734173923668788,4.946134744185552,-0.04240712661865953,10.028912803393366,0.05879342106294141,0.057911207621884626,0.059662267266287476,0.058695020618129506,0.05777854957794553,0.059602492246275646,-9.840044481189907e-05,-0.0012301023850990879,0.0010640147505573184,0.34252646958757665,-1.6154171556287844,2.402341953968816
1.0,0.06,0.06,0.4,matches_internal_baseline_hypothesis,100,0;1;2;3;4;5;6;7;8;9;10;11;12;13;14;15;16;17;18;19;20;21;22;23;24;25;26;27;28;29;30;31;32;33;34;35;36;37;38;39;40;41;42;43;44;45;46;47;48;49;50;51;52;53;54;55;56;57;58;59;60;61;62;63;64;65;66;67;68;69;70;71;72;73;74;75;76;77;78;79;80;81;82;83;84;85;86;87;88;89;90;91;92;93;94;95;96;97;98;99,0.00041339087719798864,0.0004017145147155303,0.00042732732492050025,0.0003353501304664781,0.00033535013046647805,0.00033535013046647805,0.06052530403513041,0.06051459022177528,0.06053706375403898,0.06043549255532677,0.06043549255532679,0.06043549255532679,0.05182411326429229,0.05143236635803111,0.052210021308571684,0.05356531034144872,0.053154906357679,0.0539757267035867,0.0017411970771564346,0.001157746374953404,0.002336368043051979,3.520839599787138,2.3625647241404217,4.655956350320083,0.07585315909309513,0.0732115436656635,0.07858350645172447,0.07675276156740851,0.07426370939078736,0.07924504417062384,0.000899602474313373,-0.002572953667056935,0.0043817329929385475,4.470119300419831,-0.44126365623121977,9.495678080744872,0.05879342106294141,0.05792287055700168,0.059685779266718454,0.05822931245412465,0.057327579209522125,0.05911291302499591,-0.0005641086088167647,-0.0017379744554489331,0.0006119153633575773,-0.4501773141874699,-2.4716408181329768,1.5655412018036652
