row_type,threshold,threshold_as_percent_of_event_amplitude,epoch,n_realizations,total_events,total_crossings,pooled_crossing_probability,mean_seed_crossing_probability,crossing_probability_ci_low,crossing_probability_ci_high,conditional_latency_mean_s,conditional_latency_median_s,conditional_latency_q25_s,conditional_latency_q75_s,mean_seed_conditional_latency_s,mean_seed_conditional_latency_ci_low,mean_seed_conditional_latency_ci_high,paired_crossing_probability_difference,paired_crossing_probability_difference_ci_low,paired_crossing_probability_difference_ci_high,paired_conditional_latency_difference_s,paired_conditional_latency_difference_ci_low,paired_conditional_latency_difference_ci_high,latency_effect_direction,latency_conclusion_robust_at_threshold,n_paired_realizations_for_latency,noncrossings_retained_in_probability
epoch_summary,0.1,25.0,baseline,30.0,71.0,71.0,1.0,1.0,1.0,1.0,0.003802816901408451,0.0,0.0,0.01,0.003722222222222222,0.0025,0.005000000000000001,,,,,,,,,,
epoch_summary,0.1,25.0,reduced_reliability,30.0,66.0,66.0,1.0,1.0,1.0,1.0,0.008636363636363636,0.005,0.0,0.01,0.008722222222222223,0.006055555555555556,0.011611111111111112,,,,,,,,,,
paired_contrast,0.1,25.0,reduced_reliability_minus_baseline,,,,,,,,,,,,,,,0.0,0.0,0.0,0.005,0.0021111111111111113,0.008166666666666666,delayed,True,30.0,True
epoch_summary,0.15,37.5,baseline,30.0,71.0,71.0,1.0,1.0,1.0,1.0,0.010140845070422535,0.01,0.005,0.01,0.009666666666666667,0.007944444444444445,0.011444444444444445,,,,,,,,,,
epoch_summary,0.15,37.5,reduced_reliability,30.0,66.0,66.0,1.0,1.0,1.0,1.0,0.016212121212121216,0.01,0.0,0.02,0.016666666666666666,0.012277777777777778,0.021500000000000002,,,,,,,,,,
paired_contrast,0.15,37.5,reduced_reliability_minus_baseline,,,,,,,,,,,,,,,0.0,0.0,0.0,0.006999999999999998,0.0022777777777777783,0.012166666666666666,delayed,True,30.0,True
epoch_summary,0.2,50.0,baseline,30.0,71.0,71.0,1.0,1.0,1.0,1.0,0.017323943661971833,0.02,0.01,0.02,0.017222222222222226,0.015499999999999998,0.018888888888888893,,,,,,,,,,
epoch_summary,0.2,50.0,reduced_reliability,30.0,66.0,66.0,1.0,1.0,1.0,1.0,0.032424242424242425,0.02,0.01,0.0475,0.03238888888888889,0.024666666666666674,0.041333333333333326,,,,,,,,,,
paired_contrast,0.2,50.0,reduced_reliability_minus_baseline,,,,,,,,,,,,,,,0.0,0.0,0.0,0.01516666666666667,0.007166666666666667,0.024277777777777777,delayed,True,30.0,True
epoch_summary,0.25,62.5,baseline,30.0,71.0,71.0,1.0,1.0,1.0,1.0,0.02746478873239437,0.02,0.02,0.03,0.02683333333333333,0.024000000000000007,0.029722222222222223,,,,,,,,,,
epoch_summary,0.25,62.5,reduced_reliability,30.0,66.0,66.0,1.0,1.0,1.0,1.0,0.052121212121212124,0.03,0.02,0.0675,0.051666666666666666,0.03916666666666667,0.06499999999999999,,,,,,,,,,
paired_contrast,0.25,62.5,reduced_reliability_minus_baseline,,,,,,,,,,,,,,,0.0,0.0,0.0,0.024833333333333336,0.012388888888888889,0.03822222222222222,delayed,True,30.0,True
epoch_summary,0.3,75.0,baseline,30.0,71.0,71.0,1.0,1.0,1.0,1.0,0.04478873239436619,0.04,0.03,0.05,0.04366666666666666,0.03916666666666666,0.0486111111111111,,,,,,,,,,
epoch_summary,0.3,75.0,reduced_reliability,30.0,66.0,66.0,1.0,1.0,1.0,1.0,0.09045454545454547,0.045,0.03,0.0975,0.09094444444444445,0.06960972222222221,0.11439027777777777,,,,,,,,,,
paired_contrast,0.3,75.0,reduced_reliability_minus_baseline,,,,,,,,,,,,,,,0.0,0.0,0.0,0.047277777777777766,0.024333333333333332,0.07327777777777778,delayed,True,30.0,True
