analysis_type,epoch,period,metric,realization_id,rng_seed,value,mean_observed_change,mean_innovation_term,mean_gain_term,mean_interaction_term,max_abs_identity_residual,temporal_matching
epoch_period_summary,baseline,object_event,signed_visual_innovation,0,100,0.011273031568583716,,,,,,
epoch_period_summary,baseline,object_event,signed_visual_innovation,1,101,8.256426276050388e-05,,,,,,
epoch_period_summary,baseline,object_event,signed_visual_innovation,2,102,-0.013564089236060365,,,,,,
epoch_period_summary,baseline,object_event,signed_visual_innovation,3,103,-0.014139343802859075,,,,,,
epoch_period_summary,baseline,object_event,signed_visual_innovation,4,104,0.029165250076188642,,,,,,
epoch_period_summary,baseline,object_event,signed_visual_innovation,5,105,-0.007528794600290921,,,,,,
epoch_period_summary,baseline,object_event,signed_visual_innovation,6,106,-0.00590755491214304,,,,,,
epoch_period_summary,baseline,object_event,signed_visual_innovation,7,107,-0.01904193015904213,,,,,,
epoch_period_summary,baseline,object_event,signed_visual_innovation,8,108,-0.002962710528308166,,,,,,
epoch_period_summary,baseline,object_event,signed_visual_innovation,9,109,0.017289002507960238,,,,,,
epoch_period_summary,baseline,object_event,signed_visual_innovation,10,110,-0.02709183267647755,,,,,,
epoch_period_summary,baseline,object_event,signed_visual_innovation,11,111,-0.007122029516093485,,,,,,
epoch_period_summary,baseline,object_event,signed_visual_innovation,12,112,-0.002496958417241634,,,,,,
epoch_period_summary,baseline,object_event,signed_visual_innovation,13,113,0.010997863899444064,,,,,,
epoch_period_summary,baseline,object_event,signed_visual_innovation,14,114,0.0024292513537393034,,,,,,
epoch_period_summary,baseline,object_event,signed_visual_innovation,15,115,-0.002463291731130737,,,,,,
epoch_period_summary,baseline,object_event,signed_visual_innovation,16,116,-0.020615480379766474,,,,,,
epoch_period_summary,baseline,object_event,signed_visual_innovation,17,117,-0.01276918132868297,,,,,,
epoch_period_summary,baseline,object_event,signed_visual_innovation,18,118,-0.0009719529801069812,,,,,,
epoch_period_summary,baseline,object_event,signed_visual_innovation,19,119,-0.019827950289302756,,,,,,
epoch_period_summary,baseline,object_event,signed_visual_innovation,20,120,0.00780130062117786,,,,,,
epoch_period_summary,baseline,object_event,signed_visual_innovation,21,121,-0.0014431030945648757,,,,,,
epoch_period_summary,baseline,object_event,signed_visual_innovation,22,122,0.007058764728938593,,,,,,
epoch_period_summary,baseline,object_event,signed_visual_innovation,23,123,0.00799243134564748,,,,,,
epoch_period_summary,baseline,object_event,signed_visual_innovation,24,124,-0.007859126840624583,,,,,,
epoch_period_summary,baseline,object_event,signed_visual_innovation,25,125,-0.007997643773223392,,,,,,
epoch_period_summary,baseline,object_event,signed_visual_innovation,26,126,-0.004692808604408716,,,,,,
epoch_period_summary,baseline,object_event,signed_visual_innovation,27,127,-0.017334962279071383,,,,,,
epoch_period_summary,baseline,object_event,signed_visual_innovation,28,128,0.02344971396540605,,,,,,
epoch_period_summary,baseline,object_event,signed_visual_innovation,29,129,-0.020304705859971597,,,,,,
epoch_period_summary,baseline,object_event,absolute_visual_innovation,0,100,0.07962336593729145,,,,,,
epoch_period_summary,baseline,object_event,absolute_visual_innovation,1,101,0.08001866721812319,,,,,,
epoch_period_summary,baseline,object_event,absolute_visual_innovation,2,102,0.08537845176513416,,,,,,
epoch_period_summary,baseline,object_event,absolute_visual_innovation,3,103,0.08577886256691013,,,,,,
epoch_period_summary,baseline,object_event,absolute_visual_innovation,4,104,0.07757748005074924,,,,,,
epoch_period_summary,baseline,object_event,absolute_visual_innovation,5,105,0.07893095044664435,,,,,,
epoch_period_summary,baseline,object_event,absolute_visual_innovation,6,106,0.08881887472036604,,,,,,
epoch_period_summary,baseline,object_event,absolute_visual_innovation,7,107,0.08385377886400117,,,,,,
epoch_period_summary,baseline,object_event,absolute_visual_innovation,8,108,0.08392402742062492,,,,,,
epoch_period_summary,baseline,object_event,absolute_visual_innovation,9,109,0.09320573195755562,,,,,,
epoch_period_summary,baseline,object_event,absolute_visual_innovation,10,110,0.08282037385553624,,,,,,
epoch_period_summary,baseline,object_event,absolute_visual_innovation,11,111,0.07672410714239183,,,,,,
epoch_period_summary,baseline,object_event,absolute_visual_innovation,12,112,0.08516747344805467,,,,,,
epoch_period_summary,baseline,object_event,absolute_visual_innovation,13,113,0.08589896990200302,,,,,,
epoch_period_summary,baseline,object_event,absolute_visual_innovation,14,114,0.08874106528189275,,,,,,
epoch_period_summary,baseline,object_event,absolute_visual_innovation,15,115,0.08155654904989391,,,,,,
epoch_period_summary,baseline,object_event,absolute_visual_innovation,16,116,0.07900858165469687,,,,,,
epoch_period_summary,baseline,object_event,absolute_visual_innovation,17,117,0.07966352848579658,,,,,,
epoch_period_summary,baseline,object_event,absolute_visual_innovation,18,118,0.07836834669530418,,,,,,
epoch_period_summary,baseline,object_event,absolute_visual_innovation,19,119,0.07627358286404494,,,,,,
epoch_period_summary,baseline,object_event,absolute_visual_innovation,20,120,0.08571200618355891,,,,,,
epoch_period_summary,baseline,object_event,absolute_visual_innovation,21,121,0.07018348461902908,,,,,,
epoch_period_summary,baseline,object_event,absolute_visual_innovation,22,122,0.07631888613589152,,,,,,
epoch_period_summary,baseline,object_event,absolute_visual_innovation,23,123,0.07746861469019208,,,,,,
epoch_period_summary,baseline,object_event,absolute_visual_innovation,24,124,0.09445282552612326,,,,,,
epoch_period_summary,baseline,object_event,absolute_visual_innovation,25,125,0.07967931866879804,,,,,,
epoch_period_summary,baseline,object_event,absolute_visual_innovation,26,126,0.08036080674138786,,,,,,
epoch_period_summary,baseline,object_event,absolute_visual_innovation,27,127,0.07863532943956615,,,,,,
epoch_period_summary,baseline,object_event,absolute_visual_innovation,28,128,0.07177515901816324,,,,,,
epoch_period_summary,baseline,object_event,absolute_visual_innovation,29,129,0.07581686564103932,,,,,,
epoch_period_summary,baseline,object_event,object_kalman_gain,0,100,0.2760701787142859,,,,,,
epoch_period_summary,baseline,object_event,object_kalman_gain,1,101,0.276085400868881,,,,,,
epoch_period_summary,baseline,object_event,object_kalman_gain,2,102,0.2760761771671245,,,,,,
epoch_period_summary,baseline,object_event,object_kalman_gain,3,103,0.27609795064658443,,,,,,
epoch_period_summary,baseline,object_event,object_kalman_gain,4,104,0.27606785159019,,,,,,
epoch_period_summary,baseline,object_event,object_kalman_gain,5,105,0.27604526592245776,,,,,,
epoch_period_summary,baseline,object_event,object_kalman_gain,6,106,0.27609364768309386,,,,,,
epoch_period_summary,baseline,object_event,object_kalman_gain,7,107,0.2760831042494298,,,,,,
epoch_period_summary,baseline,object_event,object_kalman_gain,8,108,0.2760341190853429,,,,,,
epoch_period_summary,baseline,object_event,object_kalman_gain,9,109,0.27597045479618704,,,,,,
epoch_period_summary,baseline,object_event,object_kalman_gain,10,110,0.2760765189941971,,,,,,
epoch_period_summary,baseline,object_event,object_kalman_gain,11,111,0.2761107895628629,,,,,,
epoch_period_summary,baseline,object_event,object_kalman_gain,12,112,0.2761116555769142,,,,,,
epoch_period_summary,baseline,object_event,object_kalman_gain,13,113,0.2760833041209908,,,,,,
epoch_period_summary,baseline,object_event,object_kalman_gain,14,114,0.276095785329012,,,,,,
epoch_period_summary,baseline,object_event,object_kalman_gain,15,115,0.27608060097757736,,,,,,
epoch_period_summary,baseline,object_event,object_kalman_gain,16,116,0.27612606531292694,,,,,,
epoch_period_summary,baseline,object_event,object_kalman_gain,17,117,0.27612257781894567,,,,,,
epoch_period_summary,baseline,object_event,object_kalman_gain,18,118,0.276101108421239,,,,,,
epoch_period_summary,baseline,object_event,object_kalman_gain,19,119,0.27607668309891376,,,,,,
epoch_period_summary,baseline,object_event,object_kalman_gain,20,120,0.2760684441958518,,,,,,
epoch_period_summary,baseline,object_event,object_kalman_gain,21,121,0.2760845783075499,,,,,,
epoch_period_summary,baseline,object_event,object_kalman_gain,22,122,0.27607569980570507,,,,,,
epoch_period_summary,baseline,object_event,object_kalman_gain,23,123,0.2760742967427663,,,,,,
epoch_period_summary,baseline,object_event,object_kalman_gain,24,124,0.27610118815049134,,,,,,
epoch_period_summary,baseline,object_event,object_kalman_gain,25,125,0.27607826431649074,,,,,,
epoch_period_summary,baseline,object_event,object_kalman_gain,26,126,0.276134994786426,,,,,,
epoch_period_summary,baseline,object_event,object_kalman_gain,27,127,0.2760494359468046,,,,,,
epoch_period_summary,baseline,object_event,object_kalman_gain,28,128,0.27609708636927194,,,,,,
epoch_period_summary,baseline,object_event,object_kalman_gain,29,129,0.27610822378362143,,,,,,
epoch_period_summary,baseline,object_event,signed_object_correction,0,100,0.003112190704638024,,,,,,
epoch_period_summary,baseline,object_event,signed_object_correction,1,101,2.3071407122277066e-05,,,,,,
epoch_period_summary,baseline,object_event,signed_object_correction,2,102,-0.0037428986214429433,,,,,,
epoch_period_summary,baseline,object_event,signed_object_correction,3,103,-0.003904832588704011,,,,,,
epoch_period_summary,baseline,object_event,signed_object_correction,4,104,0.00805226971470338,,,,,,
epoch_period_summary,baseline,object_event,signed_object_correction,5,105,-0.0020782624457840334,,,,,,
epoch_period_summary,baseline,object_event,signed_object_correction,6,106,-0.001632988423967201,,,,,,
epoch_period_summary,baseline,object_event,signed_object_correction,7,107,-0.00525782189149936,,,,,,
epoch_period_summary,baseline,object_event,signed_object_correction,8,108,-0.0008195204301431417,,,,,,
epoch_period_summary,baseline,object_event,signed_object_correction,9,109,0.004775065533784405,,,,,,
epoch_period_summary,baseline,object_event,signed_object_correction,10,110,-0.0074802936742674525,,,,,,
epoch_period_summary,baseline,object_event,signed_object_correction,11,111,-0.0019661659520051867,,,,,,
epoch_period_summary,baseline,object_event,signed_object_correction,12,112,-0.0006912214195752391,,,,,,
epoch_period_summary,baseline,object_event,signed_object_correction,13,113,0.0030359455790233826,,,,,,
epoch_period_summary,baseline,object_event,signed_object_correction,14,114,0.0006699075582280618,,,,,,
epoch_period_summary,baseline,object_event,signed_object_correction,15,115,-0.000678783389210767,,,,,,
epoch_period_summary,baseline,object_event,signed_object_correction,16,116,-0.005694132467543163,,,,,,
epoch_period_summary,baseline,object_event,signed_object_correction,17,117,-0.00352595442254896,,,,,,
epoch_period_summary,baseline,object_event,signed_object_correction,18,118,-0.00026789511956082184,,,,,,
epoch_period_summary,baseline,object_event,signed_object_correction,19,119,-0.005475126330625541,,,,,,
epoch_period_summary,baseline,object_event,signed_object_correction,20,120,0.0021556937307167577,,,,,,
epoch_period_summary,baseline,object_event,signed_object_correction,21,121,-0.00039764428586752367,,,,,,
epoch_period_summary,baseline,object_event,signed_object_correction,22,122,0.001948728751706853,,,,,,
epoch_period_summary,baseline,object_event,signed_object_correction,23,123,0.0022062400337498336,,,,,,
epoch_period_summary,baseline,object_event,signed_object_correction,24,124,-0.00216593766597267,,,,,,
epoch_period_summary,baseline,object_event,signed_object_correction,25,125,-0.0022083801821898364,,,,,,
epoch_period_summary,baseline,object_event,signed_object_correction,26,126,-0.0012959445427790676,,,,,,
epoch_period_summary,baseline,object_event,signed_object_correction,27,127,-0.004788303288404234,,,,,,
epoch_period_summary,baseline,object_event,signed_object_correction,28,128,0.0064741548643314495,,,,,,
epoch_period_summary,baseline,object_event,signed_object_correction,29,129,-0.005606432847512831,,,,,,
epoch_period_summary,baseline,object_event,absolute_object_correction,0,100,0.02198282024783193,,,,,,
epoch_period_summary,baseline,object_event,absolute_object_correction,1,101,0.022092567661515624,,,,,,
epoch_period_summary,baseline,object_event,absolute_object_correction,2,102,0.023571160623446025,,,,,,
epoch_period_summary,baseline,object_event,absolute_object_correction,3,103,0.023684413733687848,,,,,,
epoch_period_summary,baseline,object_event,absolute_object_correction,4,104,0.02141760646544865,,,,,,
epoch_period_summary,baseline,object_event,absolute_object_correction,5,105,0.021789842138820292,,,,,,
epoch_period_summary,baseline,object_event,absolute_object_correction,6,106,0.024521023139245934,,,,,,
epoch_period_summary,baseline,object_event,absolute_object_correction,7,107,0.023151490521482066,,,,,,
epoch_period_summary,baseline,object_event,absolute_object_correction,8,108,0.023166341652411215,,,,,,
epoch_period_summary,baseline,object_event,absolute_object_correction,9,109,0.025723164512264078,,,,,,
epoch_period_summary,baseline,object_event,absolute_object_correction,10,110,0.022865943352665046,,,,,,
epoch_period_summary,baseline,object_event,absolute_object_correction,11,111,0.021184774086392928,,,,,,
epoch_period_summary,baseline,object_event,absolute_object_correction,12,112,0.023517569475283707,,,,,,
epoch_period_summary,baseline,object_event,absolute_object_correction,13,113,0.023715882019810296,,,,,,
epoch_period_summary,baseline,object_event,absolute_object_correction,14,114,0.024502442715397352,,,,,,
epoch_period_summary,baseline,object_event,absolute_object_correction,15,115,0.022515217727368447,,,,,,
epoch_period_summary,baseline,object_event,absolute_object_correction,16,116,0.02181752899393049,,,,,,
epoch_period_summary,baseline,object_event,absolute_object_correction,17,117,0.021997529081100996,,,,,,
epoch_period_summary,baseline,object_event,absolute_object_correction,18,118,0.021638806153885456,,,,,,
epoch_period_summary,baseline,object_event,absolute_object_correction,19,119,0.021058238127367075,,,,,,
epoch_period_summary,baseline,object_event,absolute_object_correction,20,120,0.023661997581713605,,,,,,
epoch_period_summary,baseline,object_event,absolute_object_correction,21,121,0.019377049486910315,,,,,,
epoch_period_summary,baseline,object_event,absolute_object_correction,22,122,0.021070416547032688,,,,,,
epoch_period_summary,baseline,object_event,absolute_object_correction,23,123,0.02138662773429125,,,,,,
epoch_period_summary,baseline,object_event,absolute_object_correction,24,124,0.026076294587328696,,,,,,
epoch_period_summary,baseline,object_event,absolute_object_correction,25,125,0.021998774382483315,,,,,,
epoch_period_summary,baseline,object_event,absolute_object_correction,26,126,0.022190801598394767,,,,,,
epoch_period_summary,baseline,object_event,absolute_object_correction,27,127,0.0217052888861796,,,,,,
epoch_period_summary,baseline,object_event,absolute_object_correction,28,128,0.01981761056550036,,,,,,
epoch_period_summary,baseline,object_event,absolute_object_correction,29,129,0.02093433254987758,,,,,,
epoch_period_summary,baseline,object_event,previsual_object_state,0,100,0.37264212059702395,,,,,,
epoch_period_summary,baseline,object_event,previsual_object_state,1,101,-0.1185206301162316,,,,,,
epoch_period_summary,baseline,object_event,previsual_object_state,2,102,0.15442947514990082,,,,,,
epoch_period_summary,baseline,object_event,previsual_object_state,3,103,-0.14793859444062638,,,,,,
epoch_period_summary,baseline,object_event,previsual_object_state,4,104,0.4052061464659947,,,,,,
epoch_period_summary,baseline,object_event,previsual_object_state,5,105,-0.13286829541543135,,,,,,
epoch_period_summary,baseline,object_event,previsual_object_state,6,106,0.11857807359330433,,,,,,
epoch_period_summary,baseline,object_event,previsual_object_state,7,107,-0.14899412432325107,,,,,,
epoch_period_summary,baseline,object_event,previsual_object_state,8,108,0.36985719367953407,,,,,,
epoch_period_summary,baseline,object_event,previsual_object_state,9,109,0.34020772451664444,,,,,,
epoch_period_summary,baseline,object_event,previsual_object_state,10,110,-0.39202916027350904,,,,,,
epoch_period_summary,baseline,object_event,previsual_object_state,11,111,-0.14172409889094428,,,,,,
epoch_period_summary,baseline,object_event,previsual_object_state,12,112,-0.11106365759695172,,,,,,
epoch_period_summary,baseline,object_event,previsual_object_state,13,113,0.14334426957832028,,,,,,
epoch_period_summary,baseline,object_event,previsual_object_state,14,114,0.11400315556283383,,,,,,
epoch_period_summary,baseline,object_event,previsual_object_state,15,115,-0.17597686091336587,,,,,,
epoch_period_summary,baseline,object_event,previsual_object_state,16,116,-0.3979647935386364,,,,,,
epoch_period_summary,baseline,object_event,previsual_object_state,17,117,-0.13717018557870125,,,,,,
epoch_period_summary,baseline,object_event,previsual_object_state,18,118,0.1172523475983583,,,,,,
epoch_period_summary,baseline,object_event,previsual_object_state,19,119,-0.14548254277383926,,,,,,
epoch_period_summary,baseline,object_event,previsual_object_state,20,120,0.10975096304976797,,,,,,
epoch_period_summary,baseline,object_event,previsual_object_state,21,121,-0.3637840554757825,,,,,,
epoch_period_summary,baseline,object_event,previsual_object_state,22,122,0.37376933858082156,,,,,,
epoch_period_summary,baseline,object_event,previsual_object_state,23,123,0.37416255449505953,,,,,,
epoch_period_summary,baseline,object_event,previsual_object_state,24,124,-0.20791665116285468,,,,,,
epoch_period_summary,baseline,object_event,previsual_object_state,25,125,0.10537948854953819,,,,,,
epoch_period_summary,baseline,object_event,previsual_object_state,26,126,-0.11465866902292593,,,,,,
epoch_period_summary,baseline,object_event,previsual_object_state,27,127,-0.14970340419174613,,,,,,
epoch_period_summary,baseline,object_event,previsual_object_state,28,128,0.4149448470635632,,,,,,
epoch_period_summary,baseline,object_event,previsual_object_state,29,129,-0.3911161597027461,,,,,,
epoch_period_summary,baseline,object_event,posterior_object_state,0,100,0.37575431130166204,,,,,,
epoch_period_summary,baseline,object_event,posterior_object_state,1,101,-0.1184975587091093,,,,,,
epoch_period_summary,baseline,object_event,posterior_object_state,2,102,0.1506865765284579,,,,,,
epoch_period_summary,baseline,object_event,posterior_object_state,3,103,-0.1518434270293304,,,,,,
epoch_period_summary,baseline,object_event,posterior_object_state,4,104,0.41325841618069803,,,,,,
epoch_period_summary,baseline,object_event,posterior_object_state,5,105,-0.13494655786121534,,,,,,
epoch_period_summary,baseline,object_event,posterior_object_state,6,106,0.11694508516933712,,,,,,
epoch_period_summary,baseline,object_event,posterior_object_state,7,107,-0.15425194621475047,,,,,,
epoch_period_summary,baseline,object_event,posterior_object_state,8,108,0.36903767324939085,,,,,,
epoch_period_summary,baseline,object_event,posterior_object_state,9,109,0.3449827900504289,,,,,,
epoch_period_summary,baseline,object_event,posterior_object_state,10,110,-0.3995094539477765,,,,,,
epoch_period_summary,baseline,object_event,posterior_object_state,11,111,-0.1436902648429495,,,,,,
epoch_period_summary,baseline,object_event,posterior_object_state,12,112,-0.11175487901652696,,,,,,
epoch_period_summary,baseline,object_event,posterior_object_state,13,113,0.14638021515734365,,,,,,
epoch_period_summary,baseline,object_event,posterior_object_state,14,114,0.11467306312106186,,,,,,
epoch_period_summary,baseline,object_event,posterior_object_state,15,115,-0.17665564430257663,,,,,,
epoch_period_summary,baseline,object_event,posterior_object_state,16,116,-0.40365892600617953,,,,,,
epoch_period_summary,baseline,object_event,posterior_object_state,17,117,-0.14069614000125025,,,,,,
epoch_period_summary,baseline,object_event,posterior_object_state,18,118,0.11698445247879749,,,,,,
epoch_period_summary,baseline,object_event,posterior_object_state,19,119,-0.15095766910446481,,,,,,
epoch_period_summary,baseline,object_event,posterior_object_state,20,120,0.11190665678048471,,,,,,
epoch_period_summary,baseline,object_event,posterior_object_state,21,121,-0.36418169976165005,,,,,,
epoch_period_summary,baseline,object_event,posterior_object_state,22,122,0.37571806733252844,,,,,,
epoch_period_summary,baseline,object_event,posterior_object_state,23,123,0.37636879452880934,,,,,,
epoch_period_summary,baseline,object_event,posterior_object_state,24,124,-0.21008258882882735,,,,,,
epoch_period_summary,baseline,object_event,posterior_object_state,25,125,0.10317110836734834,,,,,,
epoch_period_summary,baseline,object_event,posterior_object_state,26,126,-0.11595461356570504,,,,,,
epoch_period_summary,baseline,object_event,posterior_object_state,27,127,-0.15449170748015034,,,,,,
epoch_period_summary,baseline,object_event,posterior_object_state,28,128,0.4214190019278946,,,,,,
epoch_period_summary,baseline,object_event,posterior_object_state,29,129,-0.39672259255025893,,,,,,
epoch_period_summary,baseline,object_free,signed_visual_innovation,0,100,-0.006968542934528156,,,,,,
epoch_period_summary,baseline,object_free,signed_visual_innovation,1,101,-0.003262840907474272,,,,,,
epoch_period_summary,baseline,object_free,signed_visual_innovation,2,102,0.0017730419208681503,,,,,,
epoch_period_summary,baseline,object_free,signed_visual_innovation,3,103,0.0022704638928800307,,,,,,
epoch_period_summary,baseline,object_free,signed_visual_innovation,4,104,-0.015406006448112386,,,,,,
epoch_period_summary,baseline,object_free,signed_visual_innovation,5,105,-0.0004301177972800994,,,,,,
epoch_period_summary,baseline,object_free,signed_visual_innovation,6,106,-0.0013060119800198588,,,,,,
epoch_period_summary,baseline,object_free,signed_visual_innovation,7,107,0.004241219170905798,,,,,,
epoch_period_summary,baseline,object_free,signed_visual_innovation,8,108,-0.0021692090778991993,,,,,,
epoch_period_summary,baseline,object_free,signed_visual_innovation,9,109,-0.007155233598416955,,,,,,
epoch_period_summary,baseline,object_free,signed_visual_innovation,10,110,0.003968557733163029,,,,,,
epoch_period_summary,baseline,object_free,signed_visual_innovation,11,111,-0.0007026489499057509,,,,,,
epoch_period_summary,baseline,object_free,signed_visual_innovation,12,112,-0.0025405246990722065,,,,,,
epoch_period_summary,baseline,object_free,signed_visual_innovation,13,113,-0.0076318227440779225,,,,,,
epoch_period_summary,baseline,object_free,signed_visual_innovation,14,114,-0.004613646248938826,,,,,,
epoch_period_summary,baseline,object_free,signed_visual_innovation,15,115,-0.00216494336101717,,,,,,
epoch_period_summary,baseline,object_free,signed_visual_innovation,16,116,0.0030335970133664506,,,,,,
epoch_period_summary,baseline,object_free,signed_visual_innovation,17,117,0.0017413310161258654,,,,,,
epoch_period_summary,baseline,object_free,signed_visual_innovation,18,118,-0.002702919973096216,,,,,,
epoch_period_summary,baseline,object_free,signed_visual_innovation,19,119,0.004698851071015761,,,,,,
epoch_period_summary,baseline,object_free,signed_visual_innovation,20,120,-0.006362728623181548,,,,,,
epoch_period_summary,baseline,object_free,signed_visual_innovation,21,121,-0.00285230285857358,,,,,,
epoch_period_summary,baseline,object_free,signed_visual_innovation,22,122,-0.005256943659988965,,,,,,
epoch_period_summary,baseline,object_free,signed_visual_innovation,23,123,-0.006615194873620064,,,,,,
epoch_period_summary,baseline,object_free,signed_visual_innovation,24,124,-0.0010150232579191965,,,,,,
epoch_period_summary,baseline,object_free,signed_visual_innovation,25,125,0.0001110042073591498,,,,,,
epoch_period_summary,baseline,object_free,signed_visual_innovation,26,126,-0.0015967761205156856,,,,,,
epoch_period_summary,baseline,object_free,signed_visual_innovation,27,127,0.003286999952764317,,,,,,
epoch_period_summary,baseline,object_free,signed_visual_innovation,28,128,-0.0074497512801910085,,,,,,
epoch_period_summary,baseline,object_free,signed_visual_innovation,29,129,0.004529286032574759,,,,,,
epoch_period_summary,baseline,object_free,absolute_visual_innovation,0,100,0.07372267396088542,,,,,,
epoch_period_summary,baseline,object_free,absolute_visual_innovation,1,101,0.07864338409087103,,,,,,
epoch_period_summary,baseline,object_free,absolute_visual_innovation,2,102,0.07232061527501442,,,,,,
epoch_period_summary,baseline,object_free,absolute_visual_innovation,3,103,0.07128363473139944,,,,,,
epoch_period_summary,baseline,object_free,absolute_visual_innovation,4,104,0.07555197216792163,,,,,,
epoch_period_summary,baseline,object_free,absolute_visual_innovation,5,105,0.07569181001964818,,,,,,
epoch_period_summary,baseline,object_free,absolute_visual_innovation,6,106,0.07514650067223909,,,,,,
epoch_period_summary,baseline,object_free,absolute_visual_innovation,7,107,0.07346301354769741,,,,,,
epoch_period_summary,baseline,object_free,absolute_visual_innovation,8,108,0.07132230054126877,,,,,,
epoch_period_summary,baseline,object_free,absolute_visual_innovation,9,109,0.07563054685665256,,,,,,
epoch_period_summary,baseline,object_free,absolute_visual_innovation,10,110,0.07298339108539068,,,,,,
epoch_period_summary,baseline,object_free,absolute_visual_innovation,11,111,0.07395861475341105,,,,,,
epoch_period_summary,baseline,object_free,absolute_visual_innovation,12,112,0.07100418150341181,,,,,,
epoch_period_summary,baseline,object_free,absolute_visual_innovation,13,113,0.07483994293538898,,,,,,
epoch_period_summary,baseline,object_free,absolute_visual_innovation,14,114,0.07903685339130243,,,,,,
epoch_period_summary,baseline,object_free,absolute_visual_innovation,15,115,0.07324390944463183,,,,,,
epoch_period_summary,baseline,object_free,absolute_visual_innovation,16,116,0.07201665788801427,,,,,,
epoch_period_summary,baseline,object_free,absolute_visual_innovation,17,117,0.07748993519638497,,,,,,
epoch_period_summary,baseline,object_free,absolute_visual_innovation,18,118,0.07394011059345922,,,,,,
epoch_period_summary,baseline,object_free,absolute_visual_innovation,19,119,0.07221660245306127,,,,,,
epoch_period_summary,baseline,object_free,absolute_visual_innovation,20,120,0.07456354565229562,,,,,,
epoch_period_summary,baseline,object_free,absolute_visual_innovation,21,121,0.07562492727690512,,,,,,
epoch_period_summary,baseline,object_free,absolute_visual_innovation,22,122,0.0769692288552822,,,,,,
epoch_period_summary,baseline,object_free,absolute_visual_innovation,23,123,0.07302351567827967,,,,,,
epoch_period_summary,baseline,object_free,absolute_visual_innovation,24,124,0.07195884545741729,,,,,,
epoch_period_summary,baseline,object_free,absolute_visual_innovation,25,125,0.0777896752716209,,,,,,
epoch_period_summary,baseline,object_free,absolute_visual_innovation,26,126,0.07806880520503716,,,,,,
epoch_period_summary,baseline,object_free,absolute_visual_innovation,27,127,0.07421582691747987,,,,,,
epoch_period_summary,baseline,object_free,absolute_visual_innovation,28,128,0.07125413021387864,,,,,,
epoch_period_summary,baseline,object_free,absolute_visual_innovation,29,129,0.07540626165831558,,,,,,
epoch_period_summary,baseline,object_free,object_kalman_gain,0,100,0.2780516029178253,,,,,,
epoch_period_summary,baseline,object_free,object_kalman_gain,1,101,0.27816782609380375,,,,,,
epoch_period_summary,baseline,object_free,object_kalman_gain,2,102,0.27811728978082273,,,,,,
epoch_period_summary,baseline,object_free,object_kalman_gain,3,103,0.27817203095352233,,,,,,
epoch_period_summary,baseline,object_free,object_kalman_gain,4,104,0.2781675044660133,,,,,,
epoch_period_summary,baseline,object_free,object_kalman_gain,5,105,0.2781728119289683,,,,,,
epoch_period_summary,baseline,object_free,object_kalman_gain,6,106,0.2781604101362682,,,,,,
epoch_period_summary,baseline,object_free,object_kalman_gain,7,107,0.2781123204036893,,,,,,
epoch_period_summary,baseline,object_free,object_kalman_gain,8,108,0.27813122208140756,,,,,,
epoch_period_summary,baseline,object_free,object_kalman_gain,9,109,0.2779520930867451,,,,,,
epoch_period_summary,baseline,object_free,object_kalman_gain,10,110,0.2780025105894162,,,,,,
epoch_period_summary,baseline,object_free,object_kalman_gain,11,111,0.2781751152352345,,,,,,
epoch_period_summary,baseline,object_free,object_kalman_gain,12,112,0.2780713299260156,,,,,,
epoch_period_summary,baseline,object_free,object_kalman_gain,13,113,0.2781772021728379,,,,,,
epoch_period_summary,baseline,object_free,object_kalman_gain,14,114,0.27817384607000134,,,,,,
epoch_period_summary,baseline,object_free,object_kalman_gain,15,115,0.27807357936173693,,,,,,
epoch_period_summary,baseline,object_free,object_kalman_gain,16,116,0.2780465324079312,,,,,,
epoch_period_summary,baseline,object_free,object_kalman_gain,17,117,0.278165985313357,,,,,,
epoch_period_summary,baseline,object_free,object_kalman_gain,18,118,0.27816863858404156,,,,,,
epoch_period_summary,baseline,object_free,object_kalman_gain,19,119,0.27818042674145926,,,,,,
epoch_period_summary,baseline,object_free,object_kalman_gain,20,120,0.2780719367480164,,,,,,
epoch_period_summary,baseline,object_free,object_kalman_gain,21,121,0.2781482731223163,,,,,,
epoch_period_summary,baseline,object_free,object_kalman_gain,22,122,0.2779972450582004,,,,,,
epoch_period_summary,baseline,object_free,object_kalman_gain,23,123,0.2781136426541705,,,,,,
epoch_period_summary,baseline,object_free,object_kalman_gain,24,124,0.27787713763849653,,,,,,
epoch_period_summary,baseline,object_free,object_kalman_gain,25,125,0.278173133717969,,,,,,
epoch_period_summary,baseline,object_free,object_kalman_gain,26,126,0.27808109835232103,,,,,,
epoch_period_summary,baseline,object_free,object_kalman_gain,27,127,0.2781267530059414,,,,,,
epoch_period_summary,baseline,object_free,object_kalman_gain,28,128,0.2778578212365331,,,,,,
epoch_period_summary,baseline,object_free,object_kalman_gain,29,129,0.2781817152457452,,,,,,
epoch_period_summary,baseline,object_free,signed_object_correction,0,100,-0.0019696919273197605,,,,,,
epoch_period_summary,baseline,object_free,signed_object_correction,1,101,-0.000693103624680001,,,,,,
epoch_period_summary,baseline,object_free,signed_object_correction,2,102,0.0005759703564256523,,,,,,
epoch_period_summary,baseline,object_free,signed_object_correction,3,103,0.000757628384410622,,,,,,
epoch_period_summary,baseline,object_free,signed_object_correction,4,104,-0.004222115938209875,,,,,,
epoch_period_summary,baseline,object_free,signed_object_correction,5,105,-0.00014035229339445717,,,,,,
epoch_period_summary,baseline,object_free,signed_object_correction,6,106,-0.00022572678711756588,,,,,,
epoch_period_summary,baseline,object_free,signed_object_correction,7,107,0.0012041470737489623,,,,,,
epoch_period_summary,baseline,object_free,signed_object_correction,8,108,-0.0006575870885256996,,,,,,
epoch_period_summary,baseline,object_free,signed_object_correction,9,109,-0.002054722101643254,,,,,,
epoch_period_summary,baseline,object_free,signed_object_correction,10,110,0.0011002905061982579,,,,,,
epoch_period_summary,baseline,object_free,signed_object_correction,11,111,-0.00016282480390152429,,,,,,
epoch_period_summary,baseline,object_free,signed_object_correction,12,112,-0.0007304514021209928,,,,,,
epoch_period_summary,baseline,object_free,signed_object_correction,13,113,-0.002059481347822236,,,,,,
epoch_period_summary,baseline,object_free,signed_object_correction,14,114,-0.0013608434246469249,,,,,,
epoch_period_summary,baseline,object_free,signed_object_correction,15,115,-0.0002917836431364165,,,,,,
epoch_period_summary,baseline,object_free,signed_object_correction,16,116,0.0007733071551679643,,,,,,
epoch_period_summary,baseline,object_free,signed_object_correction,17,117,0.0005739755628418219,,,,,,
epoch_period_summary,baseline,object_free,signed_object_correction,18,118,-0.000883552742646884,,,,,,
epoch_period_summary,baseline,object_free,signed_object_correction,19,119,0.0013802308787015845,,,,,,
epoch_period_summary,baseline,object_free,signed_object_correction,20,120,-0.0017282490614731734,,,,,,
epoch_period_summary,baseline,object_free,signed_object_correction,21,121,-0.0008542930454090466,,,,,,
epoch_period_summary,baseline,object_free,signed_object_correction,22,122,-0.0015874473112324418,,,,,,
epoch_period_summary,baseline,object_free,signed_object_correction,23,123,-0.0017969149540966367,,,,,,
epoch_period_summary,baseline,object_free,signed_object_correction,24,124,-0.00013262536063281748,,,,,,
epoch_period_summary,baseline,object_free,signed_object_correction,25,125,0.00019324256011140384,,,,,,
epoch_period_summary,baseline,object_free,signed_object_correction,26,126,-0.00021306871806799947,,,,,,
epoch_period_summary,baseline,object_free,signed_object_correction,27,127,0.000992762112906806,,,,,,
epoch_period_summary,baseline,object_free,signed_object_correction,28,128,-0.0020593592758824464,,,,,,
epoch_period_summary,baseline,object_free,signed_object_correction,29,129,0.001276353457689738,,,,,,
epoch_period_summary,baseline,object_free,absolute_object_correction,0,100,0.020456751535654613,,,,,,
epoch_period_summary,baseline,object_free,absolute_object_correction,1,101,0.02194701367175891,,,,,,
epoch_period_summary,baseline,object_free,absolute_object_correction,2,102,0.02012326256887581,,,,,,
epoch_period_summary,baseline,object_free,absolute_object_correction,3,103,0.019945171619610822,,,,,,
epoch_period_summary,baseline,object_free,absolute_object_correction,4,104,0.0210360284460165,,,,,,
epoch_period_summary,baseline,object_free,absolute_object_correction,5,105,0.020981001111659993,,,,,,
epoch_period_summary,baseline,object_free,absolute_object_correction,6,106,0.020925609596925777,,,,,,
epoch_period_summary,baseline,object_free,absolute_object_correction,7,107,0.02033593968561641,,,,,,
epoch_period_summary,baseline,object_free,absolute_object_correction,8,108,0.01984926846811907,,,,,,
epoch_period_summary,baseline,object_free,absolute_object_correction,9,109,0.021030242598626056,,,,,,
epoch_period_summary,baseline,object_free,absolute_object_correction,10,110,0.020198680507217515,,,,,,
epoch_period_summary,baseline,object_free,absolute_object_correction,11,111,0.02068309433412761,,,,,,
epoch_period_summary,baseline,object_free,absolute_object_correction,12,112,0.01982785146779134,,,,,,
epoch_period_summary,baseline,object_free,absolute_object_correction,13,113,0.020757641224400554,,,,,,
epoch_period_summary,baseline,object_free,absolute_object_correction,14,114,0.02200596543872228,,,,,,
epoch_period_summary,baseline,object_free,absolute_object_correction,15,115,0.02056026075365822,,,,,,
epoch_period_summary,baseline,object_free,absolute_object_correction,16,116,0.019987565527797384,,,,,,
epoch_period_summary,baseline,object_free,absolute_object_correction,17,117,0.021598141745071034,,,,,,
epoch_period_summary,baseline,object_free,absolute_object_correction,18,118,0.020640211153233855,,,,,,
epoch_period_summary,baseline,object_free,absolute_object_correction,19,119,0.020113474756196757,,,,,,
epoch_period_summary,baseline,object_free,absolute_object_correction,20,120,0.02075204041962617,,,,,,
epoch_period_summary,baseline,object_free,absolute_object_correction,21,121,0.02108248489707561,,,,,,
epoch_period_summary,baseline,object_free,absolute_object_correction,22,122,0.02154891898833775,,,,,,
epoch_period_summary,baseline,object_free,absolute_object_correction,23,123,0.02028051558266077,,,,,,
epoch_period_summary,baseline,object_free,absolute_object_correction,24,124,0.020024995024128998,,,,,,
epoch_period_summary,baseline,object_free,absolute_object_correction,25,125,0.021749210658078024,,,,,,
epoch_period_summary,baseline,object_free,absolute_object_correction,26,126,0.02192302007447543,,,,,,
epoch_period_summary,baseline,object_free,absolute_object_correction,27,127,0.020580054769923545,,,,,,
epoch_period_summary,baseline,object_free,absolute_object_correction,28,128,0.01972239115900685,,,,,,
epoch_period_summary,baseline,object_free,absolute_object_correction,29,129,0.02103384568957553,,,,,,
epoch_period_summary,baseline,object_free,previsual_object_state,0,100,0.001527017394087854,,,,,,
epoch_period_summary,baseline,object_free,previsual_object_state,1,101,-0.00496690125965675,,,,,,
epoch_period_summary,baseline,object_free,previsual_object_state,2,102,0.01335495198915917,,,,,,
epoch_period_summary,baseline,object_free,previsual_object_state,3,103,-0.018269834182649252,,,,,,
epoch_period_summary,baseline,object_free,previsual_object_state,4,104,-0.005520118669313411,,,,,,
epoch_period_summary,baseline,object_free,previsual_object_state,5,105,-0.010286310063123999,,,,,,
epoch_period_summary,baseline,object_free,previsual_object_state,6,106,0.01106616574654748,,,,,,
epoch_period_summary,baseline,object_free,previsual_object_state,7,107,0.00394826523173908,,,,,,
epoch_period_summary,baseline,object_free,previsual_object_state,8,108,0.0037696181348306533,,,,,,
epoch_period_summary,baseline,object_free,previsual_object_state,9,109,0.0017712775916231588,,,,,,
epoch_period_summary,baseline,object_free,previsual_object_state,10,110,-0.00029843858767820855,,,,,,
epoch_period_summary,baseline,object_free,previsual_object_state,11,111,-0.01003340077408266,,,,,,
epoch_period_summary,baseline,object_free,previsual_object_state,12,112,-0.00660577647811404,,,,,,
epoch_period_summary,baseline,object_free,previsual_object_state,13,113,-0.01877016860074943,,,,,,
epoch_period_summary,baseline,object_free,previsual_object_state,14,114,0.0021327465400785093,,,,,,
epoch_period_summary,baseline,object_free,previsual_object_state,15,115,-0.011166753612772818,,,,,,
epoch_period_summary,baseline,object_free,previsual_object_state,16,116,-0.002906290428220243,,,,,,
epoch_period_summary,baseline,object_free,previsual_object_state,17,117,-0.006314777250828605,,,,,,
epoch_period_summary,baseline,object_free,previsual_object_state,18,118,-0.00947682612131151,,,,,,
epoch_period_summary,baseline,object_free,previsual_object_state,19,119,-0.003475172745259365,,,,,,
epoch_period_summary,baseline,object_free,previsual_object_state,20,120,-0.011415102552661418,,,,,,
epoch_period_summary,baseline,object_free,previsual_object_state,21,121,-0.015656394597846637,,,,,,
epoch_period_summary,baseline,object_free,previsual_object_state,22,122,-0.0007367549544520655,,,,,,
epoch_period_summary,baseline,object_free,previsual_object_state,23,123,0.005459632401564824,,,,,,
epoch_period_summary,baseline,object_free,previsual_object_state,24,124,-0.012131402804037586,,,,,,
epoch_period_summary,baseline,object_free,previsual_object_state,25,125,-0.0007106676203853038,,,,,,
epoch_period_summary,baseline,object_free,previsual_object_state,26,126,-0.0023224374952481434,,,,,,
epoch_period_summary,baseline,object_free,previsual_object_state,27,127,-3.928031935651865e-06,,,,,,
epoch_period_summary,baseline,object_free,previsual_object_state,28,128,-0.003670249830305832,,,,,,
epoch_period_summary,baseline,object_free,previsual_object_state,29,129,-0.013246428524859195,,,,,,
epoch_period_summary,baseline,object_free,posterior_object_state,0,100,-0.0004426745332319055,,,,,,
epoch_period_summary,baseline,object_free,posterior_object_state,1,101,-0.005660004884336749,,,,,,
epoch_period_summary,baseline,object_free,posterior_object_state,2,102,0.013930922345584825,,,,,,
epoch_period_summary,baseline,object_free,posterior_object_state,3,103,-0.017512205798238624,,,,,,
epoch_period_summary,baseline,object_free,posterior_object_state,4,104,-0.009742234607523284,,,,,,
epoch_period_summary,baseline,object_free,posterior_object_state,5,105,-0.010426662356518457,,,,,,
epoch_period_summary,baseline,object_free,posterior_object_state,6,106,0.010840438959429913,,,,,,
epoch_period_summary,baseline,object_free,posterior_object_state,7,107,0.0051524123054880406,,,,,,
epoch_period_summary,baseline,object_free,posterior_object_state,8,108,0.0031120310463049533,,,,,,
epoch_period_summary,baseline,object_free,posterior_object_state,9,109,-0.00028344451002009646,,,,,,
epoch_period_summary,baseline,object_free,posterior_object_state,10,110,0.0008018519185200496,,,,,,
epoch_period_summary,baseline,object_free,posterior_object_state,11,111,-0.01019622557798419,,,,,,
epoch_period_summary,baseline,object_free,posterior_object_state,12,112,-0.007336227880235036,,,,,,
epoch_period_summary,baseline,object_free,posterior_object_state,13,113,-0.020829649948571664,,,,,,
epoch_period_summary,baseline,object_free,posterior_object_state,14,114,0.000771903115431585,,,,,,
epoch_period_summary,baseline,object_free,posterior_object_state,15,115,-0.011458537255909234,,,,,,
epoch_period_summary,baseline,object_free,posterior_object_state,16,116,-0.0021329832730522798,,,,,,
epoch_period_summary,baseline,object_free,posterior_object_state,17,117,-0.005740801687986786,,,,,,
epoch_period_summary,baseline,object_free,posterior_object_state,18,118,-0.010360378863958393,,,,,,
epoch_period_summary,baseline,object_free,posterior_object_state,19,119,-0.00209494186655778,,,,,,
epoch_period_summary,baseline,object_free,posterior_object_state,20,120,-0.013143351614134593,,,,,,
epoch_period_summary,baseline,object_free,posterior_object_state,21,121,-0.01651068764325568,,,,,,
epoch_period_summary,baseline,object_free,posterior_object_state,22,122,-0.002324202265684508,,,,,,
epoch_period_summary,baseline,object_free,posterior_object_state,23,123,0.0036627174474681864,,,,,,
epoch_period_summary,baseline,object_free,posterior_object_state,24,124,-0.0122640281646704,,,,,,
epoch_period_summary,baseline,object_free,posterior_object_state,25,125,-0.0005174250602738972,,,,,,
epoch_period_summary,baseline,object_free,posterior_object_state,26,126,-0.002535506213316143,,,,,,
epoch_period_summary,baseline,object_free,posterior_object_state,27,127,0.0009888340809711532,,,,,,
epoch_period_summary,baseline,object_free,posterior_object_state,28,128,-0.005729609106188279,,,,,,
epoch_period_summary,baseline,object_free,posterior_object_state,29,129,-0.011970075067169458,,,,,,
epoch_period_summary,reduced_reliability,object_event,signed_visual_innovation,0,100,-0.03463967636381915,,,,,,
epoch_period_summary,reduced_reliability,object_event,signed_visual_innovation,1,101,0.003809052685402564,,,,,,
epoch_period_summary,reduced_reliability,object_event,signed_visual_innovation,2,102,-0.02071008305118125,,,,,,
epoch_period_summary,reduced_reliability,object_event,signed_visual_innovation,3,103,-0.0013843998832021975,,,,,,
epoch_period_summary,reduced_reliability,object_event,signed_visual_innovation,4,104,0.005310164700532847,,,,,,
epoch_period_summary,reduced_reliability,object_event,signed_visual_innovation,5,105,-0.00730402470540293,,,,,,
epoch_period_summary,reduced_reliability,object_event,signed_visual_innovation,6,106,0.011175075622210899,,,,,,
epoch_period_summary,reduced_reliability,object_event,signed_visual_innovation,7,107,-0.023450003630060074,,,,,,
epoch_period_summary,reduced_reliability,object_event,signed_visual_innovation,8,108,0.015149592514378819,,,,,,
epoch_period_summary,reduced_reliability,object_event,signed_visual_innovation,9,109,-0.00036624364163102905,,,,,,
epoch_period_summary,reduced_reliability,object_event,signed_visual_innovation,10,110,0.0034713594114314066,,,,,,
epoch_period_summary,reduced_reliability,object_event,signed_visual_innovation,11,111,0.00559408024231674,,,,,,
epoch_period_summary,reduced_reliability,object_event,signed_visual_innovation,12,112,-0.02735745733588798,,,,,,
epoch_period_summary,reduced_reliability,object_event,signed_visual_innovation,13,113,0.02229664785270539,,,,,,
epoch_period_summary,reduced_reliability,object_event,signed_visual_innovation,14,114,0.0045542525439387265,,,,,,
epoch_period_summary,reduced_reliability,object_event,signed_visual_innovation,15,115,0.013071517133093472,,,,,,
epoch_period_summary,reduced_reliability,object_event,signed_visual_innovation,16,116,-0.015109743584516853,,,,,,
epoch_period_summary,reduced_reliability,object_event,signed_visual_innovation,17,117,-0.021351837786667216,,,,,,
epoch_period_summary,reduced_reliability,object_event,signed_visual_innovation,18,118,-0.013098009303615866,,,,,,
epoch_period_summary,reduced_reliability,object_event,signed_visual_innovation,19,119,0.029612482357825966,,,,,,
epoch_period_summary,reduced_reliability,object_event,signed_visual_innovation,20,120,-0.003373534036814766,,,,,,
epoch_period_summary,reduced_reliability,object_event,signed_visual_innovation,21,121,-0.0019525508063164925,,,,,,
epoch_period_summary,reduced_reliability,object_event,signed_visual_innovation,22,122,0.0186413883254359,,,,,,
epoch_period_summary,reduced_reliability,object_event,signed_visual_innovation,23,123,0.010330867588418351,,,,,,
epoch_period_summary,reduced_reliability,object_event,signed_visual_innovation,24,124,-0.008424038605825517,,,,,,
epoch_period_summary,reduced_reliability,object_event,signed_visual_innovation,25,125,-0.021946113329281224,,,,,,
epoch_period_summary,reduced_reliability,object_event,signed_visual_innovation,26,126,-0.0146555889643323,,,,,,
epoch_period_summary,reduced_reliability,object_event,signed_visual_innovation,27,127,0.011697438920530726,,,,,,
epoch_period_summary,reduced_reliability,object_event,signed_visual_innovation,28,128,-0.008320815510137166,,,,,,
epoch_period_summary,reduced_reliability,object_event,signed_visual_innovation,29,129,0.009820839570066717,,,,,,
epoch_period_summary,reduced_reliability,object_event,absolute_visual_innovation,0,100,0.08191964468972669,,,,,,
epoch_period_summary,reduced_reliability,object_event,absolute_visual_innovation,1,101,0.08250578360675788,,,,,,
epoch_period_summary,reduced_reliability,object_event,absolute_visual_innovation,2,102,0.07659042830819718,,,,,,
epoch_period_summary,reduced_reliability,object_event,absolute_visual_innovation,3,103,0.0803162864111175,,,,,,
epoch_period_summary,reduced_reliability,object_event,absolute_visual_innovation,4,104,0.07328635995657322,,,,,,
epoch_period_summary,reduced_reliability,object_event,absolute_visual_innovation,5,105,0.09017371531079345,,,,,,
epoch_period_summary,reduced_reliability,object_event,absolute_visual_innovation,6,106,0.07293339604887426,,,,,,
epoch_period_summary,reduced_reliability,object_event,absolute_visual_innovation,7,107,0.0927700752739353,,,,,,
epoch_period_summary,reduced_reliability,object_event,absolute_visual_innovation,8,108,0.08872338487637738,,,,,,
epoch_period_summary,reduced_reliability,object_event,absolute_visual_innovation,9,109,0.08149476976994055,,,,,,
epoch_period_summary,reduced_reliability,object_event,absolute_visual_innovation,10,110,0.07118852625162161,,,,,,
epoch_period_summary,reduced_reliability,object_event,absolute_visual_innovation,11,111,0.08867241814568105,,,,,,
epoch_period_summary,reduced_reliability,object_event,absolute_visual_innovation,12,112,0.09225774284716037,,,,,,
epoch_period_summary,reduced_reliability,object_event,absolute_visual_innovation,13,113,0.08325003738292638,,,,,,
epoch_period_summary,reduced_reliability,object_event,absolute_visual_innovation,14,114,0.08067499144478871,,,,,,
epoch_period_summary,reduced_reliability,object_event,absolute_visual_innovation,15,115,0.09119873152914243,,,,,,
epoch_period_summary,reduced_reliability,object_event,absolute_visual_innovation,16,116,0.0833644809303137,,,,,,
epoch_period_summary,reduced_reliability,object_event,absolute_visual_innovation,17,117,0.08540572017236614,,,,,,
epoch_period_summary,reduced_reliability,object_event,absolute_visual_innovation,18,118,0.0819950483966645,,,,,,
epoch_period_summary,reduced_reliability,object_event,absolute_visual_innovation,19,119,0.08654829372982359,,,,,,
epoch_period_summary,reduced_reliability,object_event,absolute_visual_innovation,20,120,0.07998041982613537,,,,,,
epoch_period_summary,reduced_reliability,object_event,absolute_visual_innovation,21,121,0.08217683539920653,,,,,,
epoch_period_summary,reduced_reliability,object_event,absolute_visual_innovation,22,122,0.0895975189800898,,,,,,
epoch_period_summary,reduced_reliability,object_event,absolute_visual_innovation,23,123,0.07698344298973332,,,,,,
epoch_period_summary,reduced_reliability,object_event,absolute_visual_innovation,24,124,0.08487003495455193,,,,,,
epoch_period_summary,reduced_reliability,object_event,absolute_visual_innovation,25,125,0.07777410933226966,,,,,,
epoch_period_summary,reduced_reliability,object_event,absolute_visual_innovation,26,126,0.07308690758777364,,,,,,
epoch_period_summary,reduced_reliability,object_event,absolute_visual_innovation,27,127,0.09302604845999989,,,,,,
epoch_period_summary,reduced_reliability,object_event,absolute_visual_innovation,28,128,0.0832507040077252,,,,,,
epoch_period_summary,reduced_reliability,object_event,absolute_visual_innovation,29,129,0.07543157460612096,,,,,,
epoch_period_summary,reduced_reliability,object_event,object_kalman_gain,0,100,0.26312011977074357,,,,,,
epoch_period_summary,reduced_reliability,object_event,object_kalman_gain,1,101,0.26296047232914316,,,,,,
epoch_period_summary,reduced_reliability,object_event,object_kalman_gain,2,102,0.26302394575453014,,,,,,
epoch_period_summary,reduced_reliability,object_event,object_kalman_gain,3,103,0.2631327285318428,,,,,,
epoch_period_summary,reduced_reliability,object_event,object_kalman_gain,4,104,0.2630070182692201,,,,,,
epoch_period_summary,reduced_reliability,object_event,object_kalman_gain,5,105,0.26299710793773695,,,,,,
epoch_period_summary,reduced_reliability,object_event,object_kalman_gain,6,106,0.2630289528187887,,,,,,
epoch_period_summary,reduced_reliability,object_event,object_kalman_gain,7,107,0.26308385807653867,,,,,,
epoch_period_summary,reduced_reliability,object_event,object_kalman_gain,8,108,0.26304859015500176,,,,,,
epoch_period_summary,reduced_reliability,object_event,object_kalman_gain,9,109,0.262953337661245,,,,,,
epoch_period_summary,reduced_reliability,object_event,object_kalman_gain,10,110,0.2630026663744094,,,,,,
epoch_period_summary,reduced_reliability,object_event,object_kalman_gain,11,111,0.2630240239704524,,,,,,
epoch_period_summary,reduced_reliability,object_event,object_kalman_gain,12,112,0.26314622431912943,,,,,,
epoch_period_summary,reduced_reliability,object_event,object_kalman_gain,13,113,0.2630483497735435,,,,,,
epoch_period_summary,reduced_reliability,object_event,object_kalman_gain,14,114,0.2630521797514188,,,,,,
epoch_period_summary,reduced_reliability,object_event,object_kalman_gain,15,115,0.26293276995265596,,,,,,
epoch_period_summary,reduced_reliability,object_event,object_kalman_gain,16,116,0.26309801220099893,,,,,,
epoch_period_summary,reduced_reliability,object_event,object_kalman_gain,17,117,0.26297739797472197,,,,,,
epoch_period_summary,reduced_reliability,object_event,object_kalman_gain,18,118,0.263003475988362,,,,,,
epoch_period_summary,reduced_reliability,object_event,object_kalman_gain,19,119,0.26305134746482234,,,,,,
epoch_period_summary,reduced_reliability,object_event,object_kalman_gain,20,120,0.2629353431023513,,,,,,
epoch_period_summary,reduced_reliability,object_event,object_kalman_gain,21,121,0.2630299294507408,,,,,,
epoch_period_summary,reduced_reliability,object_event,object_kalman_gain,22,122,0.26313537359236594,,,,,,
epoch_period_summary,reduced_reliability,object_event,object_kalman_gain,23,123,0.2629587206498801,,,,,,
epoch_period_summary,reduced_reliability,object_event,object_kalman_gain,24,124,0.26295053346553066,,,,,,
epoch_period_summary,reduced_reliability,object_event,object_kalman_gain,25,125,0.2631038206379573,,,,,,
epoch_period_summary,reduced_reliability,object_event,object_kalman_gain,26,126,0.2630567461071694,,,,,,
epoch_period_summary,reduced_reliability,object_event,object_kalman_gain,27,127,0.26283465839316345,,,,,,
epoch_period_summary,reduced_reliability,object_event,object_kalman_gain,28,128,0.26295849836959023,,,,,,
epoch_period_summary,reduced_reliability,object_event,object_kalman_gain,29,129,0.26299775683129173,,,,,,
epoch_period_summary,reduced_reliability,object_event,signed_object_correction,0,100,-0.009115572656399286,,,,,,
epoch_period_summary,reduced_reliability,object_event,signed_object_correction,1,101,0.0009976331135400994,,,,,,
epoch_period_summary,reduced_reliability,object_event,signed_object_correction,2,102,-0.005447053474011977,,,,,,
epoch_period_summary,reduced_reliability,object_event,signed_object_correction,3,103,-0.00036449766013272,,,,,,
epoch_period_summary,reduced_reliability,object_event,signed_object_correction,4,104,0.0013946406410882378,,,,,,
epoch_period_summary,reduced_reliability,object_event,signed_object_correction,5,105,-0.0019354795111087475,,,,,,
epoch_period_summary,reduced_reliability,object_event,signed_object_correction,6,106,0.0029403399642056374,,,,,,
epoch_period_summary,reduced_reliability,object_event,signed_object_correction,7,107,-0.00618579234224472,,,,,,
epoch_period_summary,reduced_reliability,object_event,signed_object_correction,8,108,0.004000255544740698,,,,,,
epoch_period_summary,reduced_reliability,object_event,signed_object_correction,9,109,-9.856654219753262e-05,,,,,,
epoch_period_summary,reduced_reliability,object_event,signed_object_correction,10,110,0.0009119564491891107,,,,,,
epoch_period_summary,reduced_reliability,object_event,signed_object_correction,11,111,0.0014794784848074206,,,,,,
epoch_period_summary,reduced_reliability,object_event,signed_object_correction,12,112,-0.007195639072058347,,,,,,
epoch_period_summary,reduced_reliability,object_event,signed_object_correction,13,113,0.005865376111887364,,,,,,
epoch_period_summary,reduced_reliability,object_event,signed_object_correction,14,114,0.001196474031242551,,,,,,
epoch_period_summary,reduced_reliability,object_event,signed_object_correction,15,115,0.003435072740557482,,,,,,
epoch_period_summary,reduced_reliability,object_event,signed_object_correction,16,116,-0.003973063485521657,,,,,,
epoch_period_summary,reduced_reliability,object_event,signed_object_correction,17,117,-0.0056172639499559905,,,,,,
epoch_period_summary,reduced_reliability,object_event,signed_object_correction,18,118,-0.0034471689383865456,,,,,,
epoch_period_summary,reduced_reliability,object_event,signed_object_correction,19,119,0.007779293777118241,,,,,,
epoch_period_summary,reduced_reliability,object_event,signed_object_correction,20,120,-0.0008849995297734438,,,,,,
epoch_period_summary,reduced_reliability,object_event,signed_object_correction,21,121,-0.0005103747555628826,,,,,,
epoch_period_summary,reduced_reliability,object_event,signed_object_correction,22,122,0.004907299633187762,,,,,,
epoch_period_summary,reduced_reliability,object_event,signed_object_correction,23,123,0.0027124263693783027,,,,,,
epoch_period_summary,reduced_reliability,object_event,signed_object_correction,24,124,-0.002206721840899708,,,,,,
epoch_period_summary,reduced_reliability,object_event,signed_object_correction,25,125,-0.005774049284977197,,,,,,
epoch_period_summary,reduced_reliability,object_event,signed_object_correction,26,126,-0.003852752003559473,,,,,,
epoch_period_summary,reduced_reliability,object_event,signed_object_correction,27,127,0.003061599536495677,,,,,,
epoch_period_summary,reduced_reliability,object_event,signed_object_correction,28,128,-0.0021906029434522103,,,,,,
epoch_period_summary,reduced_reliability,object_event,signed_object_correction,29,129,0.002583603368666186,,,,,,
epoch_period_summary,reduced_reliability,object_event,absolute_object_correction,0,100,0.021556696187351385,,,,,,
epoch_period_summary,reduced_reliability,object_event,absolute_object_correction,1,101,0.021697422251958868,,,,,,
epoch_period_summary,reduced_reliability,object_event,absolute_object_correction,2,102,0.020146015637707185,,,,,,
epoch_period_summary,reduced_reliability,object_event,absolute_object_correction,3,103,0.021136676355911946,,,,,,
epoch_period_summary,reduced_reliability,object_event,absolute_object_correction,4,104,0.019276228921678625,,,,,,
epoch_period_summary,reduced_reliability,object_event,absolute_object_correction,5,105,0.023717195282298882,,,,,,
epoch_period_summary,reduced_reliability,object_event,absolute_object_correction,6,106,0.01918568512969677,,,,,,
epoch_period_summary,reduced_reliability,object_event,absolute_object_correction,7,107,0.024409315789583975,,,,,,
epoch_period_summary,reduced_reliability,object_event,absolute_object_correction,8,108,0.023334455105381718,,,,,,
epoch_period_summary,reduced_reliability,object_event,absolute_object_correction,9,109,0.021428994517355138,,,,,,
epoch_period_summary,reduced_reliability,object_event,absolute_object_correction,10,110,0.018723123165992204,,,,,,
epoch_period_summary,reduced_reliability,object_event,absolute_object_correction,11,111,0.023318099914178263,,,,,,
epoch_period_summary,reduced_reliability,object_event,absolute_object_correction,12,112,0.024276635020784903,,,,,,
epoch_period_summary,reduced_reliability,object_event,absolute_object_correction,13,113,0.02189990039361651,,,,,,
epoch_period_summary,reduced_reliability,object_event,absolute_object_correction,14,114,0.02122496368197095,,,,,,
epoch_period_summary,reduced_reliability,object_event,absolute_object_correction,15,115,0.02397629418504745,,,,,,
epoch_period_summary,reduced_reliability,object_event,absolute_object_correction,16,116,0.021933881318569808,,,,,,
epoch_period_summary,reduced_reliability,object_event,absolute_object_correction,17,117,0.02245886386193323,,,,,,
epoch_period_summary,reduced_reliability,object_event,absolute_object_correction,18,118,0.02156451319021213,,,,,,
epoch_period_summary,reduced_reliability,object_event,absolute_object_correction,19,119,0.022761656096970888,,,,,,
epoch_period_summary,reduced_reliability,object_event,absolute_object_correction,20,120,0.021030695565130347,,,,,,
epoch_period_summary,reduced_reliability,object_event,absolute_object_correction,21,121,0.02161819080956827,,,,,,
epoch_period_summary,reduced_reliability,object_event,absolute_object_correction,22,122,0.023579192654507482,,,,,,
epoch_period_summary,reduced_reliability,object_event,absolute_object_correction,23,123,0.020244049567694402,,,,,,
epoch_period_summary,reduced_reliability,object_event,absolute_object_correction,24,124,0.022309075356810162,,,,,,
epoch_period_summary,reduced_reliability,object_event,absolute_object_correction,25,125,0.020462357427394363,,,,,,
epoch_period_summary,reduced_reliability,object_event,absolute_object_correction,26,126,0.019224201592891944,,,,,,
epoch_period_summary,reduced_reliability,object_event,absolute_object_correction,27,127,0.024450273159173756,,,,,,
epoch_period_summary,reduced_reliability,object_event,absolute_object_correction,28,128,0.02189247880712181,,,,,,
epoch_period_summary,reduced_reliability,object_event,absolute_object_correction,29,129,0.019839010192111366,,,,,,
epoch_period_summary,reduced_reliability,object_event,previsual_object_state,0,100,-0.40740928698999207,,,,,,
epoch_period_summary,reduced_reliability,object_event,previsual_object_state,1,101,0.09896116327101742,,,,,,
epoch_period_summary,reduced_reliability,object_event,previsual_object_state,2,102,-0.40063165903946674,,,,,,
epoch_period_summary,reduced_reliability,object_event,previsual_object_state,3,103,-0.12107052520760189,,,,,,
epoch_period_summary,reduced_reliability,object_event,previsual_object_state,4,104,0.1401578977433514,,,,,,
epoch_period_summary,reduced_reliability,object_event,previsual_object_state,5,105,-0.18116326692607798,,,,,,
epoch_period_summary,reduced_reliability,object_event,previsual_object_state,6,106,0.3909490295386762,,,,,,
epoch_period_summary,reduced_reliability,object_event,previsual_object_state,7,107,-0.07633339791646566,,,,,,
epoch_period_summary,reduced_reliability,object_event,previsual_object_state,8,108,0.1156196871940586,,,,,,
epoch_period_summary,reduced_reliability,object_event,previsual_object_state,9,109,-0.062014119915795134,,,,,,
epoch_period_summary,reduced_reliability,object_event,previsual_object_state,10,110,0.03225334745066182,,,,,,
epoch_period_summary,reduced_reliability,object_event,previsual_object_state,11,111,0.0390184117435895,,,,,,
epoch_period_summary,reduced_reliability,object_event,previsual_object_state,12,112,-0.04649887159574585,,,,,,
epoch_period_summary,reduced_reliability,object_event,previsual_object_state,13,113,0.36622965006047703,,,,,,
epoch_period_summary,reduced_reliability,object_event,previsual_object_state,14,114,0.12475432272660252,,,,,,
epoch_period_summary,reduced_reliability,object_event,previsual_object_state,15,115,0.11666110950180054,,,,,,
epoch_period_summary,reduced_reliability,object_event,previsual_object_state,16,116,-0.060060230004654346,,,,,,
epoch_period_summary,reduced_reliability,object_event,previsual_object_state,17,117,0.10277139548356211,,,,,,
epoch_period_summary,reduced_reliability,object_event,previsual_object_state,18,118,-0.17023076918487895,,,,,,
epoch_period_summary,reduced_reliability,object_event,previsual_object_state,19,119,0.2751724649399653,,,,,,
epoch_period_summary,reduced_reliability,object_event,previsual_object_state,20,120,-0.0774478854177685,,,,,,
epoch_period_summary,reduced_reliability,object_event,previsual_object_state,21,121,0.14354991744167542,,,,,,
epoch_period_summary,reduced_reliability,object_event,previsual_object_state,22,122,0.38129550339748663,,,,,,
epoch_period_summary,reduced_reliability,object_event,previsual_object_state,23,123,0.06103411375036772,,,,,,
epoch_period_summary,reduced_reliability,object_event,previsual_object_state,24,124,-0.1557800329198996,,,,,,
epoch_period_summary,reduced_reliability,object_event,previsual_object_state,25,125,-0.3878135979020659,,,,,,
epoch_period_summary,reduced_reliability,object_event,previsual_object_state,26,126,-0.33352670809230156,,,,,,
epoch_period_summary,reduced_reliability,object_event,previsual_object_state,27,127,-0.2221935291937104,,,,,,
epoch_period_summary,reduced_reliability,object_event,previsual_object_state,28,128,-0.1536180843655722,,,,,,
epoch_period_summary,reduced_reliability,object_event,previsual_object_state,29,129,-0.061869847864293864,,,,,,
epoch_period_summary,reduced_reliability,object_event,posterior_object_state,0,100,-0.41652485964639135,,,,,,
epoch_period_summary,reduced_reliability,object_event,posterior_object_state,1,101,0.09995879638455757,,,,,,
epoch_period_summary,reduced_reliability,object_event,posterior_object_state,2,102,-0.4060787125134787,,,,,,
epoch_period_summary,reduced_reliability,object_event,posterior_object_state,3,103,-0.12143502286773461,,,,,,
epoch_period_summary,reduced_reliability,object_event,posterior_object_state,4,104,0.14155253838443965,,,,,,
epoch_period_summary,reduced_reliability,object_event,posterior_object_state,5,105,-0.18309874643718674,,,,,,
epoch_period_summary,reduced_reliability,object_event,posterior_object_state,6,106,0.3938893695028818,,,,,,
epoch_period_summary,reduced_reliability,object_event,posterior_object_state,7,107,-0.0825191902587105,,,,,,
epoch_period_summary,reduced_reliability,object_event,posterior_object_state,8,108,0.11961994273879932,,,,,,
epoch_period_summary,reduced_reliability,object_event,posterior_object_state,9,109,-0.0621126864579927,,,,,,
epoch_period_summary,reduced_reliability,object_event,posterior_object_state,10,110,0.033165303899850895,,,,,,
epoch_period_summary,reduced_reliability,object_event,posterior_object_state,11,111,0.040497890228396914,,,,,,
epoch_period_summary,reduced_reliability,object_event,posterior_object_state,12,112,-0.05369451066780419,,,,,,
epoch_period_summary,reduced_reliability,object_event,posterior_object_state,13,113,0.3720950261723644,,,,,,
epoch_period_summary,reduced_reliability,object_event,posterior_object_state,14,114,0.12595079675784507,,,,,,
epoch_period_summary,reduced_reliability,object_event,posterior_object_state,15,115,0.12009618224235802,,,,,,
epoch_period_summary,reduced_reliability,object_event,posterior_object_state,16,116,-0.06403329349017602,,,,,,
epoch_period_summary,reduced_reliability,object_event,posterior_object_state,17,117,0.09715413153360611,,,,,,
epoch_period_summary,reduced_reliability,object_event,posterior_object_state,18,118,-0.1736779381232655,,,,,,
epoch_period_summary,reduced_reliability,object_event,posterior_object_state,19,119,0.2829517587170835,,,,,,
epoch_period_summary,reduced_reliability,object_event,posterior_object_state,20,120,-0.07833288494754193,,,,,,
epoch_period_summary,reduced_reliability,object_event,posterior_object_state,21,121,0.14303954268611255,,,,,,
epoch_period_summary,reduced_reliability,object_event,posterior_object_state,22,122,0.3862028030306744,,,,,,
epoch_period_summary,reduced_reliability,object_event,posterior_object_state,23,123,0.06374654011974602,,,,,,
epoch_period_summary,reduced_reliability,object_event,posterior_object_state,24,124,-0.15798675476079937,,,,,,
epoch_period_summary,reduced_reliability,object_event,posterior_object_state,25,125,-0.39358764718704303,,,,,,
epoch_period_summary,reduced_reliability,object_event,posterior_object_state,26,126,-0.33737946009586106,,,,,,
epoch_period_summary,reduced_reliability,object_event,posterior_object_state,27,127,-0.21913192965721473,,,,,,
epoch_period_summary,reduced_reliability,object_event,posterior_object_state,28,128,-0.15580868730902442,,,,,,
epoch_period_summary,reduced_reliability,object_event,posterior_object_state,29,129,-0.059286244495627693,,,,,,
epoch_period_summary,reduced_reliability,object_free,signed_visual_innovation,0,100,0.011213220978034746,,,,,,
epoch_period_summary,reduced_reliability,object_free,signed_visual_innovation,1,101,0.0003435593161419701,,,,,,
epoch_period_summary,reduced_reliability,object_free,signed_visual_innovation,2,102,0.0074344684931308596,,,,,,
epoch_period_summary,reduced_reliability,object_free,signed_visual_innovation,3,103,0.002645045276338752,,,,,,
epoch_period_summary,reduced_reliability,object_free,signed_visual_innovation,4,104,0.00015724231497425578,,,,,,
epoch_period_summary,reduced_reliability,object_free,signed_visual_innovation,5,105,0.003593792417065866,,,,,,
epoch_period_summary,reduced_reliability,object_free,signed_visual_innovation,6,106,-0.0013280055702522787,,,,,,
epoch_period_summary,reduced_reliability,object_free,signed_visual_innovation,7,107,0.007544769070415152,,,,,,
epoch_period_summary,reduced_reliability,object_free,signed_visual_innovation,8,108,-0.0024768927078785397,,,,,,
epoch_period_summary,reduced_reliability,object_free,signed_visual_innovation,9,109,0.001683940916802631,,,,,,
epoch_period_summary,reduced_reliability,object_free,signed_visual_innovation,10,110,0.0012542053559453533,,,,,,
epoch_period_summary,reduced_reliability,object_free,signed_visual_innovation,11,111,0.00031640962336182096,,,,,,
epoch_period_summary,reduced_reliability,object_free,signed_visual_innovation,12,112,0.00884192074376067,,,,,,
epoch_period_summary,reduced_reliability,object_free,signed_visual_innovation,13,113,-0.007536071265788555,,,,,,
epoch_period_summary,reduced_reliability,object_free,signed_visual_innovation,14,114,0.00024304699933573034,,,,,,
epoch_period_summary,reduced_reliability,object_free,signed_visual_innovation,15,115,-0.0007845543472995691,,,,,,
epoch_period_summary,reduced_reliability,object_free,signed_visual_innovation,16,116,0.008133719260036079,,,,,,
epoch_period_summary,reduced_reliability,object_free,signed_visual_innovation,17,117,0.010069740068605103,,,,,,
epoch_period_summary,reduced_reliability,object_free,signed_visual_innovation,18,118,0.007363233905756883,,,,,,
epoch_period_summary,reduced_reliability,object_free,signed_visual_innovation,19,119,-0.007827428728355054,,,,,,
epoch_period_summary,reduced_reliability,object_free,signed_visual_innovation,20,120,0.0036025417799872904,,,,,,
epoch_period_summary,reduced_reliability,object_free,signed_visual_innovation,21,121,0.002809102921474196,,,,,,
epoch_period_summary,reduced_reliability,object_free,signed_visual_innovation,22,122,-0.002514372089892874,,,,,,
epoch_period_summary,reduced_reliability,object_free,signed_visual_innovation,23,123,-0.0005185148280229728,,,,,,
epoch_period_summary,reduced_reliability,object_free,signed_visual_innovation,24,124,0.0053106725878438125,,,,,,
epoch_period_summary,reduced_reliability,object_free,signed_visual_innovation,25,125,0.011075647437207238,,,,,,
epoch_period_summary,reduced_reliability,object_free,signed_visual_innovation,26,126,0.004809084940667584,,,,,,
epoch_period_summary,reduced_reliability,object_free,signed_visual_innovation,27,127,-0.0016351677115623749,,,,,,
epoch_period_summary,reduced_reliability,object_free,signed_visual_innovation,28,128,0.005054537104413192,,,,,,
epoch_period_summary,reduced_reliability,object_free,signed_visual_innovation,29,129,-0.002169977848271498,,,,,,
epoch_period_summary,reduced_reliability,object_free,absolute_visual_innovation,0,100,0.07323065081068682,,,,,,
epoch_period_summary,reduced_reliability,object_free,absolute_visual_innovation,1,101,0.07440621790907222,,,,,,
epoch_period_summary,reduced_reliability,object_free,absolute_visual_innovation,2,102,0.07115666546924118,,,,,,
epoch_period_summary,reduced_reliability,object_free,absolute_visual_innovation,3,103,0.07723358007099086,,,,,,
epoch_period_summary,reduced_reliability,object_free,absolute_visual_innovation,4,104,0.07485576774978007,,,,,,
epoch_period_summary,reduced_reliability,object_free,absolute_visual_innovation,5,105,0.07229395206782013,,,,,,
epoch_period_summary,reduced_reliability,object_free,absolute_visual_innovation,6,106,0.07383142526106568,,,,,,
epoch_period_summary,reduced_reliability,object_free,absolute_visual_innovation,7,107,0.07124473956845848,,,,,,
epoch_period_summary,reduced_reliability,object_free,absolute_visual_innovation,8,108,0.07345933640172904,,,,,,
epoch_period_summary,reduced_reliability,object_free,absolute_visual_innovation,9,109,0.07214124045490855,,,,,,
epoch_period_summary,reduced_reliability,object_free,absolute_visual_innovation,10,110,0.07700933418523909,,,,,,
epoch_period_summary,reduced_reliability,object_free,absolute_visual_innovation,11,111,0.06959553613394606,,,,,,
epoch_period_summary,reduced_reliability,object_free,absolute_visual_innovation,12,112,0.07571907287951232,,,,,,
epoch_period_summary,reduced_reliability,object_free,absolute_visual_innovation,13,113,0.0801193200142462,,,,,,
epoch_period_summary,reduced_reliability,object_free,absolute_visual_innovation,14,114,0.07672247539134885,,,,,,
epoch_period_summary,reduced_reliability,object_free,absolute_visual_innovation,15,115,0.06995824600103678,,,,,,
epoch_period_summary,reduced_reliability,object_free,absolute_visual_innovation,16,116,0.07255346050732826,,,,,,
epoch_period_summary,reduced_reliability,object_free,absolute_visual_innovation,17,117,0.07041894323189186,,,,,,
epoch_period_summary,reduced_reliability,object_free,absolute_visual_innovation,18,118,0.07284140270405291,,,,,,
epoch_period_summary,reduced_reliability,object_free,absolute_visual_innovation,19,119,0.06977353145577654,,,,,,
epoch_period_summary,reduced_reliability,object_free,absolute_visual_innovation,20,120,0.0746090435146052,,,,,,
epoch_period_summary,reduced_reliability,object_free,absolute_visual_innovation,21,121,0.07234881274025824,,,,,,
epoch_period_summary,reduced_reliability,object_free,absolute_visual_innovation,22,122,0.07135449387546033,,,,,,
epoch_period_summary,reduced_reliability,object_free,absolute_visual_innovation,23,123,0.07702635454270251,,,,,,
epoch_period_summary,reduced_reliability,object_free,absolute_visual_innovation,24,124,0.07524006083947922,,,,,,
epoch_period_summary,reduced_reliability,object_free,absolute_visual_innovation,25,125,0.07284869542236999,,,,,,
epoch_period_summary,reduced_reliability,object_free,absolute_visual_innovation,26,126,0.07470283723972909,,,,,,
epoch_period_summary,reduced_reliability,object_free,absolute_visual_innovation,27,127,0.07327313707861757,,,,,,
epoch_period_summary,reduced_reliability,object_free,absolute_visual_innovation,28,128,0.07552876523945834,,,,,,
epoch_period_summary,reduced_reliability,object_free,absolute_visual_innovation,29,129,0.07383679756468585,,,,,,
epoch_period_summary,reduced_reliability,object_free,object_kalman_gain,0,100,0.26298462378078163,,,,,,
epoch_period_summary,reduced_reliability,object_free,object_kalman_gain,1,101,0.26302720886415193,,,,,,
epoch_period_summary,reduced_reliability,object_free,object_kalman_gain,2,102,0.2629933443377392,,,,,,
epoch_period_summary,reduced_reliability,object_free,object_kalman_gain,3,103,0.262973894250554,,,,,,
epoch_period_summary,reduced_reliability,object_free,object_kalman_gain,4,104,0.26299899208097754,,,,,,
epoch_period_summary,reduced_reliability,object_free,object_kalman_gain,5,105,0.2629919505879531,,,,,,
epoch_period_summary,reduced_reliability,object_free,object_kalman_gain,6,106,0.26298833620852763,,,,,,
epoch_period_summary,reduced_reliability,object_free,object_kalman_gain,7,107,0.2630264035247961,,,,,,
epoch_period_summary,reduced_reliability,object_free,object_kalman_gain,8,108,0.26302343093702485,,,,,,
epoch_period_summary,reduced_reliability,object_free,object_kalman_gain,9,109,0.2629938856433066,,,,,,
epoch_period_summary,reduced_reliability,object_free,object_kalman_gain,10,110,0.26297557953344014,,,,,,
epoch_period_summary,reduced_reliability,object_free,object_kalman_gain,11,111,0.26302552291983167,,,,,,
epoch_period_summary,reduced_reliability,object_free,object_kalman_gain,12,112,0.2630172868419408,,,,,,
epoch_period_summary,reduced_reliability,object_free,object_kalman_gain,13,113,0.26300958546696246,,,,,,
epoch_period_summary,reduced_reliability,object_free,object_kalman_gain,14,114,0.2630244896514785,,,,,,
epoch_period_summary,reduced_reliability,object_free,object_kalman_gain,15,115,0.26299626616268834,,,,,,
epoch_period_summary,reduced_reliability,object_free,object_kalman_gain,16,116,0.2629704811903166,,,,,,
epoch_period_summary,reduced_reliability,object_free,object_kalman_gain,17,117,0.26298673757376584,,,,,,
epoch_period_summary,reduced_reliability,object_free,object_kalman_gain,18,118,0.26298393642980833,,,,,,
epoch_period_summary,reduced_reliability,object_free,object_kalman_gain,19,119,0.2629819994837795,,,,,,
epoch_period_summary,reduced_reliability,object_free,object_kalman_gain,20,120,0.26299077712298585,,,,,,
epoch_period_summary,reduced_reliability,object_free,object_kalman_gain,21,121,0.2629624466436197,,,,,,
epoch_period_summary,reduced_reliability,object_free,object_kalman_gain,22,122,0.2629845654246005,,,,,,
epoch_period_summary,reduced_reliability,object_free,object_kalman_gain,23,123,0.2630190224807371,,,,,,
epoch_period_summary,reduced_reliability,object_free,object_kalman_gain,24,124,0.26297447694917175,,,,,,
epoch_period_summary,reduced_reliability,object_free,object_kalman_gain,25,125,0.26296369755902294,,,,,,
epoch_period_summary,reduced_reliability,object_free,object_kalman_gain,26,126,0.26301569417434667,,,,,,
epoch_period_summary,reduced_reliability,object_free,object_kalman_gain,27,127,0.2630257154722244,,,,,,
epoch_period_summary,reduced_reliability,object_free,object_kalman_gain,28,128,0.262943975313596,,,,,,
epoch_period_summary,reduced_reliability,object_free,object_kalman_gain,29,129,0.26299228208124376,,,,,,
epoch_period_summary,reduced_reliability,object_free,signed_object_correction,0,100,0.002947199161700163,,,,,,
epoch_period_summary,reduced_reliability,object_free,signed_object_correction,1,101,8.462748592603003e-05,,,,,,
epoch_period_summary,reduced_reliability,object_free,signed_object_correction,2,102,0.0019510614599411102,,,,,,
epoch_period_summary,reduced_reliability,object_free,signed_object_correction,3,103,0.0006961212092047765,,,,,,
epoch_period_summary,reduced_reliability,object_free,signed_object_correction,4,104,4.248759941021332e-05,,,,,,
epoch_period_summary,reduced_reliability,object_free,signed_object_correction,5,105,0.0009376215362956032,,,,,,
epoch_period_summary,reduced_reliability,object_free,signed_object_correction,6,106,-0.00035263551094321966,,,,,,
epoch_period_summary,reduced_reliability,object_free,signed_object_correction,7,107,0.0019855148948644576,,,,,,
epoch_period_summary,reduced_reliability,object_free,signed_object_correction,8,108,-0.0006501894836796789,,,,,,
epoch_period_summary,reduced_reliability,object_free,signed_object_correction,9,109,0.0004448106131052665,,,,,,
epoch_period_summary,reduced_reliability,object_free,signed_object_correction,10,110,0.00032568455793214555,,,,,,
epoch_period_summary,reduced_reliability,object_free,signed_object_correction,11,111,8.196580869049244e-05,,,,,,
epoch_period_summary,reduced_reliability,object_free,signed_object_correction,12,112,0.0023215582916091743,,,,,,
epoch_period_summary,reduced_reliability,object_free,signed_object_correction,13,113,-0.0019897661953756068,,,,,,
epoch_period_summary,reduced_reliability,object_free,signed_object_correction,14,114,6.340926197178887e-05,,,,,,
epoch_period_summary,reduced_reliability,object_free,signed_object_correction,15,115,-0.0002087292377188472,,,,,,
epoch_period_summary,reduced_reliability,object_free,signed_object_correction,16,116,0.0021403874430661472,,,,,,
epoch_period_summary,reduced_reliability,object_free,signed_object_correction,17,117,0.0026441800365058256,,,,,,
epoch_period_summary,reduced_reliability,object_free,signed_object_correction,18,118,0.0019369754277596054,,,,,,
epoch_period_summary,reduced_reliability,object_free,signed_object_correction,19,119,-0.0020633389852088503,,,,,,
epoch_period_summary,reduced_reliability,object_free,signed_object_correction,20,120,0.000948257236183652,,,,,,
epoch_period_summary,reduced_reliability,object_free,signed_object_correction,21,121,0.0007416620530911785,,,,,,
epoch_period_summary,reduced_reliability,object_free,signed_object_correction,22,122,-0.0006615019401612726,,,,,,
epoch_period_summary,reduced_reliability,object_free,signed_object_correction,23,123,-0.0001393718220649261,,,,,,
epoch_period_summary,reduced_reliability,object_free,signed_object_correction,24,124,0.001401564025925088,,,,,,
epoch_period_summary,reduced_reliability,object_free,signed_object_correction,25,125,0.0029071099414136954,,,,,,
epoch_period_summary,reduced_reliability,object_free,signed_object_correction,26,126,0.001262959049406859,,,,,,
epoch_period_summary,reduced_reliability,object_free,signed_object_correction,27,127,-0.00042879326516952806,,,,,,
epoch_period_summary,reduced_reliability,object_free,signed_object_correction,28,128,0.001323936325158832,,,,,,
epoch_period_summary,reduced_reliability,object_free,signed_object_correction,29,129,-0.0005751946148833379,,,,,,
epoch_period_summary,reduced_reliability,object_free,absolute_object_correction,0,100,0.019255801409247496,,,,,,
epoch_period_summary,reduced_reliability,object_free,absolute_object_correction,1,101,0.01957203218400127,,,,,,
epoch_period_summary,reduced_reliability,object_free,absolute_object_correction,2,102,0.01871320146392027,,,,,,
epoch_period_summary,reduced_reliability,object_free,absolute_object_correction,3,103,0.02030730733391023,,,,,,
epoch_period_summary,reduced_reliability,object_free,absolute_object_correction,4,104,0.019686078335359992,,,,,,
epoch_period_summary,reduced_reliability,object_free,absolute_object_correction,5,105,0.01901215874087108,,,,,,
epoch_period_summary,reduced_reliability,object_free,absolute_object_correction,6,106,0.019415238124529468,,,,,,
epoch_period_summary,reduced_reliability,object_free,absolute_object_correction,7,107,0.018739819293051355,,,,,,
epoch_period_summary,reduced_reliability,object_free,absolute_object_correction,8,108,0.01932408770330691,,,,,,
epoch_period_summary,reduced_reliability,object_free,absolute_object_correction,9,109,0.018970969274278427,,,,,,
epoch_period_summary,reduced_reliability,object_free,absolute_object_correction,10,110,0.02025156550835466,,,,,,
epoch_period_summary,reduced_reliability,object_free,absolute_object_correction,11,111,0.018304104335031473,,,,,,
epoch_period_summary,reduced_reliability,object_free,absolute_object_correction,12,112,0.01991354379355524,,,,,,
epoch_period_summary,reduced_reliability,object_free,absolute_object_correction,13,113,0.02107254248029634,,,,,,
epoch_period_summary,reduced_reliability,object_free,absolute_object_correction,14,114,0.020179226930056016,,,,,,
epoch_period_summary,reduced_reliability,object_free,absolute_object_correction,15,115,0.018398661893702442,,,,,,
epoch_period_summary,reduced_reliability,object_free,absolute_object_correction,16,116,0.01908280995625593,,,,,,
epoch_period_summary,reduced_reliability,object_free,absolute_object_correction,17,117,0.018522289700655524,,,,,,
epoch_period_summary,reduced_reliability,object_free,absolute_object_correction,18,118,0.019154788774294926,,,,,,
epoch_period_summary,reduced_reliability,object_free,absolute_object_correction,19,119,0.01835055460474985,,,,,,
epoch_period_summary,reduced_reliability,object_free,absolute_object_correction,20,120,0.019620355060566037,,,,,,
epoch_period_summary,reduced_reliability,object_free,absolute_object_correction,21,121,0.019025113809623635,,,,,,
epoch_period_summary,reduced_reliability,object_free,absolute_object_correction,22,122,0.018766234370689076,,,,,,
epoch_period_summary,reduced_reliability,object_free,absolute_object_correction,23,123,0.020259471921556485,,,,,,
epoch_period_summary,reduced_reliability,object_free,absolute_object_correction,24,124,0.019789056255227807,,,,,,
epoch_period_summary,reduced_reliability,object_free,absolute_object_correction,25,125,0.01915567201525143,,,,,,
epoch_period_summary,reduced_reliability,object_free,absolute_object_correction,26,126,0.019646741290743855,,,,,,
epoch_period_summary,reduced_reliability,object_free,absolute_object_correction,27,127,0.019272536552079462,,,,,,
epoch_period_summary,reduced_reliability,object_free,absolute_object_correction,28,128,0.01985643404698707,,,,,,
epoch_period_summary,reduced_reliability,object_free,absolute_object_correction,29,129,0.019419368190453905,,,,,,
epoch_period_summary,reduced_reliability,object_free,previsual_object_state,0,100,0.000559569730855242,,,,,,
epoch_period_summary,reduced_reliability,object_free,previsual_object_state,1,101,0.010585408032885091,,,,,,
epoch_period_summary,reduced_reliability,object_free,previsual_object_state,2,102,0.02552021097483524,,,,,,
epoch_period_summary,reduced_reliability,object_free,previsual_object_state,3,103,0.004381100763246607,,,,,,
epoch_period_summary,reduced_reliability,object_free,previsual_object_state,4,104,0.013115922594414652,,,,,,
epoch_period_summary,reduced_reliability,object_free,previsual_object_state,5,105,-0.0368297298936356,,,,,,
epoch_period_summary,reduced_reliability,object_free,previsual_object_state,6,106,-0.01131246373106267,,,,,,
epoch_period_summary,reduced_reliability,object_free,previsual_object_state,7,107,0.051890023458262796,,,,,,
epoch_period_summary,reduced_reliability,object_free,previsual_object_state,8,108,0.0025448282106904506,,,,,,
epoch_period_summary,reduced_reliability,object_free,previsual_object_state,9,109,0.02120476529141259,,,,,,
epoch_period_summary,reduced_reliability,object_free,previsual_object_state,10,110,-0.006719807721040284,,,,,,
epoch_period_summary,reduced_reliability,object_free,previsual_object_state,11,111,0.023655397544278183,,,,,,
epoch_period_summary,reduced_reliability,object_free,previsual_object_state,12,112,-0.00697509249914656,,,,,,
epoch_period_summary,reduced_reliability,object_free,previsual_object_state,13,113,0.004512699316945445,,,,,,
epoch_period_summary,reduced_reliability,object_free,previsual_object_state,14,114,0.040954543354631515,,,,,,
epoch_period_summary,reduced_reliability,object_free,previsual_object_state,15,115,-0.0029421521821155695,,,,,,
epoch_period_summary,reduced_reliability,object_free,previsual_object_state,16,116,0.039370264762688185,,,,,,
epoch_period_summary,reduced_reliability,object_free,previsual_object_state,17,117,0.03817046553952924,,,,,,
epoch_period_summary,reduced_reliability,object_free,previsual_object_state,18,118,0.02085196249832871,,,,,,
epoch_period_summary,reduced_reliability,object_free,previsual_object_state,19,119,0.010148086512757667,,,,,,
epoch_period_summary,reduced_reliability,object_free,previsual_object_state,20,120,0.05157553248294659,,,,,,
epoch_period_summary,reduced_reliability,object_free,previsual_object_state,21,121,0.012723377752248131,,,,,,
epoch_period_summary,reduced_reliability,object_free,previsual_object_state,22,122,0.01978395210556161,,,,,,
epoch_period_summary,reduced_reliability,object_free,previsual_object_state,23,123,-0.013797037731835817,,,,,,
epoch_period_summary,reduced_reliability,object_free,previsual_object_state,24,124,0.0007954760554995502,,,,,,
epoch_period_summary,reduced_reliability,object_free,previsual_object_state,25,125,-0.017078609583074517,,,,,,
epoch_period_summary,reduced_reliability,object_free,previsual_object_state,26,126,0.022703399944136966,,,,,,
epoch_period_summary,reduced_reliability,object_free,previsual_object_state,27,127,0.020940526529111516,,,,,,
epoch_period_summary,reduced_reliability,object_free,previsual_object_state,28,128,-0.029143834403316252,,,,,,
epoch_period_summary,reduced_reliability,object_free,previsual_object_state,29,129,0.033202788252172384,,,,,,
epoch_period_summary,reduced_reliability,object_free,posterior_object_state,0,100,0.003506768892555404,,,,,,
epoch_period_summary,reduced_reliability,object_free,posterior_object_state,1,101,0.01067003551881112,,,,,,
epoch_period_summary,reduced_reliability,object_free,posterior_object_state,2,102,0.027471272434776355,,,,,,
epoch_period_summary,reduced_reliability,object_free,posterior_object_state,3,103,0.005077221972451381,,,,,,
epoch_period_summary,reduced_reliability,object_free,posterior_object_state,4,104,0.013158410193824866,,,,,,
epoch_period_summary,reduced_reliability,object_free,posterior_object_state,5,105,-0.035892108357340004,,,,,,
epoch_period_summary,reduced_reliability,object_free,posterior_object_state,6,106,-0.011665099242005894,,,,,,
epoch_period_summary,reduced_reliability,object_free,posterior_object_state,7,107,0.05387553835312725,,,,,,
epoch_period_summary,reduced_reliability,object_free,posterior_object_state,8,108,0.0018946387270107714,,,,,,
epoch_period_summary,reduced_reliability,object_free,posterior_object_state,9,109,0.021649575904517854,,,,,,
epoch_period_summary,reduced_reliability,object_free,posterior_object_state,10,110,-0.006394123163108135,,,,,,
epoch_period_summary,reduced_reliability,object_free,posterior_object_state,11,111,0.023737363352968676,,,,,,
epoch_period_summary,reduced_reliability,object_free,posterior_object_state,12,112,-0.0046535342075373866,,,,,,
epoch_period_summary,reduced_reliability,object_free,posterior_object_state,13,113,0.0025229331215698364,,,,,,
epoch_period_summary,reduced_reliability,object_free,posterior_object_state,14,114,0.0410179526166033,,,,,,
epoch_period_summary,reduced_reliability,object_free,posterior_object_state,15,115,-0.003150881419834414,,,,,,
epoch_period_summary,reduced_reliability,object_free,posterior_object_state,16,116,0.04151065220575434,,,,,,
epoch_period_summary,reduced_reliability,object_free,posterior_object_state,17,117,0.04081464557603507,,,,,,
epoch_period_summary,reduced_reliability,object_free,posterior_object_state,18,118,0.022788937926088316,,,,,,
epoch_period_summary,reduced_reliability,object_free,posterior_object_state,19,119,0.008084747527548817,,,,,,
epoch_period_summary,reduced_reliability,object_free,posterior_object_state,20,120,0.052523789719130236,,,,,,
epoch_period_summary,reduced_reliability,object_free,posterior_object_state,21,121,0.013465039805339307,,,,,,
epoch_period_summary,reduced_reliability,object_free,posterior_object_state,22,122,0.01912245016540034,,,,,,
epoch_period_summary,reduced_reliability,object_free,posterior_object_state,23,123,-0.013936409553900748,,,,,,
epoch_period_summary,reduced_reliability,object_free,posterior_object_state,24,124,0.0021970400814246417,,,,,,
epoch_period_summary,reduced_reliability,object_free,posterior_object_state,25,125,-0.014171499641660822,,,,,,
epoch_period_summary,reduced_reliability,object_free,posterior_object_state,26,126,0.023966358993543824,,,,,,
epoch_period_summary,reduced_reliability,object_free,posterior_object_state,27,127,0.020511733263941984,,,,,,
epoch_period_summary,reduced_reliability,object_free,posterior_object_state,28,128,-0.02781989807815742,,,,,,
epoch_period_summary,reduced_reliability,object_free,posterior_object_state,29,129,0.032627593637289044,,,,,,
matched_product_decomposition_seedlevel,,,,0,100,,0.001117570825470285,0.0011617763624531567,6.411230824640504e-05,-0.00010831784522927704,3.469446951953614e-17,same relative sample index within paired baseline and reduced epochs
matched_product_decomposition_seedlevel,,,,1,101,,0.0007982715155082709,0.0007239399105185284,-0.00011744946219725595,0.00019178106718699802,2.7755575615628914e-17,same relative sample index within paired baseline and reduced epochs
matched_product_decomposition_seedlevel,,,,2,102,,0.0009074949116463895,0.0008867383995335889,-3.4425342156189635e-05,5.5181854268990066e-05,3.0357660829594124e-17,same relative sample index within paired baseline and reduced epochs
matched_product_decomposition_seedlevel,,,,3,103,,0.0009762384489316244,0.0010586034381863322,-6.182557105109978e-05,-2.0539418203607755e-05,1.8648277366750676e-17,same relative sample index within paired baseline and reduced epochs
matched_product_decomposition_seedlevel,,,,4,104,,0.0011177418008896495,0.0013098336124791614,8.843382228214508e-06,-0.0002009351938177261,2.6020852139652106e-17,same relative sample index within paired baseline and reduced epochs
matched_product_decomposition_seedlevel,,,,5,105,,0.0009016567990494498,0.0009253278060450358,4.7213169178077184e-05,-7.088417617366261e-05,3.2959746043559335e-17,same relative sample index within paired baseline and reduced epochs
matched_product_decomposition_seedlevel,,,,6,106,,0.0010053841009490779,0.0010421451797257724,-6.165546058583529e-05,2.4894381809140645e-05,2.2551405187698492e-17,same relative sample index within paired baseline and reduced epochs
matched_product_decomposition_seedlevel,,,,7,107,,0.001112878772700809,0.0012051183986098758,7.6130002419685704e-06,-9.985262615103524e-05,2.5153490401663703e-17,same relative sample index within paired baseline and reduced epochs
matched_product_decomposition_seedlevel,,,,8,108,,0.001078560654587787,0.0011467631857994607,7.212775842323735e-05,-0.0001403302896349106,2.42861286636753e-17,same relative sample index within paired baseline and reduced epochs
matched_product_decomposition_seedlevel,,,,9,109,,0.0010239684753358255,0.001114292578501283,9.124334338241198e-05,-0.0001815674465478697,2.168404344971009e-17,same relative sample index within paired baseline and reduced epochs
matched_product_decomposition_seedlevel,,,,10,110,,0.0012443590551895034,0.0013294356631071195,3.1589690915167945e-05,-0.0001166662988327846,2.42861286636753e-17,same relative sample index within paired baseline and reduced epochs
matched_product_decomposition_seedlevel,,,,11,111,,0.0010445343010150726,0.0010623349052715043,5.151942229441223e-06,-2.2952546485872122e-05,4.163336342344337e-17,same relative sample index within paired baseline and reduced epochs
matched_product_decomposition_seedlevel,,,,12,112,,0.0010655589851478267,0.0011158361282696016,5.407656108058577e-05,-0.00010435370420236087,4.5102810375396984e-17,same relative sample index within paired baseline and reduced epochs
matched_product_decomposition_seedlevel,,,,13,113,,0.0008648312284372224,0.0007376938808090414,-5.938355154918113e-06,0.0001330757027830992,2.7755575615628914e-17,same relative sample index within paired baseline and reduced epochs
matched_product_decomposition_seedlevel,,,,14,114,,0.0011656156022669566,0.0012980127195301337,9.40135791571951e-05,-0.00022641069642037324,2.7755575615628914e-17,same relative sample index within paired baseline and reduced epochs
matched_product_decomposition_seedlevel,,,,15,115,,0.0006963216087382722,0.0006762217352220073,-0.00019544813182143932,0.00021554800533770462,2.42861286636753e-17,same relative sample index within paired baseline and reduced epochs
matched_product_decomposition_seedlevel,,,,16,116,,0.0011662725343614037,0.001235414410292243,7.88931266191507e-05,-0.00014803500254999017,3.382710778154774e-17,same relative sample index within paired baseline and reduced epochs
matched_product_decomposition_seedlevel,,,,17,117,,0.0008910442428307204,0.0008698883538113052,-3.72572952494219e-05,5.841318426883724e-05,2.7755575615628914e-17,same relative sample index within paired baseline and reduced epochs
matched_product_decomposition_seedlevel,,,,18,118,,0.0010918937437369438,0.00114829627086792,0.00012283080705849362,-0.00017923333418946971,3.209238430557093e-17,same relative sample index within paired baseline and reduced epochs
matched_product_decomposition_seedlevel,,,,19,119,,0.0008238448853452263,0.0007642646826386372,-2.7993525486502075e-05,8.757372819309124e-05,2.6020852139652106e-17,same relative sample index within paired baseline and reduced epochs
matched_product_decomposition_seedlevel,,,,20,120,,0.0012748096764999854,0.00140688942290438,1.1996534961380903e-05,-0.0001440762813657748,1.8214596497756474e-17,same relative sample index within paired baseline and reduced epochs
matched_product_decomposition_seedlevel,,,,21,121,,0.0011085905156297971,0.001241560391455384,7.932563108363403e-05,-0.00021229550690922107,2.6020852139652106e-17,same relative sample index within paired baseline and reduced epochs
matched_product_decomposition_seedlevel,,,,22,122,,0.0012278534854789885,0.0012984307105778307,0.0001373611682610144,-0.00020793839335985675,2.7755575615628914e-17,same relative sample index within paired baseline and reduced epochs
matched_product_decomposition_seedlevel,,,,23,123,,0.0011918983603568223,0.0012408670499177903,1.0966399329242536e-05,-5.993508889020999e-05,1.9949319973733282e-17,same relative sample index within paired baseline and reduced epochs
matched_product_decomposition_seedlevel,,,,24,124,,0.0008579787551578485,0.0010460768053223981,-9.48679930620279e-05,-9.323005710252136e-05,2.7755575615628914e-17,same relative sample index within paired baseline and reduced epochs
matched_product_decomposition_seedlevel,,,,25,125,,0.0009046371818046729,0.0008589873840107474,-8.76906648032004e-05,0.000133340462597126,1.951563910473908e-17,same relative sample index within paired baseline and reduced epochs
matched_product_decomposition_seedlevel,,,,26,126,,0.0009523099165732992,0.0010587869683613557,-0.00013630805912787916,2.983100733982238e-05,1.8214596497756474e-17,same relative sample index within paired baseline and reduced epochs
matched_product_decomposition_seedlevel,,,,27,127,,0.0010087576416616018,0.0011462617052451628,-3.310612150269059e-05,-0.00010439794208087032,1.9949319973733282e-17,same relative sample index within paired baseline and reduced epochs
matched_product_decomposition_seedlevel,,,,28,128,,0.0010286980298111817,0.0010508386923125928,3.3178336619177655e-05,-5.5318999120588876e-05,2.5153490401663703e-17,same relative sample index within paired baseline and reduced epochs
matched_product_decomposition_seedlevel,,,,29,129,,0.0010415854559989556,0.001013507153024712,1.3192907199551002e-05,1.4885395774692747e-05,1.9081958235744878e-17,same relative sample index within paired baseline and reduced epochs
