model_id,model_label,model_definition,metric,baseline_mean,reduced_mean,paired_absolute_change_mean,paired_absolute_change_ci_low,paired_absolute_change_ci_high,mean_within_realization_percent_change,percent_change_ci_low,percent_change_ci_high,percent_metric_interpretable,sign_consistency_positive,n_realizations,seed_identities,metric_homology
A_full_canonical,A Full,"Canonical three-state observer, two-rate adaptation, inferred context, and online eye plant.",angular_rmse,0.051595351590769806,0.05377778536763518,0.002182433776865366,0.0011923012169552,0.0031987883109469944,4.365104110337071,2.4402070229359607,6.368641997993395,True,0.8,30,0;1;2;3;4;5;6;7;8;9;10;11;12;13;14;15;16;17;18;19;20;21;22;23;24;25;26;27;28;29,canonical state metric
A_full_canonical,A Full,"Canonical three-state observer, two-rate adaptation, inferred context, and online eye plant.",object_rmse,0.07444067330612668,0.1072558440680291,0.03281517076190241,0.023537593553719698,0.04206123214318694,48.772258345860905,33.75151768256654,63.8144933594766,True,0.9,30,0;1;2;3;4;5;6;7;8;9;10;11;12;13;14;15;16;17;18;19;20;21;22;23;24;25;26;27;28;29,canonical state metric
A_full_canonical,A Full,"Canonical three-state observer, two-rate adaptation, inferred context, and online eye plant.",false_positive_rms,0.05778036632069958,0.08509547484125714,0.027315108520557584,0.024426880950391992,0.030369507161721727,47.61498990311204,42.320708416950765,53.12843467444913,True,1.0,30,0;1;2;3;4;5;6;7;8;9;10;11;12;13;14;15;16;17;18;19;20;21;22;23;24;25;26;27;28;29,canonical state metric
B_fixed_context,B Fixed context,"Generative otolith noise changes, but p=0 and assumed otolith variance remains at the baseline hypothesis.",angular_rmse,0.05159513989052966,0.05377315813979926,0.002178018249269608,0.0011954301908576042,0.0031567373479053635,4.355663416570184,2.419832947532623,6.354243465805245,True,0.8,30,0;1;2;3;4;5;6;7;8;9;10;11;12;13;14;15;16;17;18;19;20;21;22;23;24;25;26;27;28;29,canonical state metric
B_fixed_context,B Fixed context,"Generative otolith noise changes, but p=0 and assumed otolith variance remains at the baseline hypothesis.",object_rmse,0.07443044819571651,0.12414945097376563,0.049719002778049096,0.04208266524098771,0.05737601021523774,72.08741654125592,58.30044422844843,86.91826124337538,True,1.0,30,0;1;2;3;4;5;6;7;8;9;10;11;12;13;14;15;16;17;18;19;20;21;22;23;24;25;26;27;28;29,canonical state metric
B_fixed_context,B Fixed context,"Generative otolith noise changes, but p=0 and assumed otolith variance remains at the baseline hypothesis.",false_positive_rms,0.05776769341121749,0.11569537045754076,0.057927677046323275,0.054871854983088254,0.061240173357238935,101.06232170923765,94.33631673190645,108.24627574361632,True,1.0,30,0;1;2;3;4;5;6;7;8;9;10;11;12;13;14;15;16;17;18;19;20;21;22;23;24;25;26;27;28;29,canonical state metric
C_no_adaptation,C No adaptation,Canonical observer with both forward-model adaptive processes frozen at their initial values.,angular_rmse,0.05158670895073652,0.05377223097494185,0.0021855220242053414,0.0012066973051013015,0.003180747376898703,4.371943767073445,2.4218700444889247,6.380809188221581,True,0.8,30,0;1;2;3;4;5;6;7;8;9;10;11;12;13;14;15;16;17;18;19;20;21;22;23;24;25;26;27;28;29,canonical state metric
C_no_adaptation,C No adaptation,Canonical observer with both forward-model adaptive processes frozen at their initial values.,object_rmse,0.074842605052123,0.10734296263283724,0.03250035758071421,0.023315307710906952,0.04152196464718643,47.86537123259696,33.402606468974824,62.195754018992595,True,0.9,30,0;1;2;3;4;5;6;7;8;9;10;11;12;13;14;15;16;17;18;19;20;21;22;23;24;25;26;27;28;29,canonical state metric
C_no_adaptation,C No adaptation,Canonical observer with both forward-model adaptive processes frozen at their initial values.,false_positive_rms,0.05815473985294921,0.0853982835973192,0.02724354374436999,0.02441259170082833,0.03035914886261082,47.19501304355042,41.85470614052094,52.844029659863814,True,1.0,30,0;1;2;3;4;5;6;7;8;9;10;11;12;13;14;15;16;17;18;19;20;21;22;23;24;25;26;27;28;29,canonical state metric
D_single_timescale,D Single rate,One adaptive deviation state preserving the canonical aggregate instantaneous learning rate and its learning-rate-weighted one-step retention.,angular_rmse,0.051594890866726764,0.05377756757061716,0.002182676703890412,0.0012158597433418524,0.0031839499645518647,4.365600592800817,2.3816656061688777,6.383871491313643,True,0.8,30,0;1;2;3;4;5;6;7;8;9;10;11;12;13;14;15;16;17;18;19;20;21;22;23;24;25;26;27;28;29,canonical state metric
D_single_timescale,D Single rate,One adaptive deviation state preserving the canonical aggregate instantaneous learning rate and its learning-rate-weighted one-step retention.,object_rmse,0.07443099941711004,0.10722779468116166,0.03279679526405163,0.023466719778323382,0.041844212656094684,48.75022677294445,33.84176739998411,63.69021699665347,True,0.9,30,0;1;2;3;4;5;6;7;8;9;10;11;12;13;14;15;16;17;18;19;20;21;22;23;24;25;26;27;28;29,canonical state metric
D_single_timescale,D Single rate,One adaptive deviation state preserving the canonical aggregate instantaneous learning rate and its learning-rate-weighted one-step retention.,false_positive_rms,0.057767005617075824,0.0851012553822505,0.02733424976517468,0.024498254744838736,0.03031214942711512,47.656264661623815,42.288561138814515,53.19622444354078,True,1.0,30,0;1;2;3;4;5;6;7;8;9;10;11;12;13;14;15;16;17;18;19;20;21;22;23;24;25;26;27;28;29,canonical state metric
E_residual_only,E Residual proxy,Two-state self-motion observer with instantaneous visual residual used as an external-motion proxy; no recurrent object-motion state.,angular_rmse,0.05473825450006468,0.05264924883313306,-0.002089005666931599,-0.00477248205938867,0.0005741961351802664,-2.1258156449771044,-6.907948636707263,2.9166618883935675,True,0.36666666666666664,30,0;1;2;3;4;5;6;7;8;9;10;11;12;13;14;15;16;17;18;19;20;21;22;23;24;25;26;27;28;29,canonical state metric
E_residual_only,E Residual proxy,Two-state self-motion observer with instantaneous visual residual used as an external-motion proxy; no recurrent object-motion state.,object_rmse,0.3216413285050563,0.3646065908274066,0.042965262322350324,0.030906258090643603,0.05535718834474081,14.164542006559035,9.9573947110596,18.60108578939227,True,0.9,30,0;1;2;3;4;5;6;7;8;9;10;11;12;13;14;15;16;17;18;19;20;21;22;23;24;25;26;27;28;29,instantaneous residual-based external-motion proxy
E_residual_only,E Residual proxy,Two-state self-motion observer with instantaneous visual residual used as an external-motion proxy; no recurrent object-motion state.,false_positive_rms,0.10065075825024804,0.09705978585775371,-0.0035909723924943543,-0.005493406984177471,-0.0016135077894055116,-3.460655365579717,-5.377770573437411,-1.4368597216855101,True,0.23333333333333334,30,0;1;2;3;4;5;6;7;8;9;10;11;12;13;14;15;16;17;18;19;20;21;22;23;24;25;26;27;28;29,instantaneous residual-based external-motion proxy
F_oracle_self_motion,F Oracle self,"Diagnostic observer supplied true self-motion at the visual stage, with near-zero self-state covariance, while retaining recurrent object inference.",angular_rmse,1.0701177269750933e-11,1.0790538724400565e-11,8.936145464963536e-14,-1.3065125984586756e-13,3.0824428902049106e-13,,,,False,0.6333333333333333,30,0;1;2;3;4;5;6;7;8;9;10;11;12;13;14;15;16;17;18;19;20;21;22;23;24;25;26;27;28;29,canonical state metric
F_oracle_self_motion,F Oracle self,"Diagnostic observer supplied true self-motion at the visual stage, with near-zero self-state covariance, while retaining recurrent object inference.",object_rmse,0.058861897764949093,0.06206525558601183,0.003203357821062745,-0.0019732555164854422,0.008364962264505992,7.939977470317016,-0.43481967388542425,16.38625002672784,True,0.6,30,0;1;2;3;4;5;6;7;8;9;10;11;12;13;14;15;16;17;18;19;20;21;22;23;24;25;26;27;28;29,canonical state metric
F_oracle_self_motion,F Oracle self,"Diagnostic observer supplied true self-motion at the visual stage, with near-zero self-state covariance, while retaining recurrent object inference.",false_positive_rms,0.04137653413941793,0.04096808982078568,-0.0004084443186322446,-0.0016825426246977631,0.0009070000144410716,-0.7004802138938191,-3.7806896335219844,2.663292196430896,True,0.4666666666666667,30,0;1;2;3;4;5;6;7;8;9;10;11;12;13;14;15;16;17;18;19;20;21;22;23;24;25;26;27;28;29,canonical state metric
G_no_eye_feedback,G No eye,Canonical estimator with the eye plant forced to zero; exact compensation predicts numerical equivalence to Model A.,angular_rmse,0.051595351590769806,0.05377778536763516,0.002182433776865366,0.0012162131044505808,0.0031705270649965383,4.365104110337069,2.4035995426424486,6.332948830960388,True,0.8,30,0;1;2;3;4;5;6;7;8;9;10;11;12;13;14;15;16;17;18;19;20;21;22;23;24;25;26;27;28;29,canonical state metric
G_no_eye_feedback,G No eye,Canonical estimator with the eye plant forced to zero; exact compensation predicts numerical equivalence to Model A.,object_rmse,0.07444067330612669,0.1072558440680291,0.03281517076190241,0.023426676534730673,0.04191975862614267,48.7722583458609,33.993487831417674,63.81371094716339,True,0.9,30,0;1;2;3;4;5;6;7;8;9;10;11;12;13;14;15;16;17;18;19;20;21;22;23;24;25;26;27;28;29,canonical state metric
G_no_eye_feedback,G No eye,Canonical estimator with the eye plant forced to zero; exact compensation predicts numerical equivalence to Model A.,false_positive_rms,0.05778036632069958,0.08509547484125714,0.027315108520557584,0.024396553688257657,0.03028957253315553,47.61498990311205,42.34650398954065,53.24024061160926,True,1.0,30,0;1;2;3;4;5;6;7;8;9;10;11;12;13;14;15;16;17;18;19;20;21;22;23;24;25;26;27;28;29,canonical state metric
