row_type,window,metric,realization_id,rng_seed,value
window_seedlevel,baseline_ensemble,context_belief,0,100,0.0005075623925149135
window_seedlevel,baseline_ensemble,context_belief,1,101,0.00046275495723937306
window_seedlevel,baseline_ensemble,context_belief,2,102,0.0004375881044527609
window_seedlevel,baseline_ensemble,context_belief,3,103,0.0004026454282045614
window_seedlevel,baseline_ensemble,context_belief,4,104,0.0004922008568262634
window_seedlevel,baseline_ensemble,context_belief,5,105,0.0004764632052700766
window_seedlevel,baseline_ensemble,context_belief,6,106,0.00039515465800574293
window_seedlevel,baseline_ensemble,context_belief,7,107,0.002116977883321104
window_seedlevel,baseline_ensemble,context_belief,8,108,0.0005934932898904358
window_seedlevel,baseline_ensemble,context_belief,9,109,0.0005789827231026595
window_seedlevel,baseline_ensemble,context_belief,10,110,0.0004270650234538892
window_seedlevel,baseline_ensemble,context_belief,11,111,0.0003964549058825577
window_seedlevel,baseline_ensemble,context_belief,12,112,0.0004303551936211136
window_seedlevel,baseline_ensemble,context_belief,13,113,0.0004038643026192273
window_seedlevel,baseline_ensemble,context_belief,14,114,0.0003901519036115007
window_seedlevel,baseline_ensemble,context_belief,15,115,0.0004333187581671295
window_seedlevel,baseline_ensemble,context_belief,16,116,0.0004185822136359243
window_seedlevel,baseline_ensemble,context_belief,17,117,0.00039697127936611334
window_seedlevel,baseline_ensemble,context_belief,18,118,0.00042701526191046623
window_seedlevel,baseline_ensemble,context_belief,19,119,0.00044745265290411563
window_seedlevel,baseline_ensemble,context_belief,20,120,0.00044416088052364074
window_seedlevel,baseline_ensemble,context_belief,21,121,0.0004510366634586466
window_seedlevel,baseline_ensemble,context_belief,22,122,0.0004226098388880861
window_seedlevel,baseline_ensemble,context_belief,23,123,0.00039163183444531924
window_seedlevel,baseline_ensemble,context_belief,24,124,0.0004028650858497338
window_seedlevel,baseline_ensemble,context_belief,25,125,0.00041459048753798676
window_seedlevel,baseline_ensemble,context_belief,26,126,0.00039493874254651647
window_seedlevel,baseline_ensemble,context_belief,27,127,0.00046989180547761696
window_seedlevel,baseline_ensemble,context_belief,28,128,0.00039664462299667094
window_seedlevel,baseline_ensemble,context_belief,29,129,0.0004028911934845437
window_seedlevel,baseline_ensemble,assumed_sigma_oto,0,100,0.06061511918243401
window_seedlevel,baseline_ensemble,assumed_sigma_oto,1,101,0.06057690524035517
window_seedlevel,baseline_ensemble,assumed_sigma_oto,2,102,0.06055531220684678
window_seedlevel,baseline_ensemble,assumed_sigma_oto,3,103,0.06051636179457189
window_seedlevel,baseline_ensemble,assumed_sigma_oto,4,104,0.060615258522560916
window_seedlevel,baseline_ensemble,assumed_sigma_oto,5,105,0.06060766137016732
window_seedlevel,baseline_ensemble,assumed_sigma_oto,6,106,0.06050766204629092
window_seedlevel,baseline_ensemble,assumed_sigma_oto,7,107,0.061448219440322076
window_seedlevel,baseline_ensemble,assumed_sigma_oto,8,108,0.060678326321812796
window_seedlevel,baseline_ensemble,assumed_sigma_oto,9,109,0.060688059608510085
window_seedlevel,baseline_ensemble,assumed_sigma_oto,10,110,0.06054726100077127
window_seedlevel,baseline_ensemble,assumed_sigma_oto,11,111,0.06050844332402865
window_seedlevel,baseline_ensemble,assumed_sigma_oto,12,112,0.060549163092003734
window_seedlevel,baseline_ensemble,assumed_sigma_oto,13,113,0.06051774807271718
window_seedlevel,baseline_ensemble,assumed_sigma_oto,14,114,0.060501270831588856
window_seedlevel,baseline_ensemble,assumed_sigma_oto,15,115,0.060553207004661345
window_seedlevel,baseline_ensemble,assumed_sigma_oto,16,116,0.06053492569197563
window_seedlevel,baseline_ensemble,assumed_sigma_oto,17,117,0.06051016105632841
window_seedlevel,baseline_ensemble,assumed_sigma_oto,18,118,0.060545263137290195
window_seedlevel,baseline_ensemble,assumed_sigma_oto,19,119,0.06056584643310795
window_seedlevel,baseline_ensemble,assumed_sigma_oto,20,120,0.06056763819132241
window_seedlevel,baseline_ensemble,assumed_sigma_oto,21,121,0.060573014664361845
window_seedlevel,baseline_ensemble,assumed_sigma_oto,22,122,0.060538952245456315
window_seedlevel,baseline_ensemble,assumed_sigma_oto,23,123,0.06050327532646708
window_seedlevel,baseline_ensemble,assumed_sigma_oto,24,124,0.06051666564966886
window_seedlevel,baseline_ensemble,assumed_sigma_oto,25,125,0.0605311249538087
window_seedlevel,baseline_ensemble,assumed_sigma_oto,26,126,0.06050717323415246
window_seedlevel,baseline_ensemble,assumed_sigma_oto,27,127,0.06057930634919802
window_seedlevel,baseline_ensemble,assumed_sigma_oto,28,128,0.06050941948392914
window_seedlevel,baseline_ensemble,assumed_sigma_oto,29,129,0.06051644991485146
window_seedlevel,baseline_ensemble,angular_rmse,0,100,0.05227903361128479
window_seedlevel,baseline_ensemble,angular_rmse,1,101,0.048683555599097254
window_seedlevel,baseline_ensemble,angular_rmse,2,102,0.05234248019736282
window_seedlevel,baseline_ensemble,angular_rmse,3,103,0.05032722908195535
window_seedlevel,baseline_ensemble,angular_rmse,4,104,0.05119621887821709
window_seedlevel,baseline_ensemble,angular_rmse,5,105,0.05243502133258905
window_seedlevel,baseline_ensemble,angular_rmse,6,106,0.05274316164064624
window_seedlevel,baseline_ensemble,angular_rmse,7,107,0.05190239552492012
window_seedlevel,baseline_ensemble,angular_rmse,8,108,0.05124726672090241
window_seedlevel,baseline_ensemble,angular_rmse,9,109,0.0497259163568056
window_seedlevel,baseline_ensemble,angular_rmse,10,110,0.050221344434371235
window_seedlevel,baseline_ensemble,angular_rmse,11,111,0.05492426932575183
window_seedlevel,baseline_ensemble,angular_rmse,12,112,0.052176347681895975
window_seedlevel,baseline_ensemble,angular_rmse,13,113,0.05206255485385231
window_seedlevel,baseline_ensemble,angular_rmse,14,114,0.05326431118241393
window_seedlevel,baseline_ensemble,angular_rmse,15,115,0.04712875648091697
window_seedlevel,baseline_ensemble,angular_rmse,16,116,0.0517451306473083
window_seedlevel,baseline_ensemble,angular_rmse,17,117,0.049726389075452786
window_seedlevel,baseline_ensemble,angular_rmse,18,118,0.05308937317680226
window_seedlevel,baseline_ensemble,angular_rmse,19,119,0.05148500620835039
window_seedlevel,baseline_ensemble,angular_rmse,20,120,0.04979896356208757
window_seedlevel,baseline_ensemble,angular_rmse,21,121,0.05056171466806138
window_seedlevel,baseline_ensemble,angular_rmse,22,122,0.05097609946294546
window_seedlevel,baseline_ensemble,angular_rmse,23,123,0.05128720292880176
window_seedlevel,baseline_ensemble,angular_rmse,24,124,0.056034995899460364
window_seedlevel,baseline_ensemble,angular_rmse,25,125,0.05388495183881424
window_seedlevel,baseline_ensemble,angular_rmse,26,126,0.05290724449819469
window_seedlevel,baseline_ensemble,angular_rmse,27,127,0.04818328112980055
window_seedlevel,baseline_ensemble,angular_rmse,28,128,0.05190722155131241
window_seedlevel,baseline_ensemble,angular_rmse,29,129,0.05361311017271911
window_seedlevel,baseline_ensemble,object_rmse,0,100,0.07643590785038243
window_seedlevel,baseline_ensemble,object_rmse,1,101,0.07984218432276635
window_seedlevel,baseline_ensemble,object_rmse,2,102,0.07903576463981214
window_seedlevel,baseline_ensemble,object_rmse,3,103,0.0810950685709957
window_seedlevel,baseline_ensemble,object_rmse,4,104,0.06326255002179447
window_seedlevel,baseline_ensemble,object_rmse,5,105,0.07131443862880558
window_seedlevel,baseline_ensemble,object_rmse,6,106,0.09472747098725408
window_seedlevel,baseline_ensemble,object_rmse,7,107,0.06378659349272257
window_seedlevel,baseline_ensemble,object_rmse,8,108,0.06039476522035152
window_seedlevel,baseline_ensemble,object_rmse,9,109,0.09373135449462155
window_seedlevel,baseline_ensemble,object_rmse,10,110,0.06713786743534526
window_seedlevel,baseline_ensemble,object_rmse,11,111,0.08006748030211115
window_seedlevel,baseline_ensemble,object_rmse,12,112,0.05529345601473317
window_seedlevel,baseline_ensemble,object_rmse,13,113,0.0725712680876223
window_seedlevel,baseline_ensemble,object_rmse,14,114,0.0707148747809747
window_seedlevel,baseline_ensemble,object_rmse,15,115,0.08877222467639247
window_seedlevel,baseline_ensemble,object_rmse,16,116,0.0630805911659902
window_seedlevel,baseline_ensemble,object_rmse,17,117,0.07940649677572749
window_seedlevel,baseline_ensemble,object_rmse,18,118,0.07631113866207387
window_seedlevel,baseline_ensemble,object_rmse,19,119,0.0747683360866008
window_seedlevel,baseline_ensemble,object_rmse,20,120,0.10111176228921491
window_seedlevel,baseline_ensemble,object_rmse,21,121,0.056244146267292426
window_seedlevel,baseline_ensemble,object_rmse,22,122,0.07288938815293293
window_seedlevel,baseline_ensemble,object_rmse,23,123,0.06971469856860425
window_seedlevel,baseline_ensemble,object_rmse,24,124,0.11060674530993181
window_seedlevel,baseline_ensemble,object_rmse,25,125,0.07869637386536456
window_seedlevel,baseline_ensemble,object_rmse,26,126,0.057410350517166225
window_seedlevel,baseline_ensemble,object_rmse,27,127,0.07560824879684892
window_seedlevel,baseline_ensemble,object_rmse,28,128,0.05778358004097755
window_seedlevel,baseline_ensemble,object_rmse,29,129,0.061405073158389105
window_seedlevel,baseline_ensemble,false_positive_rms,0,100,0.05092163240002351
window_seedlevel,baseline_ensemble,false_positive_rms,1,101,0.05885431523510717
window_seedlevel,baseline_ensemble,false_positive_rms,2,102,0.060202935547240384
window_seedlevel,baseline_ensemble,false_positive_rms,3,103,0.05527311227670311
window_seedlevel,baseline_ensemble,false_positive_rms,4,104,0.06528116355477227
window_seedlevel,baseline_ensemble,false_positive_rms,5,105,0.05999929294987376
window_seedlevel,baseline_ensemble,false_positive_rms,6,106,0.053718430130723985
window_seedlevel,baseline_ensemble,false_positive_rms,7,107,0.054375773230939735
window_seedlevel,baseline_ensemble,false_positive_rms,8,108,0.05618698468293863
window_seedlevel,baseline_ensemble,false_positive_rms,9,109,0.051028094045126815
window_seedlevel,baseline_ensemble,false_positive_rms,10,110,0.0549733624712438
window_seedlevel,baseline_ensemble,false_positive_rms,11,111,0.05897219896197289
window_seedlevel,baseline_ensemble,false_positive_rms,12,112,0.05586234669898512
window_seedlevel,baseline_ensemble,false_positive_rms,13,113,0.05731753697710737
window_seedlevel,baseline_ensemble,false_positive_rms,14,114,0.06321700550586887
window_seedlevel,baseline_ensemble,false_positive_rms,15,115,0.05642154265515883
window_seedlevel,baseline_ensemble,false_positive_rms,16,116,0.05153984433904071
window_seedlevel,baseline_ensemble,false_positive_rms,17,117,0.0566956585574074
window_seedlevel,baseline_ensemble,false_positive_rms,18,118,0.05909712507191428
window_seedlevel,baseline_ensemble,false_positive_rms,19,119,0.06241277800938054
window_seedlevel,baseline_ensemble,false_positive_rms,20,120,0.058002275582574196
window_seedlevel,baseline_ensemble,false_positive_rms,21,121,0.05804824549063236
window_seedlevel,baseline_ensemble,false_positive_rms,22,122,0.05720565898617815
window_seedlevel,baseline_ensemble,false_positive_rms,23,123,0.060030450812770884
window_seedlevel,baseline_ensemble,false_positive_rms,24,124,0.05622159341084604
window_seedlevel,baseline_ensemble,false_positive_rms,25,125,0.06577278147769818
window_seedlevel,baseline_ensemble,false_positive_rms,26,126,0.05994369666894594
window_seedlevel,baseline_ensemble,false_positive_rms,27,127,0.054355724444286616
window_seedlevel,baseline_ensemble,false_positive_rms,28,128,0.056706823752402366
window_seedlevel,baseline_ensemble,false_positive_rms,29,129,0.06477260569312294
window_seedlevel,baseline_ensemble,fast_adaptation_norm,0,100,0.001887536525274057
window_seedlevel,baseline_ensemble,fast_adaptation_norm,1,101,0.002176425985895416
window_seedlevel,baseline_ensemble,fast_adaptation_norm,2,102,0.002248028473661873
window_seedlevel,baseline_ensemble,fast_adaptation_norm,3,103,0.002293990319844558
window_seedlevel,baseline_ensemble,fast_adaptation_norm,4,104,0.0025259980141268666
window_seedlevel,baseline_ensemble,fast_adaptation_norm,5,105,0.0023924446421725687
window_seedlevel,baseline_ensemble,fast_adaptation_norm,6,106,0.0022213410030947696
window_seedlevel,baseline_ensemble,fast_adaptation_norm,7,107,0.002670177232811918
window_seedlevel,baseline_ensemble,fast_adaptation_norm,8,108,0.002415706075940715
window_seedlevel,baseline_ensemble,fast_adaptation_norm,9,109,0.0019706914287506636
window_seedlevel,baseline_ensemble,fast_adaptation_norm,10,110,0.0021765791238261135
window_seedlevel,baseline_ensemble,fast_adaptation_norm,11,111,0.0017663950901955967
window_seedlevel,baseline_ensemble,fast_adaptation_norm,12,112,0.0024133745547499467
window_seedlevel,baseline_ensemble,fast_adaptation_norm,13,113,0.0022588391670939614
window_seedlevel,baseline_ensemble,fast_adaptation_norm,14,114,0.002440856573268698
window_seedlevel,baseline_ensemble,fast_adaptation_norm,15,115,0.0021610974589294373
window_seedlevel,baseline_ensemble,fast_adaptation_norm,16,116,0.0023240701160705418
window_seedlevel,baseline_ensemble,fast_adaptation_norm,17,117,0.0019157964172997304
window_seedlevel,baseline_ensemble,fast_adaptation_norm,18,118,0.001834617809340061
window_seedlevel,baseline_ensemble,fast_adaptation_norm,19,119,0.0017842909881460452
window_seedlevel,baseline_ensemble,fast_adaptation_norm,20,120,0.0020360166423367726
window_seedlevel,baseline_ensemble,fast_adaptation_norm,21,121,0.002212537555851784
window_seedlevel,baseline_ensemble,fast_adaptation_norm,22,122,0.0016850100913259325
window_seedlevel,baseline_ensemble,fast_adaptation_norm,23,123,0.0017951439874576809
window_seedlevel,baseline_ensemble,fast_adaptation_norm,24,124,0.0018278816916892792
window_seedlevel,baseline_ensemble,fast_adaptation_norm,25,125,0.001806953936438235
window_seedlevel,baseline_ensemble,fast_adaptation_norm,26,126,0.0022848401980649713
window_seedlevel,baseline_ensemble,fast_adaptation_norm,27,127,0.002396556107534098
window_seedlevel,baseline_ensemble,fast_adaptation_norm,28,128,0.0019500405696935017
window_seedlevel,baseline_ensemble,fast_adaptation_norm,29,129,0.002180934539093404
window_seedlevel,baseline_ensemble,slow_adaptation_norm,0,100,0.0005093619033391583
window_seedlevel,baseline_ensemble,slow_adaptation_norm,1,101,0.0008310514837138703
window_seedlevel,baseline_ensemble,slow_adaptation_norm,2,102,0.0005248515243053688
window_seedlevel,baseline_ensemble,slow_adaptation_norm,3,103,0.0005656289329282607
window_seedlevel,baseline_ensemble,slow_adaptation_norm,4,104,0.0011409638014542665
window_seedlevel,baseline_ensemble,slow_adaptation_norm,5,105,0.0009914543505366372
window_seedlevel,baseline_ensemble,slow_adaptation_norm,6,106,0.0004967514701970249
window_seedlevel,baseline_ensemble,slow_adaptation_norm,7,107,0.000991559029514136
window_seedlevel,baseline_ensemble,slow_adaptation_norm,8,108,0.0004822666965163711
window_seedlevel,baseline_ensemble,slow_adaptation_norm,9,109,0.0007155614500479743
window_seedlevel,baseline_ensemble,slow_adaptation_norm,10,110,0.0007809052522702554
window_seedlevel,baseline_ensemble,slow_adaptation_norm,11,111,0.0003921478164324744
window_seedlevel,baseline_ensemble,slow_adaptation_norm,12,112,0.001238981616970474
window_seedlevel,baseline_ensemble,slow_adaptation_norm,13,113,0.0006729502771586441
window_seedlevel,baseline_ensemble,slow_adaptation_norm,14,114,0.0010415047110247336
window_seedlevel,baseline_ensemble,slow_adaptation_norm,15,115,0.000591869101896548
window_seedlevel,baseline_ensemble,slow_adaptation_norm,16,116,0.0009794324589743907
window_seedlevel,baseline_ensemble,slow_adaptation_norm,17,117,0.0005622730605687539
window_seedlevel,baseline_ensemble,slow_adaptation_norm,18,118,0.0004945229767908622
window_seedlevel,baseline_ensemble,slow_adaptation_norm,19,119,0.0006220668375503589
window_seedlevel,baseline_ensemble,slow_adaptation_norm,20,120,0.0004599819790650274
window_seedlevel,baseline_ensemble,slow_adaptation_norm,21,121,0.0004439952206499533
window_seedlevel,baseline_ensemble,slow_adaptation_norm,22,122,0.0004284640567963719
window_seedlevel,baseline_ensemble,slow_adaptation_norm,23,123,0.0004262602277244458
window_seedlevel,baseline_ensemble,slow_adaptation_norm,24,124,0.0007030598600653
window_seedlevel,baseline_ensemble,slow_adaptation_norm,25,125,0.0004661688085342163
window_seedlevel,baseline_ensemble,slow_adaptation_norm,26,126,0.0016472612720512237
window_seedlevel,baseline_ensemble,slow_adaptation_norm,27,127,0.0007080257253085334
window_seedlevel,baseline_ensemble,slow_adaptation_norm,28,128,0.0007939074877105407
window_seedlevel,baseline_ensemble,slow_adaptation_norm,29,129,0.0009140393647951773
window_seedlevel,baseline_ensemble,combined_adaptation_norm,0,100,0.002192047166085204
window_seedlevel,baseline_ensemble,combined_adaptation_norm,1,101,0.0028261568838792873
window_seedlevel,baseline_ensemble,combined_adaptation_norm,2,102,0.0026095214308075685
window_seedlevel,baseline_ensemble,combined_adaptation_norm,3,103,0.0026175865953510795
window_seedlevel,baseline_ensemble,combined_adaptation_norm,4,104,0.0033652416491364036
window_seedlevel,baseline_ensemble,combined_adaptation_norm,5,105,0.0032142928833021793
window_seedlevel,baseline_ensemble,combined_adaptation_norm,6,106,0.0025734915241521373
window_seedlevel,baseline_ensemble,combined_adaptation_norm,7,107,0.003285030094894868
window_seedlevel,baseline_ensemble,combined_adaptation_norm,8,108,0.002770082264070448
window_seedlevel,baseline_ensemble,combined_adaptation_norm,9,109,0.002457210819641028
window_seedlevel,baseline_ensemble,combined_adaptation_norm,10,110,0.0028331683890213564
window_seedlevel,baseline_ensemble,combined_adaptation_norm,11,111,0.002046319731083561
window_seedlevel,baseline_ensemble,combined_adaptation_norm,12,112,0.0033247310269488898
window_seedlevel,baseline_ensemble,combined_adaptation_norm,13,113,0.002689493968213421
window_seedlevel,baseline_ensemble,combined_adaptation_norm,14,114,0.0030990982290008766
window_seedlevel,baseline_ensemble,combined_adaptation_norm,15,115,0.002551001207186054
window_seedlevel,baseline_ensemble,combined_adaptation_norm,16,116,0.0030136027765647506
window_seedlevel,baseline_ensemble,combined_adaptation_norm,17,117,0.002241316353848561
window_seedlevel,baseline_ensemble,combined_adaptation_norm,18,118,0.0021821392589733554
window_seedlevel,baseline_ensemble,combined_adaptation_norm,19,119,0.002277717998863215
window_seedlevel,baseline_ensemble,combined_adaptation_norm,20,120,0.002343127629938172
window_seedlevel,baseline_ensemble,combined_adaptation_norm,21,121,0.0025543649514356377
window_seedlevel,baseline_ensemble,combined_adaptation_norm,22,122,0.0019442037739066135
window_seedlevel,baseline_ensemble,combined_adaptation_norm,23,123,0.0021270070277756093
window_seedlevel,baseline_ensemble,combined_adaptation_norm,24,124,0.0023724778713598515
window_seedlevel,baseline_ensemble,combined_adaptation_norm,25,125,0.002094164625613624
window_seedlevel,baseline_ensemble,combined_adaptation_norm,26,126,0.003635118292287589
window_seedlevel,baseline_ensemble,combined_adaptation_norm,27,127,0.0028901344505543928
window_seedlevel,baseline_ensemble,combined_adaptation_norm,28,128,0.0025567280895474553
window_seedlevel,baseline_ensemble,combined_adaptation_norm,29,129,0.0028381086276584163
window_seedlevel,recovery_onset_0_0p25s,context_belief,0,100,0.3702355728955724
window_seedlevel,recovery_onset_0_0p25s,context_belief,1,101,0.2165851700824181
window_seedlevel,recovery_onset_0_0p25s,context_belief,2,102,0.2562428536336345
window_seedlevel,recovery_onset_0_0p25s,context_belief,3,103,0.14864622945999584
window_seedlevel,recovery_onset_0_0p25s,context_belief,4,104,0.3747402116096113
window_seedlevel,recovery_onset_0_0p25s,context_belief,5,105,0.26613339050450596
window_seedlevel,recovery_onset_0_0p25s,context_belief,6,106,0.20920752067260662
window_seedlevel,recovery_onset_0_0p25s,context_belief,7,107,0.2612574146427662
window_seedlevel,recovery_onset_0_0p25s,context_belief,8,108,0.1562483312703056
window_seedlevel,recovery_onset_0_0p25s,context_belief,9,109,0.20795997999640575
window_seedlevel,recovery_onset_0_0p25s,context_belief,10,110,0.34323959383232305
window_seedlevel,recovery_onset_0_0p25s,context_belief,11,111,0.34378133310077047
window_seedlevel,recovery_onset_0_0p25s,context_belief,12,112,0.391921647922536
window_seedlevel,recovery_onset_0_0p25s,context_belief,13,113,0.19693329421742325
window_seedlevel,recovery_onset_0_0p25s,context_belief,14,114,0.4156982102483311
window_seedlevel,recovery_onset_0_0p25s,context_belief,15,115,0.21318209570987945
window_seedlevel,recovery_onset_0_0p25s,context_belief,16,116,0.2165571794333958
window_seedlevel,recovery_onset_0_0p25s,context_belief,17,117,0.21672748868384606
window_seedlevel,recovery_onset_0_0p25s,context_belief,18,118,0.451248569268661
window_seedlevel,recovery_onset_0_0p25s,context_belief,19,119,0.26226323881745794
window_seedlevel,recovery_onset_0_0p25s,context_belief,20,120,0.3729801142232294
window_seedlevel,recovery_onset_0_0p25s,context_belief,21,121,0.22363453234471511
window_seedlevel,recovery_onset_0_0p25s,context_belief,22,122,0.3754840881696044
window_seedlevel,recovery_onset_0_0p25s,context_belief,23,123,0.23309810452718946
window_seedlevel,recovery_onset_0_0p25s,context_belief,24,124,0.2428588379371405
window_seedlevel,recovery_onset_0_0p25s,context_belief,25,125,0.18860626099506614
window_seedlevel,recovery_onset_0_0p25s,context_belief,26,126,0.268948276048758
window_seedlevel,recovery_onset_0_0p25s,context_belief,27,127,0.23420012110487481
window_seedlevel,recovery_onset_0_0p25s,context_belief,28,128,0.19462775844222036
window_seedlevel,recovery_onset_0_0p25s,context_belief,29,129,0.2581376583761537
window_seedlevel,recovery_onset_0_0p25s,assumed_sigma_oto,0,100,0.21550242512256776
window_seedlevel,recovery_onset_0_0p25s,assumed_sigma_oto,1,101,0.15682243830976947
window_seedlevel,recovery_onset_0_0p25s,assumed_sigma_oto,2,102,0.1727034742086396
window_seedlevel,recovery_onset_0_0p25s,assumed_sigma_oto,3,103,0.13828991284973002
window_seedlevel,recovery_onset_0_0p25s,assumed_sigma_oto,4,104,0.21154958003981736
window_seedlevel,recovery_onset_0_0p25s,assumed_sigma_oto,5,105,0.17279293238688367
window_seedlevel,recovery_onset_0_0p25s,assumed_sigma_oto,6,106,0.1574511722413254
window_seedlevel,recovery_onset_0_0p25s,assumed_sigma_oto,7,107,0.1762560675292167
window_seedlevel,recovery_onset_0_0p25s,assumed_sigma_oto,8,108,0.13589516525784154
window_seedlevel,recovery_onset_0_0p25s,assumed_sigma_oto,9,109,0.1526089633904213
window_seedlevel,recovery_onset_0_0p25s,assumed_sigma_oto,10,110,0.20019140350004835
window_seedlevel,recovery_onset_0_0p25s,assumed_sigma_oto,11,111,0.20417843951609654
window_seedlevel,recovery_onset_0_0p25s,assumed_sigma_oto,12,112,0.2168529487879063
window_seedlevel,recovery_onset_0_0p25s,assumed_sigma_oto,13,113,0.1491408746835623
window_seedlevel,recovery_onset_0_0p25s,assumed_sigma_oto,14,114,0.2261761642571326
window_seedlevel,recovery_onset_0_0p25s,assumed_sigma_oto,15,115,0.15519528880986258
window_seedlevel,recovery_onset_0_0p25s,assumed_sigma_oto,16,116,0.15564864151943308
window_seedlevel,recovery_onset_0_0p25s,assumed_sigma_oto,17,117,0.15697957164518844
window_seedlevel,recovery_onset_0_0p25s,assumed_sigma_oto,18,118,0.24382988859697435
window_seedlevel,recovery_onset_0_0p25s,assumed_sigma_oto,19,119,0.17454605235050483
window_seedlevel,recovery_onset_0_0p25s,assumed_sigma_oto,20,120,0.21470214857659467
window_seedlevel,recovery_onset_0_0p25s,assumed_sigma_oto,21,121,0.15900821551166908
window_seedlevel,recovery_onset_0_0p25s,assumed_sigma_oto,22,122,0.21076263862333833
window_seedlevel,recovery_onset_0_0p25s,assumed_sigma_oto,23,123,0.16213986366861075
window_seedlevel,recovery_onset_0_0p25s,assumed_sigma_oto,24,124,0.1666877744053878
window_seedlevel,recovery_onset_0_0p25s,assumed_sigma_oto,25,125,0.146778499453474
window_seedlevel,recovery_onset_0_0p25s,assumed_sigma_oto,26,126,0.17430736343423167
window_seedlevel,recovery_onset_0_0p25s,assumed_sigma_oto,27,127,0.1662870880816551
window_seedlevel,recovery_onset_0_0p25s,assumed_sigma_oto,28,128,0.14807572632003863
window_seedlevel,recovery_onset_0_0p25s,assumed_sigma_oto,29,129,0.17069091103631537
window_seedlevel,recovery_onset_0_0p25s,angular_rmse,0,100,0.0555952411300755
window_seedlevel,recovery_onset_0_0p25s,angular_rmse,1,101,0.053772270280433326
window_seedlevel,recovery_onset_0_0p25s,angular_rmse,2,102,0.03340273509563979
window_seedlevel,recovery_onset_0_0p25s,angular_rmse,3,103,0.06224336318596357
window_seedlevel,recovery_onset_0_0p25s,angular_rmse,4,104,0.03754889460678712
window_seedlevel,recovery_onset_0_0p25s,angular_rmse,5,105,0.04327886595693196
window_seedlevel,recovery_onset_0_0p25s,angular_rmse,6,106,0.04882892916825001
window_seedlevel,recovery_onset_0_0p25s,angular_rmse,7,107,0.04431975767359109
window_seedlevel,recovery_onset_0_0p25s,angular_rmse,8,108,0.03124610913634367
window_seedlevel,recovery_onset_0_0p25s,angular_rmse,9,109,0.04832052262633794
window_seedlevel,recovery_onset_0_0p25s,angular_rmse,10,110,0.03581279801491537
window_seedlevel,recovery_onset_0_0p25s,angular_rmse,11,111,0.051002781761163594
window_seedlevel,recovery_onset_0_0p25s,angular_rmse,12,112,0.03891624848547331
window_seedlevel,recovery_onset_0_0p25s,angular_rmse,13,113,0.02164920357484997
window_seedlevel,recovery_onset_0_0p25s,angular_rmse,14,114,0.03573303875135849
window_seedlevel,recovery_onset_0_0p25s,angular_rmse,15,115,0.04772367083967495
window_seedlevel,recovery_onset_0_0p25s,angular_rmse,16,116,0.06975666839296366
window_seedlevel,recovery_onset_0_0p25s,angular_rmse,17,117,0.05256071841556659
window_seedlevel,recovery_onset_0_0p25s,angular_rmse,18,118,0.04428341005199079
window_seedlevel,recovery_onset_0_0p25s,angular_rmse,19,119,0.037038602073654024
window_seedlevel,recovery_onset_0_0p25s,angular_rmse,20,120,0.05235591628018532
window_seedlevel,recovery_onset_0_0p25s,angular_rmse,21,121,0.03507804377534886
window_seedlevel,recovery_onset_0_0p25s,angular_rmse,22,122,0.04612672623775298
window_seedlevel,recovery_onset_0_0p25s,angular_rmse,23,123,0.04614684604425063
window_seedlevel,recovery_onset_0_0p25s,angular_rmse,24,124,0.02130850592662271
window_seedlevel,recovery_onset_0_0p25s,angular_rmse,25,125,0.04227387997437947
window_seedlevel,recovery_onset_0_0p25s,angular_rmse,26,126,0.0280531229404777
window_seedlevel,recovery_onset_0_0p25s,angular_rmse,27,127,0.0432049861253619
window_seedlevel,recovery_onset_0_0p25s,angular_rmse,28,128,0.033591526538235425
window_seedlevel,recovery_onset_0_0p25s,angular_rmse,29,129,0.024189909640176224
window_seedlevel,recovery_onset_0_0p25s,object_rmse,0,100,
window_seedlevel,recovery_onset_0_0p25s,object_rmse,1,101,
window_seedlevel,recovery_onset_0_0p25s,object_rmse,2,102,
window_seedlevel,recovery_onset_0_0p25s,object_rmse,3,103,
window_seedlevel,recovery_onset_0_0p25s,object_rmse,4,104,
window_seedlevel,recovery_onset_0_0p25s,object_rmse,5,105,
window_seedlevel,recovery_onset_0_0p25s,object_rmse,6,106,
window_seedlevel,recovery_onset_0_0p25s,object_rmse,7,107,
window_seedlevel,recovery_onset_0_0p25s,object_rmse,8,108,
window_seedlevel,recovery_onset_0_0p25s,object_rmse,9,109,
window_seedlevel,recovery_onset_0_0p25s,object_rmse,10,110,
window_seedlevel,recovery_onset_0_0p25s,object_rmse,11,111,
window_seedlevel,recovery_onset_0_0p25s,object_rmse,12,112,
window_seedlevel,recovery_onset_0_0p25s,object_rmse,13,113,
window_seedlevel,recovery_onset_0_0p25s,object_rmse,14,114,
window_seedlevel,recovery_onset_0_0p25s,object_rmse,15,115,
window_seedlevel,recovery_onset_0_0p25s,object_rmse,16,116,
window_seedlevel,recovery_onset_0_0p25s,object_rmse,17,117,
window_seedlevel,recovery_onset_0_0p25s,object_rmse,18,118,
window_seedlevel,recovery_onset_0_0p25s,object_rmse,19,119,
window_seedlevel,recovery_onset_0_0p25s,object_rmse,20,120,
window_seedlevel,recovery_onset_0_0p25s,object_rmse,21,121,
window_seedlevel,recovery_onset_0_0p25s,object_rmse,22,122,
window_seedlevel,recovery_onset_0_0p25s,object_rmse,23,123,
window_seedlevel,recovery_onset_0_0p25s,object_rmse,24,124,
window_seedlevel,recovery_onset_0_0p25s,object_rmse,25,125,
window_seedlevel,recovery_onset_0_0p25s,object_rmse,26,126,
window_seedlevel,recovery_onset_0_0p25s,object_rmse,27,127,
window_seedlevel,recovery_onset_0_0p25s,object_rmse,28,128,
window_seedlevel,recovery_onset_0_0p25s,object_rmse,29,129,
window_seedlevel,recovery_onset_0_0p25s,false_positive_rms,0,100,0.1341921326271261
window_seedlevel,recovery_onset_0_0p25s,false_positive_rms,1,101,0.036749689694299335
window_seedlevel,recovery_onset_0_0p25s,false_positive_rms,2,102,0.03293210580434802
window_seedlevel,recovery_onset_0_0p25s,false_positive_rms,3,103,0.08074136956943491
window_seedlevel,recovery_onset_0_0p25s,false_positive_rms,4,104,0.060910524911691244
window_seedlevel,recovery_onset_0_0p25s,false_positive_rms,5,105,0.04806026207935388
window_seedlevel,recovery_onset_0_0p25s,false_positive_rms,6,106,0.04712637602554519
window_seedlevel,recovery_onset_0_0p25s,false_positive_rms,7,107,0.08048369712589766
window_seedlevel,recovery_onset_0_0p25s,false_positive_rms,8,108,0.049742081292352566
window_seedlevel,recovery_onset_0_0p25s,false_positive_rms,9,109,0.04381754168564425
window_seedlevel,recovery_onset_0_0p25s,false_positive_rms,10,110,0.04284700357569228
window_seedlevel,recovery_onset_0_0p25s,false_positive_rms,11,111,0.08471667955829541
window_seedlevel,recovery_onset_0_0p25s,false_positive_rms,12,112,0.0851323016974455
window_seedlevel,recovery_onset_0_0p25s,false_positive_rms,13,113,0.04062403180234673
window_seedlevel,recovery_onset_0_0p25s,false_positive_rms,14,114,0.08982955087618924
window_seedlevel,recovery_onset_0_0p25s,false_positive_rms,15,115,0.03344540382044111
window_seedlevel,recovery_onset_0_0p25s,false_positive_rms,16,116,0.09153636287460154
window_seedlevel,recovery_onset_0_0p25s,false_positive_rms,17,117,0.05244549417006584
window_seedlevel,recovery_onset_0_0p25s,false_positive_rms,18,118,0.10667959783692584
window_seedlevel,recovery_onset_0_0p25s,false_positive_rms,19,119,0.04246611770182893
window_seedlevel,recovery_onset_0_0p25s,false_positive_rms,20,120,0.09966461525456109
window_seedlevel,recovery_onset_0_0p25s,false_positive_rms,21,121,0.04294861479695248
window_seedlevel,recovery_onset_0_0p25s,false_positive_rms,22,122,0.05847459889404474
window_seedlevel,recovery_onset_0_0p25s,false_positive_rms,23,123,0.06322082453659779
window_seedlevel,recovery_onset_0_0p25s,false_positive_rms,24,124,0.028318175825816905
window_seedlevel,recovery_onset_0_0p25s,false_positive_rms,25,125,0.07706736785905802
window_seedlevel,recovery_onset_0_0p25s,false_positive_rms,26,126,0.07186037483525425
window_seedlevel,recovery_onset_0_0p25s,false_positive_rms,27,127,0.051810808822536726
window_seedlevel,recovery_onset_0_0p25s,false_positive_rms,28,128,0.04801323773580319
window_seedlevel,recovery_onset_0_0p25s,false_positive_rms,29,129,0.056966835452951815
window_seedlevel,recovery_onset_0_0p25s,fast_adaptation_norm,0,100,0.0010774058050230823
window_seedlevel,recovery_onset_0_0p25s,fast_adaptation_norm,1,101,0.0005464460409353608
window_seedlevel,recovery_onset_0_0p25s,fast_adaptation_norm,2,102,0.0006609470120964865
window_seedlevel,recovery_onset_0_0p25s,fast_adaptation_norm,3,103,0.0007106897424366297
window_seedlevel,recovery_onset_0_0p25s,fast_adaptation_norm,4,104,0.0004804727126822341
window_seedlevel,recovery_onset_0_0p25s,fast_adaptation_norm,5,105,0.0006941688650879892
window_seedlevel,recovery_onset_0_0p25s,fast_adaptation_norm,6,106,0.0006821767510992302
window_seedlevel,recovery_onset_0_0p25s,fast_adaptation_norm,7,107,0.0005448055509590019
window_seedlevel,recovery_onset_0_0p25s,fast_adaptation_norm,8,108,0.0006331443357727416
window_seedlevel,recovery_onset_0_0p25s,fast_adaptation_norm,9,109,0.0003825360023126454
window_seedlevel,recovery_onset_0_0p25s,fast_adaptation_norm,10,110,0.0004957242438303933
window_seedlevel,recovery_onset_0_0p25s,fast_adaptation_norm,11,111,0.0004505737836933289
window_seedlevel,recovery_onset_0_0p25s,fast_adaptation_norm,12,112,0.0005103818030047769
window_seedlevel,recovery_onset_0_0p25s,fast_adaptation_norm,13,113,0.0007461557196966566
window_seedlevel,recovery_onset_0_0p25s,fast_adaptation_norm,14,114,0.0004205023443004118
window_seedlevel,recovery_onset_0_0p25s,fast_adaptation_norm,15,115,0.0011190840886254215
window_seedlevel,recovery_onset_0_0p25s,fast_adaptation_norm,16,116,0.0009359226055944752
window_seedlevel,recovery_onset_0_0p25s,fast_adaptation_norm,17,117,0.0007507377317607362
window_seedlevel,recovery_onset_0_0p25s,fast_adaptation_norm,18,118,0.0008001513063928965
window_seedlevel,recovery_onset_0_0p25s,fast_adaptation_norm,19,119,0.0006620671033406508
window_seedlevel,recovery_onset_0_0p25s,fast_adaptation_norm,20,120,0.000810440892717698
window_seedlevel,recovery_onset_0_0p25s,fast_adaptation_norm,21,121,0.0005743864042098501
window_seedlevel,recovery_onset_0_0p25s,fast_adaptation_norm,22,122,0.0007642986809687448
window_seedlevel,recovery_onset_0_0p25s,fast_adaptation_norm,23,123,0.0007377649894148449
window_seedlevel,recovery_onset_0_0p25s,fast_adaptation_norm,24,124,0.0004918540205049438
window_seedlevel,recovery_onset_0_0p25s,fast_adaptation_norm,25,125,0.0008094979793116225
window_seedlevel,recovery_onset_0_0p25s,fast_adaptation_norm,26,126,0.0006540255012493227
window_seedlevel,recovery_onset_0_0p25s,fast_adaptation_norm,27,127,0.0008366083795984787
window_seedlevel,recovery_onset_0_0p25s,fast_adaptation_norm,28,128,0.0006147787770587648
window_seedlevel,recovery_onset_0_0p25s,fast_adaptation_norm,29,129,0.0005205814852781504
window_seedlevel,recovery_onset_0_0p25s,slow_adaptation_norm,0,100,0.0011183062254724466
window_seedlevel,recovery_onset_0_0p25s,slow_adaptation_norm,1,101,0.0012290898559944637
window_seedlevel,recovery_onset_0_0p25s,slow_adaptation_norm,2,102,0.0007030804951960041
window_seedlevel,recovery_onset_0_0p25s,slow_adaptation_norm,3,103,0.00044382741545339406
window_seedlevel,recovery_onset_0_0p25s,slow_adaptation_norm,4,104,0.0009345878526851085
window_seedlevel,recovery_onset_0_0p25s,slow_adaptation_norm,5,105,0.0012430200125319209
window_seedlevel,recovery_onset_0_0p25s,slow_adaptation_norm,6,106,0.0006326981268469559
window_seedlevel,recovery_onset_0_0p25s,slow_adaptation_norm,7,107,0.0007981813617985729
window_seedlevel,recovery_onset_0_0p25s,slow_adaptation_norm,8,108,0.0005461913753349066
window_seedlevel,recovery_onset_0_0p25s,slow_adaptation_norm,9,109,0.0005861919098905415
window_seedlevel,recovery_onset_0_0p25s,slow_adaptation_norm,10,110,0.0008321715364257076
window_seedlevel,recovery_onset_0_0p25s,slow_adaptation_norm,11,111,0.00044843622319537286
window_seedlevel,recovery_onset_0_0p25s,slow_adaptation_norm,12,112,0.0011326967922335855
window_seedlevel,recovery_onset_0_0p25s,slow_adaptation_norm,13,113,0.0005652356943249265
window_seedlevel,recovery_onset_0_0p25s,slow_adaptation_norm,14,114,0.0013032135654518686
window_seedlevel,recovery_onset_0_0p25s,slow_adaptation_norm,15,115,0.00046579250490567004
window_seedlevel,recovery_onset_0_0p25s,slow_adaptation_norm,16,116,0.0008685958979709693
window_seedlevel,recovery_onset_0_0p25s,slow_adaptation_norm,17,117,0.00043499062648688115
window_seedlevel,recovery_onset_0_0p25s,slow_adaptation_norm,18,118,0.000543585380649278
window_seedlevel,recovery_onset_0_0p25s,slow_adaptation_norm,19,119,0.0011236596196996754
window_seedlevel,recovery_onset_0_0p25s,slow_adaptation_norm,20,120,0.0005257327039116188
window_seedlevel,recovery_onset_0_0p25s,slow_adaptation_norm,21,121,0.00035482043980327165
window_seedlevel,recovery_onset_0_0p25s,slow_adaptation_norm,22,122,0.000615962084113905
window_seedlevel,recovery_onset_0_0p25s,slow_adaptation_norm,23,123,0.0007374924341409951
window_seedlevel,recovery_onset_0_0p25s,slow_adaptation_norm,24,124,0.0007311989874640327
window_seedlevel,recovery_onset_0_0p25s,slow_adaptation_norm,25,125,0.000677736594918634
window_seedlevel,recovery_onset_0_0p25s,slow_adaptation_norm,26,126,0.001278300184372082
window_seedlevel,recovery_onset_0_0p25s,slow_adaptation_norm,27,127,0.000662479343546998
window_seedlevel,recovery_onset_0_0p25s,slow_adaptation_norm,28,128,0.0008299170521985093
window_seedlevel,recovery_onset_0_0p25s,slow_adaptation_norm,29,129,0.0008671980780967216
window_seedlevel,recovery_onset_0_0p25s,combined_adaptation_norm,0,100,0.0020978567529233573
window_seedlevel,recovery_onset_0_0p25s,combined_adaptation_norm,1,101,0.0016244023052278994
window_seedlevel,recovery_onset_0_0p25s,combined_adaptation_norm,2,102,0.0012457671020800534
window_seedlevel,recovery_onset_0_0p25s,combined_adaptation_norm,3,103,0.0010198338256677364
window_seedlevel,recovery_onset_0_0p25s,combined_adaptation_norm,4,104,0.0009872671368704447
window_seedlevel,recovery_onset_0_0p25s,combined_adaptation_norm,5,105,0.001805435930991205
window_seedlevel,recovery_onset_0_0p25s,combined_adaptation_norm,6,106,0.0008295905246330621
window_seedlevel,recovery_onset_0_0p25s,combined_adaptation_norm,7,107,0.0012486520183336584
window_seedlevel,recovery_onset_0_0p25s,combined_adaptation_norm,8,108,0.0009286615843052987
window_seedlevel,recovery_onset_0_0p25s,combined_adaptation_norm,9,109,0.0007894676946365565
window_seedlevel,recovery_onset_0_0p25s,combined_adaptation_norm,10,110,0.0012487613022553311
window_seedlevel,recovery_onset_0_0p25s,combined_adaptation_norm,11,111,0.0008094961965776668
window_seedlevel,recovery_onset_0_0p25s,combined_adaptation_norm,12,112,0.0014818563956051484
window_seedlevel,recovery_onset_0_0p25s,combined_adaptation_norm,13,113,0.0011743314612411718
window_seedlevel,recovery_onset_0_0p25s,combined_adaptation_norm,14,114,0.0015559652522758
window_seedlevel,recovery_onset_0_0p25s,combined_adaptation_norm,15,115,0.0010514927784702143
window_seedlevel,recovery_onset_0_0p25s,combined_adaptation_norm,16,116,0.0016479161156248256
window_seedlevel,recovery_onset_0_0p25s,combined_adaptation_norm,17,117,0.0009392947800139663
window_seedlevel,recovery_onset_0_0p25s,combined_adaptation_norm,18,118,0.0010541762289765907
window_seedlevel,recovery_onset_0_0p25s,combined_adaptation_norm,19,119,0.0015893440867308052
window_seedlevel,recovery_onset_0_0p25s,combined_adaptation_norm,20,120,0.0008545483097765221
window_seedlevel,recovery_onset_0_0p25s,combined_adaptation_norm,21,121,0.0006832709642958755
window_seedlevel,recovery_onset_0_0p25s,combined_adaptation_norm,22,122,0.0012323730109120427
window_seedlevel,recovery_onset_0_0p25s,combined_adaptation_norm,23,123,0.0012917364662221192
window_seedlevel,recovery_onset_0_0p25s,combined_adaptation_norm,24,124,0.0010501317997937414
window_seedlevel,recovery_onset_0_0p25s,combined_adaptation_norm,25,125,0.0013908279845230153
window_seedlevel,recovery_onset_0_0p25s,combined_adaptation_norm,26,126,0.0018075631045939744
window_seedlevel,recovery_onset_0_0p25s,combined_adaptation_norm,27,127,0.0014102145509079568
window_seedlevel,recovery_onset_0_0p25s,combined_adaptation_norm,28,128,0.0013105355004668225
window_seedlevel,recovery_onset_0_0p25s,combined_adaptation_norm,29,129,0.0011529183949321106
window_seedlevel,early_recovery_0_2s,context_belief,0,100,0.046588876702013025
window_seedlevel,early_recovery_0_2s,context_belief,1,101,0.027412319872484842
window_seedlevel,early_recovery_0_2s,context_belief,2,102,0.032386266804065304
window_seedlevel,early_recovery_0_2s,context_belief,3,103,0.018914898979445184
window_seedlevel,early_recovery_0_2s,context_belief,4,104,0.047165245951338884
window_seedlevel,early_recovery_0_2s,context_belief,5,105,0.033564791426877655
window_seedlevel,early_recovery_0_2s,context_belief,6,106,0.026469043484482698
window_seedlevel,early_recovery_0_2s,context_belief,7,107,0.03297632533019137
window_seedlevel,early_recovery_0_2s,context_belief,8,108,0.019842965008118763
window_seedlevel,early_recovery_0_2s,context_belief,9,109,0.0263035037524054
window_seedlevel,early_recovery_0_2s,context_belief,10,110,0.04329889246950919
window_seedlevel,early_recovery_0_2s,context_belief,11,111,0.04328368716497227
window_seedlevel,early_recovery_0_2s,context_belief,12,112,0.04932253738144816
window_seedlevel,early_recovery_0_2s,context_belief,13,113,0.024923372018484907
window_seedlevel,early_recovery_0_2s,context_belief,14,114,0.052522219040384836
window_seedlevel,early_recovery_0_2s,context_belief,15,115,0.027047017767486373
window_seedlevel,early_recovery_0_2s,context_belief,16,116,0.02738823350379294
window_seedlevel,early_recovery_0_2s,context_belief,17,117,0.027448199946377753
window_seedlevel,early_recovery_0_2s,context_belief,18,118,0.05673600830143855
window_seedlevel,early_recovery_0_2s,context_belief,19,119,0.03329716661201762
window_seedlevel,early_recovery_0_2s,context_belief,20,120,0.04691888553957003
window_seedlevel,early_recovery_0_2s,context_belief,21,121,0.02826291194112189
window_seedlevel,early_recovery_0_2s,context_belief,22,122,0.04728312820583392
window_seedlevel,early_recovery_0_2s,context_belief,23,123,0.029445917147932578
window_seedlevel,early_recovery_0_2s,context_belief,24,124,0.030776211158638492
window_seedlevel,early_recovery_0_2s,context_belief,25,125,0.023921815759327846
window_seedlevel,early_recovery_0_2s,context_belief,26,126,0.03408729661103488
window_seedlevel,early_recovery_0_2s,context_belief,27,127,0.029623671161263788
window_seedlevel,early_recovery_0_2s,context_belief,28,128,0.02464372399476059
window_seedlevel,early_recovery_0_2s,context_belief,29,129,0.032594704256803705
window_seedlevel,early_recovery_0_2s,assumed_sigma_oto,0,100,0.07983937786269697
window_seedlevel,early_recovery_0_2s,assumed_sigma_oto,1,101,0.07254165506960547
window_seedlevel,early_recovery_0_2s,assumed_sigma_oto,2,102,0.07454499309388934
window_seedlevel,early_recovery_0_2s,assumed_sigma_oto,3,103,0.07021919780595892
window_seedlevel,early_recovery_0_2s,assumed_sigma_oto,4,104,0.07936218771745925
window_seedlevel,early_recovery_0_2s,assumed_sigma_oto,5,105,0.07448622628203914
window_seedlevel,early_recovery_0_2s,assumed_sigma_oto,6,106,0.07259404843879064
window_seedlevel,early_recovery_0_2s,assumed_sigma_oto,7,107,0.07494495568520283
window_seedlevel,early_recovery_0_2s,assumed_sigma_oto,8,108,0.06989168078380972
window_seedlevel,early_recovery_0_2s,assumed_sigma_oto,9,109,0.07197649147717139
window_seedlevel,early_recovery_0_2s,assumed_sigma_oto,10,110,0.07802925006515139
window_seedlevel,early_recovery_0_2s,assumed_sigma_oto,11,111,0.07842597310318246
window_seedlevel,early_recovery_0_2s,assumed_sigma_oto,12,112,0.08003657116061952
window_seedlevel,early_recovery_0_2s,assumed_sigma_oto,13,113,0.07154073461059905
window_seedlevel,early_recovery_0_2s,assumed_sigma_oto,14,114,0.08143265562972841
window_seedlevel,early_recovery_0_2s,assumed_sigma_oto,15,115,0.07240605410405186
window_seedlevel,early_recovery_0_2s,assumed_sigma_oto,16,116,0.07236928150111077
window_seedlevel,early_recovery_0_2s,assumed_sigma_oto,17,117,0.07258264305613862
window_seedlevel,early_recovery_0_2s,assumed_sigma_oto,18,118,0.08340622121006447
window_seedlevel,early_recovery_0_2s,assumed_sigma_oto,19,119,0.07493563521381827
window_seedlevel,early_recovery_0_2s,assumed_sigma_oto,20,120,0.07972262365028299
window_seedlevel,early_recovery_0_2s,assumed_sigma_oto,21,121,0.07277657510254491
window_seedlevel,early_recovery_0_2s,assumed_sigma_oto,22,122,0.0792937037532706
window_seedlevel,early_recovery_0_2s,assumed_sigma_oto,23,123,0.07316813200245914
window_seedlevel,early_recovery_0_2s,assumed_sigma_oto,24,124,0.07386898451179419
window_seedlevel,early_recovery_0_2s,assumed_sigma_oto,25,125,0.07129317651967247
window_seedlevel,early_recovery_0_2s,assumed_sigma_oto,26,126,0.07488061050583747
window_seedlevel,early_recovery_0_2s,assumed_sigma_oto,27,127,0.07373542166152218
window_seedlevel,early_recovery_0_2s,assumed_sigma_oto,28,128,0.07141843527429864
window_seedlevel,early_recovery_0_2s,assumed_sigma_oto,29,129,0.07426037690861177
window_seedlevel,early_recovery_0_2s,angular_rmse,0,100,0.04848222786890398
window_seedlevel,early_recovery_0_2s,angular_rmse,1,101,0.06345878931847994
window_seedlevel,early_recovery_0_2s,angular_rmse,2,102,0.0438423067886243
window_seedlevel,early_recovery_0_2s,angular_rmse,3,103,0.05708907454615609
window_seedlevel,early_recovery_0_2s,angular_rmse,4,104,0.04988918780243885
window_seedlevel,early_recovery_0_2s,angular_rmse,5,105,0.048939692267462295
window_seedlevel,early_recovery_0_2s,angular_rmse,6,106,0.05197806336682927
window_seedlevel,early_recovery_0_2s,angular_rmse,7,107,0.055059663715969646
window_seedlevel,early_recovery_0_2s,angular_rmse,8,108,0.04731800554822705
window_seedlevel,early_recovery_0_2s,angular_rmse,9,109,0.05486762459121157
window_seedlevel,early_recovery_0_2s,angular_rmse,10,110,0.04764087862854727
window_seedlevel,early_recovery_0_2s,angular_rmse,11,111,0.05725742977670518
window_seedlevel,early_recovery_0_2s,angular_rmse,12,112,0.05557602033778923
window_seedlevel,early_recovery_0_2s,angular_rmse,13,113,0.04752475040764798
window_seedlevel,early_recovery_0_2s,angular_rmse,14,114,0.04770630206673451
window_seedlevel,early_recovery_0_2s,angular_rmse,15,115,0.049488932921959355
window_seedlevel,early_recovery_0_2s,angular_rmse,16,116,0.05743234244964516
window_seedlevel,early_recovery_0_2s,angular_rmse,17,117,0.05839021414901709
window_seedlevel,early_recovery_0_2s,angular_rmse,18,118,0.04910816825060683
window_seedlevel,early_recovery_0_2s,angular_rmse,19,119,0.05160021766030792
window_seedlevel,early_recovery_0_2s,angular_rmse,20,120,0.05140785954924101
window_seedlevel,early_recovery_0_2s,angular_rmse,21,121,0.05161051439397846
window_seedlevel,early_recovery_0_2s,angular_rmse,22,122,0.04206742345969934
window_seedlevel,early_recovery_0_2s,angular_rmse,23,123,0.054451387468109506
window_seedlevel,early_recovery_0_2s,angular_rmse,24,124,0.05107824757306754
window_seedlevel,early_recovery_0_2s,angular_rmse,25,125,0.057982657753298444
window_seedlevel,early_recovery_0_2s,angular_rmse,26,126,0.053859824645390235
window_seedlevel,early_recovery_0_2s,angular_rmse,27,127,0.05430821344241016
window_seedlevel,early_recovery_0_2s,angular_rmse,28,128,0.04771317066552559
window_seedlevel,early_recovery_0_2s,angular_rmse,29,129,0.050258628329333324
window_seedlevel,early_recovery_0_2s,object_rmse,0,100,0.05714000377627847
window_seedlevel,early_recovery_0_2s,object_rmse,1,101,0.078313834158009
window_seedlevel,early_recovery_0_2s,object_rmse,2,102,0.058335358726536404
window_seedlevel,early_recovery_0_2s,object_rmse,3,103,
window_seedlevel,early_recovery_0_2s,object_rmse,4,104,0.08194415143242437
window_seedlevel,early_recovery_0_2s,object_rmse,5,105,
window_seedlevel,early_recovery_0_2s,object_rmse,6,106,
window_seedlevel,early_recovery_0_2s,object_rmse,7,107,0.09325498399060285
window_seedlevel,early_recovery_0_2s,object_rmse,8,108,0.055407653520810736
window_seedlevel,early_recovery_0_2s,object_rmse,9,109,
window_seedlevel,early_recovery_0_2s,object_rmse,10,110,0.06614212580040281
window_seedlevel,early_recovery_0_2s,object_rmse,11,111,0.05881843271585129
window_seedlevel,early_recovery_0_2s,object_rmse,12,112,
window_seedlevel,early_recovery_0_2s,object_rmse,13,113,0.053829338367402016
window_seedlevel,early_recovery_0_2s,object_rmse,14,114,0.049780606033134896
window_seedlevel,early_recovery_0_2s,object_rmse,15,115,0.19660759369369823
window_seedlevel,early_recovery_0_2s,object_rmse,16,116,
window_seedlevel,early_recovery_0_2s,object_rmse,17,117,0.13695383746599657
window_seedlevel,early_recovery_0_2s,object_rmse,18,118,0.058832444697361125
window_seedlevel,early_recovery_0_2s,object_rmse,19,119,
window_seedlevel,early_recovery_0_2s,object_rmse,20,120,
window_seedlevel,early_recovery_0_2s,object_rmse,21,121,0.07755285915820274
window_seedlevel,early_recovery_0_2s,object_rmse,22,122,
window_seedlevel,early_recovery_0_2s,object_rmse,23,123,
window_seedlevel,early_recovery_0_2s,object_rmse,24,124,
window_seedlevel,early_recovery_0_2s,object_rmse,25,125,
window_seedlevel,early_recovery_0_2s,object_rmse,26,126,
window_seedlevel,early_recovery_0_2s,object_rmse,27,127,0.15379004235721272
window_seedlevel,early_recovery_0_2s,object_rmse,28,128,
window_seedlevel,early_recovery_0_2s,object_rmse,29,129,
window_seedlevel,early_recovery_0_2s,false_positive_rms,0,100,0.0828381902617081
window_seedlevel,early_recovery_0_2s,false_positive_rms,1,101,0.08525675754413571
window_seedlevel,early_recovery_0_2s,false_positive_rms,2,102,0.05205467713843047
window_seedlevel,early_recovery_0_2s,false_positive_rms,3,103,0.06356902056040142
window_seedlevel,early_recovery_0_2s,false_positive_rms,4,104,0.04799264732960763
window_seedlevel,early_recovery_0_2s,false_positive_rms,5,105,0.04239941506970764
window_seedlevel,early_recovery_0_2s,false_positive_rms,6,106,0.057386830855508324
window_seedlevel,early_recovery_0_2s,false_positive_rms,7,107,0.05193170037362506
window_seedlevel,early_recovery_0_2s,false_positive_rms,8,108,0.06649702899136457
window_seedlevel,early_recovery_0_2s,false_positive_rms,9,109,0.048297180248056834
window_seedlevel,early_recovery_0_2s,false_positive_rms,10,110,0.05383071239095726
window_seedlevel,early_recovery_0_2s,false_positive_rms,11,111,0.05987221023028772
window_seedlevel,early_recovery_0_2s,false_positive_rms,12,112,0.06728509557896781
window_seedlevel,early_recovery_0_2s,false_positive_rms,13,113,0.06522001948875743
window_seedlevel,early_recovery_0_2s,false_positive_rms,14,114,0.07700609416299839
window_seedlevel,early_recovery_0_2s,false_positive_rms,15,115,0.04520591943758132
window_seedlevel,early_recovery_0_2s,false_positive_rms,16,116,0.059253477915818115
window_seedlevel,early_recovery_0_2s,false_positive_rms,17,117,0.05443121605345666
window_seedlevel,early_recovery_0_2s,false_positive_rms,18,118,0.07360466465529815
window_seedlevel,early_recovery_0_2s,false_positive_rms,19,119,0.048451096630662355
window_seedlevel,early_recovery_0_2s,false_positive_rms,20,120,0.05416513834579113
window_seedlevel,early_recovery_0_2s,false_positive_rms,21,121,0.0493195145313121
window_seedlevel,early_recovery_0_2s,false_positive_rms,22,122,0.04783155756840948
window_seedlevel,early_recovery_0_2s,false_positive_rms,23,123,0.053492031715915454
window_seedlevel,early_recovery_0_2s,false_positive_rms,24,124,0.05641241296557166
window_seedlevel,early_recovery_0_2s,false_positive_rms,25,125,0.05861046033849331
window_seedlevel,early_recovery_0_2s,false_positive_rms,26,126,0.06407128970629893
window_seedlevel,early_recovery_0_2s,false_positive_rms,27,127,0.04709198744206649
window_seedlevel,early_recovery_0_2s,false_positive_rms,28,128,0.050963459416554766
window_seedlevel,early_recovery_0_2s,false_positive_rms,29,129,0.042526602103101455
window_seedlevel,early_recovery_0_2s,fast_adaptation_norm,0,100,0.003063524135056525
window_seedlevel,early_recovery_0_2s,fast_adaptation_norm,1,101,0.002321264694230497
window_seedlevel,early_recovery_0_2s,fast_adaptation_norm,2,102,0.0023821195167758537
window_seedlevel,early_recovery_0_2s,fast_adaptation_norm,3,103,0.0015546140769522327
window_seedlevel,early_recovery_0_2s,fast_adaptation_norm,4,104,0.0014039494393319751
window_seedlevel,early_recovery_0_2s,fast_adaptation_norm,5,105,0.001429474677403343
window_seedlevel,early_recovery_0_2s,fast_adaptation_norm,6,106,0.0016138582018936775
window_seedlevel,early_recovery_0_2s,fast_adaptation_norm,7,107,0.0012399817599832448
window_seedlevel,early_recovery_0_2s,fast_adaptation_norm,8,108,0.002688036446518708
window_seedlevel,early_recovery_0_2s,fast_adaptation_norm,9,109,0.0014048311982763934
window_seedlevel,early_recovery_0_2s,fast_adaptation_norm,10,110,0.0018608509835693402
window_seedlevel,early_recovery_0_2s,fast_adaptation_norm,11,111,0.0025206398340384697
window_seedlevel,early_recovery_0_2s,fast_adaptation_norm,12,112,0.0014988075644150464
window_seedlevel,early_recovery_0_2s,fast_adaptation_norm,13,113,0.002544870084734837
window_seedlevel,early_recovery_0_2s,fast_adaptation_norm,14,114,0.0027467131302958084
window_seedlevel,early_recovery_0_2s,fast_adaptation_norm,15,115,0.0017037411935523663
window_seedlevel,early_recovery_0_2s,fast_adaptation_norm,16,116,0.001532002138577937
window_seedlevel,early_recovery_0_2s,fast_adaptation_norm,17,117,0.0014110395836771732
window_seedlevel,early_recovery_0_2s,fast_adaptation_norm,18,118,0.002010824882132142
window_seedlevel,early_recovery_0_2s,fast_adaptation_norm,19,119,0.0015931185957510027
window_seedlevel,early_recovery_0_2s,fast_adaptation_norm,20,120,0.001408409305519224
window_seedlevel,early_recovery_0_2s,fast_adaptation_norm,21,121,0.0026628671093412337
window_seedlevel,early_recovery_0_2s,fast_adaptation_norm,22,122,0.0015157436747483771
window_seedlevel,early_recovery_0_2s,fast_adaptation_norm,23,123,0.0014840750012064768
window_seedlevel,early_recovery_0_2s,fast_adaptation_norm,24,124,0.0015741806293349029
window_seedlevel,early_recovery_0_2s,fast_adaptation_norm,25,125,0.0015086426523721304
window_seedlevel,early_recovery_0_2s,fast_adaptation_norm,26,126,0.0015153949663425886
window_seedlevel,early_recovery_0_2s,fast_adaptation_norm,27,127,0.0015099941577390358
window_seedlevel,early_recovery_0_2s,fast_adaptation_norm,28,128,0.0014619833522399655
window_seedlevel,early_recovery_0_2s,fast_adaptation_norm,29,129,0.0013648059541957775
window_seedlevel,early_recovery_0_2s,slow_adaptation_norm,0,100,0.0011251364185751094
window_seedlevel,early_recovery_0_2s,slow_adaptation_norm,1,101,0.0014227944888734751
window_seedlevel,early_recovery_0_2s,slow_adaptation_norm,2,102,0.0008824012230097094
window_seedlevel,early_recovery_0_2s,slow_adaptation_norm,3,103,0.0006086502018675196
window_seedlevel,early_recovery_0_2s,slow_adaptation_norm,4,104,0.0012661375011288282
window_seedlevel,early_recovery_0_2s,slow_adaptation_norm,5,105,0.0014386048298219232
window_seedlevel,early_recovery_0_2s,slow_adaptation_norm,6,106,0.0005978670692860261
window_seedlevel,early_recovery_0_2s,slow_adaptation_norm,7,107,0.0007158534907891554
window_seedlevel,early_recovery_0_2s,slow_adaptation_norm,8,108,0.000817524881800534
window_seedlevel,early_recovery_0_2s,slow_adaptation_norm,9,109,0.0007246443267031665
window_seedlevel,early_recovery_0_2s,slow_adaptation_norm,10,110,0.001156148441342088
window_seedlevel,early_recovery_0_2s,slow_adaptation_norm,11,111,0.0007243299330531965
window_seedlevel,early_recovery_0_2s,slow_adaptation_norm,12,112,0.001282137573499441
window_seedlevel,early_recovery_0_2s,slow_adaptation_norm,13,113,0.000753793262649253
window_seedlevel,early_recovery_0_2s,slow_adaptation_norm,14,114,0.001238821166633429
window_seedlevel,early_recovery_0_2s,slow_adaptation_norm,15,115,0.0005056501794266483
window_seedlevel,early_recovery_0_2s,slow_adaptation_norm,16,116,0.0010376598202059988
window_seedlevel,early_recovery_0_2s,slow_adaptation_norm,17,117,0.0004936596252828246
window_seedlevel,early_recovery_0_2s,slow_adaptation_norm,18,118,0.0006606170120339452
window_seedlevel,early_recovery_0_2s,slow_adaptation_norm,19,119,0.0010484836457095028
window_seedlevel,early_recovery_0_2s,slow_adaptation_norm,20,120,0.0005876975193210842
window_seedlevel,early_recovery_0_2s,slow_adaptation_norm,21,121,0.0006772709605459539
window_seedlevel,early_recovery_0_2s,slow_adaptation_norm,22,122,0.0007226654428185985
window_seedlevel,early_recovery_0_2s,slow_adaptation_norm,23,123,0.0006236811935237482
window_seedlevel,early_recovery_0_2s,slow_adaptation_norm,24,124,0.0009797320178523636
window_seedlevel,early_recovery_0_2s,slow_adaptation_norm,25,125,0.0007761858968932782
window_seedlevel,early_recovery_0_2s,slow_adaptation_norm,26,126,0.0014404719509582232
window_seedlevel,early_recovery_0_2s,slow_adaptation_norm,27,127,0.0009760266335261527
window_seedlevel,early_recovery_0_2s,slow_adaptation_norm,28,128,0.0010413873807168263
window_seedlevel,early_recovery_0_2s,slow_adaptation_norm,29,129,0.0010388450109827196
window_seedlevel,early_recovery_0_2s,combined_adaptation_norm,0,100,0.004013216435484227
window_seedlevel,early_recovery_0_2s,combined_adaptation_norm,1,101,0.0036075853541027952
window_seedlevel,early_recovery_0_2s,combined_adaptation_norm,2,102,0.0030819261605294257
window_seedlevel,early_recovery_0_2s,combined_adaptation_norm,3,103,0.002049451133714796
window_seedlevel,early_recovery_0_2s,combined_adaptation_norm,4,104,0.002408890966132274
window_seedlevel,early_recovery_0_2s,combined_adaptation_norm,5,105,0.0026140834624198183
window_seedlevel,early_recovery_0_2s,combined_adaptation_norm,6,106,0.0017929754850396012
window_seedlevel,early_recovery_0_2s,combined_adaptation_norm,7,107,0.0018479802838078886
window_seedlevel,early_recovery_0_2s,combined_adaptation_norm,8,108,0.0032355896049310086
window_seedlevel,early_recovery_0_2s,combined_adaptation_norm,9,109,0.0019291024658504802
window_seedlevel,early_recovery_0_2s,combined_adaptation_norm,10,110,0.0025926145446472293
window_seedlevel,early_recovery_0_2s,combined_adaptation_norm,11,111,0.0031714416197614476
window_seedlevel,early_recovery_0_2s,combined_adaptation_norm,12,112,0.0025459934473744273
window_seedlevel,early_recovery_0_2s,combined_adaptation_norm,13,113,0.003119951374608392
window_seedlevel,early_recovery_0_2s,combined_adaptation_norm,14,114,0.0037315861544253326
window_seedlevel,early_recovery_0_2s,combined_adaptation_norm,15,115,0.0018927982436507612
window_seedlevel,early_recovery_0_2s,combined_adaptation_norm,16,116,0.0023851051938393285
window_seedlevel,early_recovery_0_2s,combined_adaptation_norm,17,117,0.0017508671290953665
window_seedlevel,early_recovery_0_2s,combined_adaptation_norm,18,118,0.002424070571107644
window_seedlevel,early_recovery_0_2s,combined_adaptation_norm,19,119,0.0023999956144007497
window_seedlevel,early_recovery_0_2s,combined_adaptation_norm,20,120,0.001805491785449434
window_seedlevel,early_recovery_0_2s,combined_adaptation_norm,21,121,0.0032363200170664108
window_seedlevel,early_recovery_0_2s,combined_adaptation_norm,22,122,0.0021151096749464733
window_seedlevel,early_recovery_0_2s,combined_adaptation_norm,23,123,0.0019510074118794184
window_seedlevel,early_recovery_0_2s,combined_adaptation_norm,24,124,0.002353628065591019
window_seedlevel,early_recovery_0_2s,combined_adaptation_norm,25,125,0.0021899630181985434
window_seedlevel,early_recovery_0_2s,combined_adaptation_norm,26,126,0.0026952543612358574
window_seedlevel,early_recovery_0_2s,combined_adaptation_norm,27,127,0.002384375615763471
window_seedlevel,early_recovery_0_2s,combined_adaptation_norm,28,128,0.002310749899522285
window_seedlevel,early_recovery_0_2s,combined_adaptation_norm,29,129,0.002206551755959289
window_seedlevel,late_recovery_last_2s,context_belief,0,100,0.0004885999043675795
window_seedlevel,late_recovery_last_2s,context_belief,1,101,0.0006395861681786893
window_seedlevel,late_recovery_last_2s,context_belief,2,102,0.00037832373911227514
window_seedlevel,late_recovery_last_2s,context_belief,3,103,0.0003931426928218781
window_seedlevel,late_recovery_last_2s,context_belief,4,104,0.000403067967241072
window_seedlevel,late_recovery_last_2s,context_belief,5,105,0.0003502313563319689
window_seedlevel,late_recovery_last_2s,context_belief,6,106,0.0005186191298270095
window_seedlevel,late_recovery_last_2s,context_belief,7,107,0.00037884422241855523
window_seedlevel,late_recovery_last_2s,context_belief,8,108,0.00034896843550147186
window_seedlevel,late_recovery_last_2s,context_belief,9,109,0.000376827109561068
window_seedlevel,late_recovery_last_2s,context_belief,10,110,0.00036224694324785573
window_seedlevel,late_recovery_last_2s,context_belief,11,111,0.0003881053161258536
window_seedlevel,late_recovery_last_2s,context_belief,12,112,0.0003873530254039925
window_seedlevel,late_recovery_last_2s,context_belief,13,113,0.0006033435872522254
window_seedlevel,late_recovery_last_2s,context_belief,14,114,0.00046240181927017674
window_seedlevel,late_recovery_last_2s,context_belief,15,115,0.0003477176382355208
window_seedlevel,late_recovery_last_2s,context_belief,16,116,0.00039931475382918246
window_seedlevel,late_recovery_last_2s,context_belief,17,117,0.0003619251113227362
window_seedlevel,late_recovery_last_2s,context_belief,18,118,0.00036531592749107576
window_seedlevel,late_recovery_last_2s,context_belief,19,119,0.00036973082409827717
window_seedlevel,late_recovery_last_2s,context_belief,20,120,0.00039362148313749375
window_seedlevel,late_recovery_last_2s,context_belief,21,121,0.000429255873093655
window_seedlevel,late_recovery_last_2s,context_belief,22,122,0.00046114986879990496
window_seedlevel,late_recovery_last_2s,context_belief,23,123,0.0003590376277113041
window_seedlevel,late_recovery_last_2s,context_belief,24,124,0.00041043363001456084
window_seedlevel,late_recovery_last_2s,context_belief,25,125,0.000537187136238807
window_seedlevel,late_recovery_last_2s,context_belief,26,126,0.0005201923583128864
window_seedlevel,late_recovery_last_2s,context_belief,27,127,0.0004166561456078256
window_seedlevel,late_recovery_last_2s,context_belief,28,128,0.0004465195048583698
window_seedlevel,late_recovery_last_2s,context_belief,29,129,0.0003751124638231906
window_seedlevel,late_recovery_last_2s,assumed_sigma_oto,0,100,0.060610827912983944
window_seedlevel,late_recovery_last_2s,assumed_sigma_oto,1,101,0.06076488195073887
window_seedlevel,late_recovery_last_2s,assumed_sigma_oto,2,102,0.060490014394090214
window_seedlevel,late_recovery_last_2s,assumed_sigma_oto,3,103,0.06050857971752338
window_seedlevel,late_recovery_last_2s,assumed_sigma_oto,4,104,0.06052124031086649
window_seedlevel,late_recovery_last_2s,assumed_sigma_oto,5,105,0.06047171920309295
window_seedlevel,late_recovery_last_2s,assumed_sigma_oto,6,106,0.0606618187399142
window_seedlevel,late_recovery_last_2s,assumed_sigma_oto,7,107,0.060491023075121345
window_seedlevel,late_recovery_last_2s,assumed_sigma_oto,8,108,0.06045301410851546
window_seedlevel,late_recovery_last_2s,assumed_sigma_oto,9,109,0.0604883409906712
window_seedlevel,late_recovery_last_2s,assumed_sigma_oto,10,110,0.06046977289327238
window_seedlevel,late_recovery_last_2s,assumed_sigma_oto,11,111,0.06050241450897407
window_seedlevel,late_recovery_last_2s,assumed_sigma_oto,12,112,0.06050131952106571
window_seedlevel,late_recovery_last_2s,assumed_sigma_oto,13,113,0.06074544020180256
window_seedlevel,late_recovery_last_2s,assumed_sigma_oto,14,114,0.060592744947842746
window_seedlevel,late_recovery_last_2s,assumed_sigma_oto,15,115,0.06045120382040036
window_seedlevel,late_recovery_last_2s,assumed_sigma_oto,16,116,0.06051636391356979
window_seedlevel,late_recovery_last_2s,assumed_sigma_oto,17,117,0.06046940136659485
window_seedlevel,late_recovery_last_2s,assumed_sigma_oto,18,118,0.06047370013610424
window_seedlevel,late_recovery_last_2s,assumed_sigma_oto,19,119,0.06047908554113324
window_seedlevel,late_recovery_last_2s,assumed_sigma_oto,20,120,0.060509810261119734
window_seedlevel,late_recovery_last_2s,assumed_sigma_oto,21,121,0.06054835502208793
window_seedlevel,late_recovery_last_2s,assumed_sigma_oto,22,122,0.060582253908004
window_seedlevel,late_recovery_last_2s,assumed_sigma_oto,23,123,0.06046586941798836
window_seedlevel,late_recovery_last_2s,assumed_sigma_oto,24,124,0.06053037040530257
window_seedlevel,late_recovery_last_2s,assumed_sigma_oto,25,125,0.06065229893618869
window_seedlevel,late_recovery_last_2s,assumed_sigma_oto,26,126,0.06063324147129718
window_seedlevel,late_recovery_last_2s,assumed_sigma_oto,27,127,0.060537808565537254
window_seedlevel,late_recovery_last_2s,assumed_sigma_oto,28,128,0.06056468116245421
window_seedlevel,late_recovery_last_2s,assumed_sigma_oto,29,129,0.06048618266915449
window_seedlevel,late_recovery_last_2s,angular_rmse,0,100,0.05552818852561428
window_seedlevel,late_recovery_last_2s,angular_rmse,1,101,0.05665746011787863
window_seedlevel,late_recovery_last_2s,angular_rmse,2,102,0.04510473549440429
window_seedlevel,late_recovery_last_2s,angular_rmse,3,103,0.05954177165245731
window_seedlevel,late_recovery_last_2s,angular_rmse,4,104,0.05425074475758314
window_seedlevel,late_recovery_last_2s,angular_rmse,5,105,0.05164949507373819
window_seedlevel,late_recovery_last_2s,angular_rmse,6,106,0.05222787488278154
window_seedlevel,late_recovery_last_2s,angular_rmse,7,107,0.05426904565752039
window_seedlevel,late_recovery_last_2s,angular_rmse,8,108,0.05430723478653452
window_seedlevel,late_recovery_last_2s,angular_rmse,9,109,0.051680830703163545
window_seedlevel,late_recovery_last_2s,angular_rmse,10,110,0.05427168585278464
window_seedlevel,late_recovery_last_2s,angular_rmse,11,111,0.050562256288919985
window_seedlevel,late_recovery_last_2s,angular_rmse,12,112,0.04947140679669503
window_seedlevel,late_recovery_last_2s,angular_rmse,13,113,0.061374556320763114
window_seedlevel,late_recovery_last_2s,angular_rmse,14,114,0.045777525994089206
window_seedlevel,late_recovery_last_2s,angular_rmse,15,115,0.050397991194755215
window_seedlevel,late_recovery_last_2s,angular_rmse,16,116,0.05158252690905405
window_seedlevel,late_recovery_last_2s,angular_rmse,17,117,0.055041750762672904
window_seedlevel,late_recovery_last_2s,angular_rmse,18,118,0.04615057156901278
window_seedlevel,late_recovery_last_2s,angular_rmse,19,119,0.05090039214583177
window_seedlevel,late_recovery_last_2s,angular_rmse,20,120,0.05699054845904367
window_seedlevel,late_recovery_last_2s,angular_rmse,21,121,0.058842296527991264
window_seedlevel,late_recovery_last_2s,angular_rmse,22,122,0.057057253161956575
window_seedlevel,late_recovery_last_2s,angular_rmse,23,123,0.052657674493424754
window_seedlevel,late_recovery_last_2s,angular_rmse,24,124,0.04986146023061201
window_seedlevel,late_recovery_last_2s,angular_rmse,25,125,0.0517375025418755
window_seedlevel,late_recovery_last_2s,angular_rmse,26,126,0.056754403275722176
window_seedlevel,late_recovery_last_2s,angular_rmse,27,127,0.051392853698918224
window_seedlevel,late_recovery_last_2s,angular_rmse,28,128,0.054776649818967835
window_seedlevel,late_recovery_last_2s,angular_rmse,29,129,0.06100779408339937
window_seedlevel,late_recovery_last_2s,object_rmse,0,100,
window_seedlevel,late_recovery_last_2s,object_rmse,1,101,0.08771764132397207
window_seedlevel,late_recovery_last_2s,object_rmse,2,102,0.08534369552780748
window_seedlevel,late_recovery_last_2s,object_rmse,3,103,0.06765523889611928
window_seedlevel,late_recovery_last_2s,object_rmse,4,104,0.06515849014619828
window_seedlevel,late_recovery_last_2s,object_rmse,5,105,
window_seedlevel,late_recovery_last_2s,object_rmse,6,106,
window_seedlevel,late_recovery_last_2s,object_rmse,7,107,0.062034336250121294
window_seedlevel,late_recovery_last_2s,object_rmse,8,108,
window_seedlevel,late_recovery_last_2s,object_rmse,9,109,0.051879545753858315
window_seedlevel,late_recovery_last_2s,object_rmse,10,110,0.07437055440148202
window_seedlevel,late_recovery_last_2s,object_rmse,11,111,
window_seedlevel,late_recovery_last_2s,object_rmse,12,112,0.07024915776423474
window_seedlevel,late_recovery_last_2s,object_rmse,13,113,
window_seedlevel,late_recovery_last_2s,object_rmse,14,114,0.040025196558298996
window_seedlevel,late_recovery_last_2s,object_rmse,15,115,
window_seedlevel,late_recovery_last_2s,object_rmse,16,116,0.0817050495973076
window_seedlevel,late_recovery_last_2s,object_rmse,17,117,
window_seedlevel,late_recovery_last_2s,object_rmse,18,118,
window_seedlevel,late_recovery_last_2s,object_rmse,19,119,0.07082261123976416
window_seedlevel,late_recovery_last_2s,object_rmse,20,120,0.06835948877182234
window_seedlevel,late_recovery_last_2s,object_rmse,21,121,
window_seedlevel,late_recovery_last_2s,object_rmse,22,122,0.044530123515225416
window_seedlevel,late_recovery_last_2s,object_rmse,23,123,0.04447370872412858
window_seedlevel,late_recovery_last_2s,object_rmse,24,124,0.05400645855639755
window_seedlevel,late_recovery_last_2s,object_rmse,25,125,0.05145998975576188
window_seedlevel,late_recovery_last_2s,object_rmse,26,126,0.04421277883096053
window_seedlevel,late_recovery_last_2s,object_rmse,27,127,
window_seedlevel,late_recovery_last_2s,object_rmse,28,128,0.07708936539177892
window_seedlevel,late_recovery_last_2s,object_rmse,29,129,0.1118639777983678
window_seedlevel,late_recovery_last_2s,false_positive_rms,0,100,0.058742065878409196
window_seedlevel,late_recovery_last_2s,false_positive_rms,1,101,0.07480538751931429
window_seedlevel,late_recovery_last_2s,false_positive_rms,2,102,0.04989823432669253
window_seedlevel,late_recovery_last_2s,false_positive_rms,3,103,0.0696482713205795
window_seedlevel,late_recovery_last_2s,false_positive_rms,4,104,0.05581863008751735
window_seedlevel,late_recovery_last_2s,false_positive_rms,5,105,0.042064094022401466
window_seedlevel,late_recovery_last_2s,false_positive_rms,6,106,0.05230498437430084
window_seedlevel,late_recovery_last_2s,false_positive_rms,7,107,0.055230418468643655
window_seedlevel,late_recovery_last_2s,false_positive_rms,8,108,0.04521752775512013
window_seedlevel,late_recovery_last_2s,false_positive_rms,9,109,0.05572920197888014
window_seedlevel,late_recovery_last_2s,false_positive_rms,10,110,0.09564935294637407
window_seedlevel,late_recovery_last_2s,false_positive_rms,11,111,0.053180819914262
window_seedlevel,late_recovery_last_2s,false_positive_rms,12,112,0.0533117573674832
window_seedlevel,late_recovery_last_2s,false_positive_rms,13,113,0.06072375139946987
window_seedlevel,late_recovery_last_2s,false_positive_rms,14,114,0.06971155393392905
window_seedlevel,late_recovery_last_2s,false_positive_rms,15,115,0.05782673399853416
window_seedlevel,late_recovery_last_2s,false_positive_rms,16,116,0.06201201585344402
window_seedlevel,late_recovery_last_2s,false_positive_rms,17,117,0.048078069611907734
window_seedlevel,late_recovery_last_2s,false_positive_rms,18,118,0.04997746807958082
window_seedlevel,late_recovery_last_2s,false_positive_rms,19,119,0.06805376088404874
window_seedlevel,late_recovery_last_2s,false_positive_rms,20,120,0.0628377501220947
window_seedlevel,late_recovery_last_2s,false_positive_rms,21,121,0.059645816308419565
window_seedlevel,late_recovery_last_2s,false_positive_rms,22,122,0.07911445707851976
window_seedlevel,late_recovery_last_2s,false_positive_rms,23,123,0.07083476074835762
window_seedlevel,late_recovery_last_2s,false_positive_rms,24,124,0.05905924961469799
window_seedlevel,late_recovery_last_2s,false_positive_rms,25,125,0.07118816982902891
window_seedlevel,late_recovery_last_2s,false_positive_rms,26,126,0.07035945303638737
window_seedlevel,late_recovery_last_2s,false_positive_rms,27,127,0.050524162002504994
window_seedlevel,late_recovery_last_2s,false_positive_rms,28,128,0.08303701922487297
window_seedlevel,late_recovery_last_2s,false_positive_rms,29,129,0.08517420279188685
window_seedlevel,late_recovery_last_2s,fast_adaptation_norm,0,100,0.0019413641597975542
window_seedlevel,late_recovery_last_2s,fast_adaptation_norm,1,101,0.0024379997312195677
window_seedlevel,late_recovery_last_2s,fast_adaptation_norm,2,102,0.0021946177145998093
window_seedlevel,late_recovery_last_2s,fast_adaptation_norm,3,103,0.0031571443271793055
window_seedlevel,late_recovery_last_2s,fast_adaptation_norm,4,104,0.002412981184036882
window_seedlevel,late_recovery_last_2s,fast_adaptation_norm,5,105,0.0018332349724250138
window_seedlevel,late_recovery_last_2s,fast_adaptation_norm,6,106,0.0016622887834279495
window_seedlevel,late_recovery_last_2s,fast_adaptation_norm,7,107,0.002177938774226671
window_seedlevel,late_recovery_last_2s,fast_adaptation_norm,8,108,0.0017388741592105873
window_seedlevel,late_recovery_last_2s,fast_adaptation_norm,9,109,0.002138589570428365
window_seedlevel,late_recovery_last_2s,fast_adaptation_norm,10,110,0.0022415854974965244
window_seedlevel,late_recovery_last_2s,fast_adaptation_norm,11,111,0.0017309384202494555
window_seedlevel,late_recovery_last_2s,fast_adaptation_norm,12,112,0.0024320610880518515
window_seedlevel,late_recovery_last_2s,fast_adaptation_norm,13,113,0.0019034400461064396
window_seedlevel,late_recovery_last_2s,fast_adaptation_norm,14,114,0.00330296199366645
window_seedlevel,late_recovery_last_2s,fast_adaptation_norm,15,115,0.0016787765815634687
window_seedlevel,late_recovery_last_2s,fast_adaptation_norm,16,116,0.0027473874784241753
window_seedlevel,late_recovery_last_2s,fast_adaptation_norm,17,117,0.0017222489804967446
window_seedlevel,late_recovery_last_2s,fast_adaptation_norm,18,118,0.001948930945936681
window_seedlevel,late_recovery_last_2s,fast_adaptation_norm,19,119,0.00294905708505356
window_seedlevel,late_recovery_last_2s,fast_adaptation_norm,20,120,0.0023789569906006985
window_seedlevel,late_recovery_last_2s,fast_adaptation_norm,21,121,0.0017757348113376056
window_seedlevel,late_recovery_last_2s,fast_adaptation_norm,22,122,0.0032089626457881926
window_seedlevel,late_recovery_last_2s,fast_adaptation_norm,23,123,0.003484159488367139
window_seedlevel,late_recovery_last_2s,fast_adaptation_norm,24,124,0.0016211784423083545
window_seedlevel,late_recovery_last_2s,fast_adaptation_norm,25,125,0.0014577643191686967
window_seedlevel,late_recovery_last_2s,fast_adaptation_norm,26,126,0.002149277572992224
window_seedlevel,late_recovery_last_2s,fast_adaptation_norm,27,127,0.0016693973074645868
window_seedlevel,late_recovery_last_2s,fast_adaptation_norm,28,128,0.0017531994954759402
window_seedlevel,late_recovery_last_2s,fast_adaptation_norm,29,129,0.002861933079015263
window_seedlevel,late_recovery_last_2s,slow_adaptation_norm,0,100,0.0015248012509854719
window_seedlevel,late_recovery_last_2s,slow_adaptation_norm,1,101,0.0020110878246474297
window_seedlevel,late_recovery_last_2s,slow_adaptation_norm,2,102,0.0007949975076169285
window_seedlevel,late_recovery_last_2s,slow_adaptation_norm,3,103,0.0023456084294639972
window_seedlevel,late_recovery_last_2s,slow_adaptation_norm,4,104,0.0015514793425666128
window_seedlevel,late_recovery_last_2s,slow_adaptation_norm,5,105,0.0026980569819491946
window_seedlevel,late_recovery_last_2s,slow_adaptation_norm,6,106,0.0010829377622587585
window_seedlevel,late_recovery_last_2s,slow_adaptation_norm,7,107,0.0009851802096921527
window_seedlevel,late_recovery_last_2s,slow_adaptation_norm,8,108,0.000662318737657622
window_seedlevel,late_recovery_last_2s,slow_adaptation_norm,9,109,0.0008767954742785435
window_seedlevel,late_recovery_last_2s,slow_adaptation_norm,10,110,0.0014935327982611545
window_seedlevel,late_recovery_last_2s,slow_adaptation_norm,11,111,0.0014768855916835694
window_seedlevel,late_recovery_last_2s,slow_adaptation_norm,12,112,0.0016108475806395407
window_seedlevel,late_recovery_last_2s,slow_adaptation_norm,13,113,0.0018996877031268538
window_seedlevel,late_recovery_last_2s,slow_adaptation_norm,14,114,0.002161050823952804
window_seedlevel,late_recovery_last_2s,slow_adaptation_norm,15,115,0.0013781212992194697
window_seedlevel,late_recovery_last_2s,slow_adaptation_norm,16,116,0.0023399479118334744
window_seedlevel,late_recovery_last_2s,slow_adaptation_norm,17,117,0.0009317166460465476
window_seedlevel,late_recovery_last_2s,slow_adaptation_norm,18,118,0.0015048195014572751
window_seedlevel,late_recovery_last_2s,slow_adaptation_norm,19,119,0.0013206615582459194
window_seedlevel,late_recovery_last_2s,slow_adaptation_norm,20,120,0.0008858534640417443
window_seedlevel,late_recovery_last_2s,slow_adaptation_norm,21,121,0.0018524222846755566
window_seedlevel,late_recovery_last_2s,slow_adaptation_norm,22,122,0.0021583177363753976
window_seedlevel,late_recovery_last_2s,slow_adaptation_norm,23,123,0.0020086179913674862
window_seedlevel,late_recovery_last_2s,slow_adaptation_norm,24,124,0.0019408646048995053
window_seedlevel,late_recovery_last_2s,slow_adaptation_norm,25,125,0.0006285351444648611
window_seedlevel,late_recovery_last_2s,slow_adaptation_norm,26,126,0.0010618541415474065
window_seedlevel,late_recovery_last_2s,slow_adaptation_norm,27,127,0.0007148467583387987
window_seedlevel,late_recovery_last_2s,slow_adaptation_norm,28,128,0.0014357097467526472
window_seedlevel,late_recovery_last_2s,slow_adaptation_norm,29,129,0.0023666000139358797
window_seedlevel,late_recovery_last_2s,combined_adaptation_norm,0,100,0.003222646717119177
window_seedlevel,late_recovery_last_2s,combined_adaptation_norm,1,101,0.003624508207217233
window_seedlevel,late_recovery_last_2s,combined_adaptation_norm,2,102,0.002726584379379988
window_seedlevel,late_recovery_last_2s,combined_adaptation_norm,3,103,0.005334457894108888
window_seedlevel,late_recovery_last_2s,combined_adaptation_norm,4,104,0.0030393317604282973
window_seedlevel,late_recovery_last_2s,combined_adaptation_norm,5,105,0.004206419320595811
window_seedlevel,late_recovery_last_2s,combined_adaptation_norm,6,106,0.0024226343112003245
window_seedlevel,late_recovery_last_2s,combined_adaptation_norm,7,107,0.0028005294152764924
window_seedlevel,late_recovery_last_2s,combined_adaptation_norm,8,108,0.0022162752334701067
window_seedlevel,late_recovery_last_2s,combined_adaptation_norm,9,109,0.0023360374351465802
window_seedlevel,late_recovery_last_2s,combined_adaptation_norm,10,110,0.0036862917945275995
window_seedlevel,late_recovery_last_2s,combined_adaptation_norm,11,111,0.0029347418968462937
window_seedlevel,late_recovery_last_2s,combined_adaptation_norm,12,112,0.0031975629797832738
window_seedlevel,late_recovery_last_2s,combined_adaptation_norm,13,113,0.003623591353447642
window_seedlevel,late_recovery_last_2s,combined_adaptation_norm,14,114,0.005077497468301082
window_seedlevel,late_recovery_last_2s,combined_adaptation_norm,15,115,0.0028975382574821756
window_seedlevel,late_recovery_last_2s,combined_adaptation_norm,16,116,0.0044013158058631065
window_seedlevel,late_recovery_last_2s,combined_adaptation_norm,17,117,0.002023481952936988
window_seedlevel,late_recovery_last_2s,combined_adaptation_norm,18,118,0.003272075466385773
window_seedlevel,late_recovery_last_2s,combined_adaptation_norm,19,119,0.004006822321366218
window_seedlevel,late_recovery_last_2s,combined_adaptation_norm,20,120,0.0030214383841067716
window_seedlevel,late_recovery_last_2s,combined_adaptation_norm,21,121,0.003273365341017577
window_seedlevel,late_recovery_last_2s,combined_adaptation_norm,22,122,0.005028298498783303
window_seedlevel,late_recovery_last_2s,combined_adaptation_norm,23,123,0.005255891914752748
window_seedlevel,late_recovery_last_2s,combined_adaptation_norm,24,124,0.0024243547282790886
window_seedlevel,late_recovery_last_2s,combined_adaptation_norm,25,125,0.0018580684005477352
window_seedlevel,late_recovery_last_2s,combined_adaptation_norm,26,126,0.0023690685792894465
window_seedlevel,late_recovery_last_2s,combined_adaptation_norm,27,127,0.002191996560568404
window_seedlevel,late_recovery_last_2s,combined_adaptation_norm,28,128,0.002996029138999415
window_seedlevel,late_recovery_last_2s,combined_adaptation_norm,29,129,0.00503418138244206
window_seedlevel,final_recovery_last_0p5s,context_belief,0,100,0.00039749094241593383
window_seedlevel,final_recovery_last_0p5s,context_belief,1,101,0.00045562155928567975
window_seedlevel,final_recovery_last_0p5s,context_belief,2,102,0.000379078914134494
window_seedlevel,final_recovery_last_0p5s,context_belief,3,103,0.0003431921812654779
window_seedlevel,final_recovery_last_0p5s,context_belief,4,104,0.00038396007540443213
window_seedlevel,final_recovery_last_0p5s,context_belief,5,105,0.0003363753077137639
window_seedlevel,final_recovery_last_0p5s,context_belief,6,106,0.0005744378825083919
window_seedlevel,final_recovery_last_0p5s,context_belief,7,107,0.0003353501304664782
window_seedlevel,final_recovery_last_0p5s,context_belief,8,108,0.00036125069712410445
window_seedlevel,final_recovery_last_0p5s,context_belief,9,109,0.0003353501304664782
window_seedlevel,final_recovery_last_0p5s,context_belief,10,110,0.0003463569943972042
window_seedlevel,final_recovery_last_0p5s,context_belief,11,111,0.00034009318515934085
window_seedlevel,final_recovery_last_0p5s,context_belief,12,112,0.00034231934366855954
window_seedlevel,final_recovery_last_0p5s,context_belief,13,113,0.001377441825698051
window_seedlevel,final_recovery_last_0p5s,context_belief,14,114,0.0003378135888721574
window_seedlevel,final_recovery_last_0p5s,context_belief,15,115,0.0003366850878559396
window_seedlevel,final_recovery_last_0p5s,context_belief,16,116,0.00039992252992913176
window_seedlevel,final_recovery_last_0p5s,context_belief,17,117,0.000417358162649102
window_seedlevel,final_recovery_last_0p5s,context_belief,18,118,0.0003410493271798358
window_seedlevel,final_recovery_last_0p5s,context_belief,19,119,0.00041552994751072487
window_seedlevel,final_recovery_last_0p5s,context_belief,20,120,0.00038045345334066367
window_seedlevel,final_recovery_last_0p5s,context_belief,21,121,0.0005782684276486555
window_seedlevel,final_recovery_last_0p5s,context_belief,22,122,0.00035810885306391545
window_seedlevel,final_recovery_last_0p5s,context_belief,23,123,0.0003447183931619262
window_seedlevel,final_recovery_last_0p5s,context_belief,24,124,0.0004011128340581734
window_seedlevel,final_recovery_last_0p5s,context_belief,25,125,0.0003353501304664782
window_seedlevel,final_recovery_last_0p5s,context_belief,26,126,0.000335660797535888
window_seedlevel,final_recovery_last_0p5s,context_belief,27,127,0.0003775516263844925
window_seedlevel,final_recovery_last_0p5s,context_belief,28,128,0.0003370907207317132
window_seedlevel,final_recovery_last_0p5s,context_belief,29,129,0.0003791578022678936
window_seedlevel,final_recovery_last_0p5s,assumed_sigma_oto,0,100,0.060514507334375287
window_seedlevel,final_recovery_last_0p5s,assumed_sigma_oto,1,101,0.06061259917847821
window_seedlevel,final_recovery_last_0p5s,assumed_sigma_oto,2,102,0.060491305751880046
window_seedlevel,final_recovery_last_0p5s,assumed_sigma_oto,3,103,0.06044561083250311
window_seedlevel,final_recovery_last_0p5s,assumed_sigma_oto,4,104,0.06049711478685685
window_seedlevel,final_recovery_last_0p5s,assumed_sigma_oto,5,105,0.06043681871105942
window_seedlevel,final_recovery_last_0p5s,assumed_sigma_oto,6,106,0.06073438524692136
window_seedlevel,final_recovery_last_0p5s,assumed_sigma_oto,7,107,0.06043549255532677
window_seedlevel,final_recovery_last_0p5s,assumed_sigma_oto,8,108,0.06046874474094132
window_seedlevel,final_recovery_last_0p5s,assumed_sigma_oto,9,109,0.06043549255532677
window_seedlevel,final_recovery_last_0p5s,assumed_sigma_oto,10,110,0.060449651860973036
window_seedlevel,final_recovery_last_0p5s,assumed_sigma_oto,11,111,0.06044336031315796
window_seedlevel,final_recovery_last_0p5s,assumed_sigma_oto,12,112,0.060444497283337936
window_seedlevel,final_recovery_last_0p5s,assumed_sigma_oto,13,113,0.06163673958788695
window_seedlevel,final_recovery_last_0p5s,assumed_sigma_oto,14,114,0.06043867796300692
window_seedlevel,final_recovery_last_0p5s,assumed_sigma_oto,15,115,0.06043664941000444
window_seedlevel,final_recovery_last_0p5s,assumed_sigma_oto,16,116,0.060518552951066236
window_seedlevel,final_recovery_last_0p5s,assumed_sigma_oto,17,117,0.06053977933530231
window_seedlevel,final_recovery_last_0p5s,assumed_sigma_oto,18,118,0.06044407223162571
window_seedlevel,final_recovery_last_0p5s,assumed_sigma_oto,19,119,0.0605363544865197
window_seedlevel,final_recovery_last_0p5s,assumed_sigma_oto,20,120,0.06049277031686526
window_seedlevel,final_recovery_last_0p5s,assumed_sigma_oto,21,121,0.06071798377671131
window_seedlevel,final_recovery_last_0p5s,assumed_sigma_oto,22,122,0.06046467000557567
window_seedlevel,final_recovery_last_0p5s,assumed_sigma_oto,23,123,0.060447590621289446
window_seedlevel,final_recovery_last_0p5s,assumed_sigma_oto,24,124,0.060519480307069655
window_seedlevel,final_recovery_last_0p5s,assumed_sigma_oto,25,125,0.06043619628568377
window_seedlevel,final_recovery_last_0p5s,assumed_sigma_oto,26,126,0.060435894473559654
window_seedlevel,final_recovery_last_0p5s,assumed_sigma_oto,27,127,0.060489305743491074
window_seedlevel,final_recovery_last_0p5s,assumed_sigma_oto,28,128,0.06043774372068984
window_seedlevel,final_recovery_last_0p5s,assumed_sigma_oto,29,129,0.060491241945752755
window_seedlevel,final_recovery_last_0p5s,angular_rmse,0,100,0.054614862710612354
window_seedlevel,final_recovery_last_0p5s,angular_rmse,1,101,0.04702815028089785
window_seedlevel,final_recovery_last_0p5s,angular_rmse,2,102,0.04022653606052752
window_seedlevel,final_recovery_last_0p5s,angular_rmse,3,103,0.05719950696174459
window_seedlevel,final_recovery_last_0p5s,angular_rmse,4,104,0.055044790072849265
window_seedlevel,final_recovery_last_0p5s,angular_rmse,5,105,0.04579065325798623
window_seedlevel,final_recovery_last_0p5s,angular_rmse,6,106,0.050570007587439986
window_seedlevel,final_recovery_last_0p5s,angular_rmse,7,107,0.0559489482385496
window_seedlevel,final_recovery_last_0p5s,angular_rmse,8,108,0.053948017681994115
window_seedlevel,final_recovery_last_0p5s,angular_rmse,9,109,0.05642265095308103
window_seedlevel,final_recovery_last_0p5s,angular_rmse,10,110,0.06545466073115223
window_seedlevel,final_recovery_last_0p5s,angular_rmse,11,111,0.04808127102719603
window_seedlevel,final_recovery_last_0p5s,angular_rmse,12,112,0.04839035654201891
window_seedlevel,final_recovery_last_0p5s,angular_rmse,13,113,0.0527453696052329
window_seedlevel,final_recovery_last_0p5s,angular_rmse,14,114,0.0434666909335479
window_seedlevel,final_recovery_last_0p5s,angular_rmse,15,115,0.04545265956054193
window_seedlevel,final_recovery_last_0p5s,angular_rmse,16,116,0.0508453076782451
window_seedlevel,final_recovery_last_0p5s,angular_rmse,17,117,0.053882420504004463
window_seedlevel,final_recovery_last_0p5s,angular_rmse,18,118,0.052718347647816736
window_seedlevel,final_recovery_last_0p5s,angular_rmse,19,119,0.05643453509662944
window_seedlevel,final_recovery_last_0p5s,angular_rmse,20,120,0.056697501460379815
window_seedlevel,final_recovery_last_0p5s,angular_rmse,21,121,0.05981014394144904
window_seedlevel,final_recovery_last_0p5s,angular_rmse,22,122,0.0481094346092137
window_seedlevel,final_recovery_last_0p5s,angular_rmse,23,123,0.042677915775611724
window_seedlevel,final_recovery_last_0p5s,angular_rmse,24,124,0.047442103653740846
window_seedlevel,final_recovery_last_0p5s,angular_rmse,25,125,0.04351664497376275
window_seedlevel,final_recovery_last_0p5s,angular_rmse,26,126,0.053079398134652095
window_seedlevel,final_recovery_last_0p5s,angular_rmse,27,127,0.049453225284005725
window_seedlevel,final_recovery_last_0p5s,angular_rmse,28,128,0.053682803032385006
window_seedlevel,final_recovery_last_0p5s,angular_rmse,29,129,0.05803360987072704
window_seedlevel,final_recovery_last_0p5s,object_rmse,0,100,
window_seedlevel,final_recovery_last_0p5s,object_rmse,1,101,
window_seedlevel,final_recovery_last_0p5s,object_rmse,2,102,
window_seedlevel,final_recovery_last_0p5s,object_rmse,3,103,
window_seedlevel,final_recovery_last_0p5s,object_rmse,4,104,
window_seedlevel,final_recovery_last_0p5s,object_rmse,5,105,
window_seedlevel,final_recovery_last_0p5s,object_rmse,6,106,
window_seedlevel,final_recovery_last_0p5s,object_rmse,7,107,
window_seedlevel,final_recovery_last_0p5s,object_rmse,8,108,
window_seedlevel,final_recovery_last_0p5s,object_rmse,9,109,
window_seedlevel,final_recovery_last_0p5s,object_rmse,10,110,
window_seedlevel,final_recovery_last_0p5s,object_rmse,11,111,
window_seedlevel,final_recovery_last_0p5s,object_rmse,12,112,
window_seedlevel,final_recovery_last_0p5s,object_rmse,13,113,
window_seedlevel,final_recovery_last_0p5s,object_rmse,14,114,
window_seedlevel,final_recovery_last_0p5s,object_rmse,15,115,
window_seedlevel,final_recovery_last_0p5s,object_rmse,16,116,
window_seedlevel,final_recovery_last_0p5s,object_rmse,17,117,
window_seedlevel,final_recovery_last_0p5s,object_rmse,18,118,
window_seedlevel,final_recovery_last_0p5s,object_rmse,19,119,
window_seedlevel,final_recovery_last_0p5s,object_rmse,20,120,
window_seedlevel,final_recovery_last_0p5s,object_rmse,21,121,
window_seedlevel,final_recovery_last_0p5s,object_rmse,22,122,
window_seedlevel,final_recovery_last_0p5s,object_rmse,23,123,
window_seedlevel,final_recovery_last_0p5s,object_rmse,24,124,
window_seedlevel,final_recovery_last_0p5s,object_rmse,25,125,
window_seedlevel,final_recovery_last_0p5s,object_rmse,26,126,
window_seedlevel,final_recovery_last_0p5s,object_rmse,27,127,
window_seedlevel,final_recovery_last_0p5s,object_rmse,28,128,
window_seedlevel,final_recovery_last_0p5s,object_rmse,29,129,
window_seedlevel,final_recovery_last_0p5s,false_positive_rms,0,100,0.06405454236337944
window_seedlevel,final_recovery_last_0p5s,false_positive_rms,1,101,0.07352238799777458
window_seedlevel,final_recovery_last_0p5s,false_positive_rms,2,102,0.027567219177363607
window_seedlevel,final_recovery_last_0p5s,false_positive_rms,3,103,0.07612016736093599
window_seedlevel,final_recovery_last_0p5s,false_positive_rms,4,104,0.04771354270548301
window_seedlevel,final_recovery_last_0p5s,false_positive_rms,5,105,0.03295095162620601
window_seedlevel,final_recovery_last_0p5s,false_positive_rms,6,106,0.06126308154062276
window_seedlevel,final_recovery_last_0p5s,false_positive_rms,7,107,0.05862580244277095
window_seedlevel,final_recovery_last_0p5s,false_positive_rms,8,108,0.05002666451361582
window_seedlevel,final_recovery_last_0p5s,false_positive_rms,9,109,0.060705184970813515
window_seedlevel,final_recovery_last_0p5s,false_positive_rms,10,110,0.060750743677894924
window_seedlevel,final_recovery_last_0p5s,false_positive_rms,11,111,0.07244612573026946
window_seedlevel,final_recovery_last_0p5s,false_positive_rms,12,112,0.055324261327543686
window_seedlevel,final_recovery_last_0p5s,false_positive_rms,13,113,0.07096034604690947
window_seedlevel,final_recovery_last_0p5s,false_positive_rms,14,114,0.039106149727585596
window_seedlevel,final_recovery_last_0p5s,false_positive_rms,15,115,0.04616721394141381
window_seedlevel,final_recovery_last_0p5s,false_positive_rms,16,116,0.06551538353605997
window_seedlevel,final_recovery_last_0p5s,false_positive_rms,17,117,0.054259078073559064
window_seedlevel,final_recovery_last_0p5s,false_positive_rms,18,118,0.047178945975953554
window_seedlevel,final_recovery_last_0p5s,false_positive_rms,19,119,0.06297282925569428
window_seedlevel,final_recovery_last_0p5s,false_positive_rms,20,120,0.05973205164065369
window_seedlevel,final_recovery_last_0p5s,false_positive_rms,21,121,0.035219079906210524
window_seedlevel,final_recovery_last_0p5s,false_positive_rms,22,122,0.05037362639878202
window_seedlevel,final_recovery_last_0p5s,false_positive_rms,23,123,0.04832501482106021
window_seedlevel,final_recovery_last_0p5s,false_positive_rms,24,124,0.04786177350821595
window_seedlevel,final_recovery_last_0p5s,false_positive_rms,25,125,0.061758118598086574
window_seedlevel,final_recovery_last_0p5s,false_positive_rms,26,126,0.0886407025318168
window_seedlevel,final_recovery_last_0p5s,false_positive_rms,27,127,0.04623678136406933
window_seedlevel,final_recovery_last_0p5s,false_positive_rms,28,128,0.06890669544451869
window_seedlevel,final_recovery_last_0p5s,false_positive_rms,29,129,0.04827143838037476
window_seedlevel,final_recovery_last_0p5s,fast_adaptation_norm,0,100,0.002325760824413059
window_seedlevel,final_recovery_last_0p5s,fast_adaptation_norm,1,101,0.0031355394756446514
window_seedlevel,final_recovery_last_0p5s,fast_adaptation_norm,2,102,0.0038987997824517506
window_seedlevel,final_recovery_last_0p5s,fast_adaptation_norm,3,103,0.002501658029437445
window_seedlevel,final_recovery_last_0p5s,fast_adaptation_norm,4,104,0.00318617699503944
window_seedlevel,final_recovery_last_0p5s,fast_adaptation_norm,5,105,0.0022763740488364556
window_seedlevel,final_recovery_last_0p5s,fast_adaptation_norm,6,106,0.0023250542475960105
window_seedlevel,final_recovery_last_0p5s,fast_adaptation_norm,7,107,0.0035950272429877282
window_seedlevel,final_recovery_last_0p5s,fast_adaptation_norm,8,108,0.002329047152433129
window_seedlevel,final_recovery_last_0p5s,fast_adaptation_norm,9,109,0.002232694474520168
window_seedlevel,final_recovery_last_0p5s,fast_adaptation_norm,10,110,0.0017581573979811355
window_seedlevel,final_recovery_last_0p5s,fast_adaptation_norm,11,111,0.002305912465529576
window_seedlevel,final_recovery_last_0p5s,fast_adaptation_norm,12,112,0.003792630103096311
window_seedlevel,final_recovery_last_0p5s,fast_adaptation_norm,13,113,0.0023213078367277373
window_seedlevel,final_recovery_last_0p5s,fast_adaptation_norm,14,114,0.0026380038941550134
window_seedlevel,final_recovery_last_0p5s,fast_adaptation_norm,15,115,0.0021557103780810104
window_seedlevel,final_recovery_last_0p5s,fast_adaptation_norm,16,116,0.00311789557894989
window_seedlevel,final_recovery_last_0p5s,fast_adaptation_norm,17,117,0.002265899032789172
window_seedlevel,final_recovery_last_0p5s,fast_adaptation_norm,18,118,0.0023635861843181575
window_seedlevel,final_recovery_last_0p5s,fast_adaptation_norm,19,119,0.0021576866713789765
window_seedlevel,final_recovery_last_0p5s,fast_adaptation_norm,20,120,0.0032785766824060337
window_seedlevel,final_recovery_last_0p5s,fast_adaptation_norm,21,121,0.0022613555962093545
window_seedlevel,final_recovery_last_0p5s,fast_adaptation_norm,22,122,0.002784172916830755
window_seedlevel,final_recovery_last_0p5s,fast_adaptation_norm,23,123,0.0025776353974900695
window_seedlevel,final_recovery_last_0p5s,fast_adaptation_norm,24,124,0.0018400108889994468
window_seedlevel,final_recovery_last_0p5s,fast_adaptation_norm,25,125,0.0019552990714954933
window_seedlevel,final_recovery_last_0p5s,fast_adaptation_norm,26,126,0.002308496144638751
window_seedlevel,final_recovery_last_0p5s,fast_adaptation_norm,27,127,0.0023105886791075104
window_seedlevel,final_recovery_last_0p5s,fast_adaptation_norm,28,128,0.0016960597967414733
window_seedlevel,final_recovery_last_0p5s,fast_adaptation_norm,29,129,0.001762629314652325
window_seedlevel,final_recovery_last_0p5s,slow_adaptation_norm,0,100,0.0017313219595490304
window_seedlevel,final_recovery_last_0p5s,slow_adaptation_norm,1,101,0.0020022424762095553
window_seedlevel,final_recovery_last_0p5s,slow_adaptation_norm,2,102,0.0009490833023789664
window_seedlevel,final_recovery_last_0p5s,slow_adaptation_norm,3,103,0.0025566079732816833
window_seedlevel,final_recovery_last_0p5s,slow_adaptation_norm,4,104,0.0014438072090953225
window_seedlevel,final_recovery_last_0p5s,slow_adaptation_norm,5,105,0.0028152340024473355
window_seedlevel,final_recovery_last_0p5s,slow_adaptation_norm,6,106,0.00125229739270567
window_seedlevel,final_recovery_last_0p5s,slow_adaptation_norm,7,107,0.0010621699911036347
window_seedlevel,final_recovery_last_0p5s,slow_adaptation_norm,8,108,0.0008504287084588418
window_seedlevel,final_recovery_last_0p5s,slow_adaptation_norm,9,109,0.0008283704816284051
window_seedlevel,final_recovery_last_0p5s,slow_adaptation_norm,10,110,0.0017524139581113736
window_seedlevel,final_recovery_last_0p5s,slow_adaptation_norm,11,111,0.001633335206284363
window_seedlevel,final_recovery_last_0p5s,slow_adaptation_norm,12,112,0.0015477121791495172
window_seedlevel,final_recovery_last_0p5s,slow_adaptation_norm,13,113,0.0020852216898520366
window_seedlevel,final_recovery_last_0p5s,slow_adaptation_norm,14,114,0.0023900206614853835
window_seedlevel,final_recovery_last_0p5s,slow_adaptation_norm,15,115,0.0015820060103434667
window_seedlevel,final_recovery_last_0p5s,slow_adaptation_norm,16,116,0.0024886199701419057
window_seedlevel,final_recovery_last_0p5s,slow_adaptation_norm,17,117,0.0009003236350163409
window_seedlevel,final_recovery_last_0p5s,slow_adaptation_norm,18,118,0.001719090853196058
window_seedlevel,final_recovery_last_0p5s,slow_adaptation_norm,19,119,0.0016161505773352345
window_seedlevel,final_recovery_last_0p5s,slow_adaptation_norm,20,120,0.0010555542643676111
window_seedlevel,final_recovery_last_0p5s,slow_adaptation_norm,21,121,0.0019903537260965685
window_seedlevel,final_recovery_last_0p5s,slow_adaptation_norm,22,122,0.0024288404934124
window_seedlevel,final_recovery_last_0p5s,slow_adaptation_norm,23,123,0.0022415123673524486
window_seedlevel,final_recovery_last_0p5s,slow_adaptation_norm,24,124,0.0019095080577694948
window_seedlevel,final_recovery_last_0p5s,slow_adaptation_norm,25,125,0.0007250465565485562
window_seedlevel,final_recovery_last_0p5s,slow_adaptation_norm,26,126,0.0011452381386540561
window_seedlevel,final_recovery_last_0p5s,slow_adaptation_norm,27,127,0.0008706446549051576
window_seedlevel,final_recovery_last_0p5s,slow_adaptation_norm,28,128,0.0015535666968982528
window_seedlevel,final_recovery_last_0p5s,slow_adaptation_norm,29,129,0.0024188653587286966
window_seedlevel,final_recovery_last_0p5s,combined_adaptation_norm,0,100,0.0037811936512624107
window_seedlevel,final_recovery_last_0p5s,combined_adaptation_norm,1,101,0.00430222963013353
window_seedlevel,final_recovery_last_0p5s,combined_adaptation_norm,2,102,0.004631245701970336
window_seedlevel,final_recovery_last_0p5s,combined_adaptation_norm,3,103,0.00476741903093349
window_seedlevel,final_recovery_last_0p5s,combined_adaptation_norm,4,104,0.003727001269717714
window_seedlevel,final_recovery_last_0p5s,combined_adaptation_norm,5,105,0.0044850622518553054
window_seedlevel,final_recovery_last_0p5s,combined_adaptation_norm,6,106,0.0033601125713797787
window_seedlevel,final_recovery_last_0p5s,combined_adaptation_norm,7,107,0.004322724294098897
window_seedlevel,final_recovery_last_0p5s,combined_adaptation_norm,8,108,0.003133923616333392
window_seedlevel,final_recovery_last_0p5s,combined_adaptation_norm,9,109,0.0026345603133647944
window_seedlevel,final_recovery_last_0p5s,combined_adaptation_norm,10,110,0.003399044646511628
window_seedlevel,final_recovery_last_0p5s,combined_adaptation_norm,11,111,0.0035827297974139766
window_seedlevel,final_recovery_last_0p5s,combined_adaptation_norm,12,112,0.004485734010078103
window_seedlevel,final_recovery_last_0p5s,combined_adaptation_norm,13,113,0.004077276420081991
window_seedlevel,final_recovery_last_0p5s,combined_adaptation_norm,14,114,0.00464899378390502
window_seedlevel,final_recovery_last_0p5s,combined_adaptation_norm,15,115,0.003540806465265262
window_seedlevel,final_recovery_last_0p5s,combined_adaptation_norm,16,116,0.0050044794458140385
window_seedlevel,final_recovery_last_0p5s,combined_adaptation_norm,17,117,0.002825681021546837
window_seedlevel,final_recovery_last_0p5s,combined_adaptation_norm,18,118,0.0038327173069125776
window_seedlevel,final_recovery_last_0p5s,combined_adaptation_norm,19,119,0.0036423449353350334
window_seedlevel,final_recovery_last_0p5s,combined_adaptation_norm,20,120,0.00413634626793617
window_seedlevel,final_recovery_last_0p5s,combined_adaptation_norm,21,121,0.0037441971691181985
window_seedlevel,final_recovery_last_0p5s,combined_adaptation_norm,22,122,0.0049034441315432
window_seedlevel,final_recovery_last_0p5s,combined_adaptation_norm,23,123,0.004493273225064093
window_seedlevel,final_recovery_last_0p5s,combined_adaptation_norm,24,124,0.0030230812435918454
window_seedlevel,final_recovery_last_0p5s,combined_adaptation_norm,25,125,0.0025567505283746027
window_seedlevel,final_recovery_last_0p5s,combined_adaptation_norm,26,126,0.0030866322034743855
window_seedlevel,final_recovery_last_0p5s,combined_adaptation_norm,27,127,0.0030925013437727526
window_seedlevel,final_recovery_last_0p5s,combined_adaptation_norm,28,128,0.0028662676217042164
window_seedlevel,final_recovery_last_0p5s,combined_adaptation_norm,29,129,0.003546863715092452
