time_from_recovery_onset_s,bin_start_index,bin_end_index_exclusive,bin_width_s,n_realizations,context_belief_mean,context_belief_ci_low,context_belief_ci_high,context_belief_n,assumed_sigma_oto_mean,assumed_sigma_oto_ci_low,assumed_sigma_oto_ci_high,assumed_sigma_oto_n,angular_rmse_mean,angular_rmse_ci_low,angular_rmse_ci_high,angular_rmse_n,object_rmse_mean,object_rmse_ci_low,object_rmse_ci_high,object_rmse_n,false_positive_rms_mean,false_positive_rms_ci_low,false_positive_rms_ci_high,false_positive_rms_n,fast_adaptation_norm_mean,fast_adaptation_norm_ci_low,fast_adaptation_norm_ci_high,fast_adaptation_norm_n,slow_adaptation_norm_mean,slow_adaptation_norm_ci_low,slow_adaptation_norm_ci_high,slow_adaptation_norm_n,combined_adaptation_norm_mean,combined_adaptation_norm_ci_low,combined_adaptation_norm_ci_high,combined_adaptation_norm_n
0.0,1666,1676,0.1,30,0.6524846501257691,0.5940149636290953,0.7134404410894507,30,0.3282279590369597,0.31282242117089926,0.3439784213198025,30,0.030744508294228607,0.026590381998128007,0.034908085207835664,30,,,,0,0.06879519871290767,0.05848809175628883,0.0796778488187917,30,0.000551823142717681,0.000479961195280587,0.000632495142765234,30,0.0008915819121897731,0.0007589840859609933,0.0010359501579266432,30,0.0012565754851900069,0.0010666920251292816,0.0014708846512943023,30
0.1,1676,1686,0.1,30,0.023293488617716074,0.00966364573908368,0.04035774043426298,30,0.082547284390662,0.07236462315453644,0.09457080068003,30,0.04359831325027302,0.03817453632788647,0.048800532486749745,30,,,,0,0.05746057727579019,0.04856972919227007,0.06742670536590696,30,0.0006188878721124579,0.0005354362731713039,0.0007092800539484481,30,0.0006949275893991508,0.0005899536373405364,0.0008060778030588602,30,0.0011093534807674436,0.0009845427162461966,0.001245491513703898,30
0.2,1686,1696,0.1,30,0.0003425262931740687,0.00033731854923517337,0.0003504641013820924,30,0.06045223494227361,0.060438261587153284,0.060472659250495046,30,0.055331383685584504,0.0498882168604535,0.06067529183525298,30,,,,0,0.05085589619980191,0.04154997465090588,0.06102757005169739,30,0.0011253632280137774,0.0009917359907831293,0.0012633686103273116,30,0.0007070130116375032,0.0005971459309731137,0.0008203383962980444,30,0.0016121523222546396,0.0014798832316889317,0.0017480337969193048,30
0.3,1696,1706,0.1,30,0.00046980724977151975,0.0003457484042909337,0.0006869700784254619,30,0.06059667178017513,0.06044905171441521,0.0608542502143241,30,0.05923227834009524,0.05498433973846128,0.06378206414392545,30,,,,0,0.05060047641032343,0.04238555672950125,0.059615838236184215,30,0.0015248410978816163,0.0014147294350722248,0.0016338262797412325,30,0.0007374760372050763,0.000626618562774243,0.0008512497347915449,30,0.002046856873322155,0.0019174583718405158,0.002172766589579778,30
0.4,1706,1716,0.1,30,0.0004232157636818199,0.00036047617770270236,0.000508584817772801,30,0.060538646112145995,0.06046533049800051,0.060638390087513726,30,0.06425680096215367,0.05903365331558556,0.06952087730237709,30,,,,0,0.051638426469460826,0.045545243832724014,0.057897732458512874,30,0.001847112618446315,0.001747382226770768,0.0019465442752028663,30,0.0007733993932417227,0.0006617243425426863,0.0008928384893550335,30,0.0024180871193039888,0.0022944516382099817,0.0025355827495546486,30
0.5,1716,1726,0.1,30,0.0003533288967044332,0.0003453784651994217,0.00036231526948312835,30,0.06046344981000183,0.06045188429778108,0.06047644907003525,30,0.06340294853943453,0.05908874207688388,0.0678724091672221,30,0.10876405015378159,0.10876405015378159,0.10876405015378159,1,0.051509259434707425,0.04413583094885172,0.05874780648644022,30,0.002081111435883306,0.001968984705577483,0.0022089481132764534,30,0.0008137142080585275,0.0007057755480483942,0.0009273296440379007,30,0.002703668432094223,0.0025636153697900063,0.0028615862710882336,30
0.6,1726,1736,0.1,30,0.00035882062928939944,0.000341267129659531,0.0003839517149164895,30,0.06046815468862431,0.060444293194060396,0.06050158256856622,30,0.06596191463185229,0.060687343413966054,0.07100487825632755,30,0.15233922034542768,0.048478044909562625,0.29384547318339693,3,0.057627100039971575,0.048972565496585685,0.06697091532554798,29,0.002207007667820673,0.0020554598327468883,0.0024138177920065094,30,0.0008522626683089853,0.0007448710674734423,0.0009582081108727446,30,0.0028770450882055,0.002694504272024954,0.0031164682056169816,30
0.7000000000000001,1736,1746,0.1,30,0.00039687165465255447,0.0003436325279369604,0.00048297001499498344,30,0.060510170480049454,0.06044462075563609,0.060612870598454965,30,0.06075996861205967,0.057036259859254666,0.06444136927498262,30,0.10268241231341657,0.061218256182676845,0.1666811160546251,4,0.049094288370403145,0.04224103407073286,0.05637725988789165,27,0.0023295228085305148,0.0020463507813463654,0.0026761194474535246,30,0.0008971569093517953,0.000791873613390499,0.0010028224113045965,30,0.003055440228773242,0.002735635349617054,0.003454392974388298,30
0.8,1746,1756,0.1,30,0.00034849799671067306,0.00034031031928612626,0.0003607371435070327,30,0.06045413340075271,0.06044327106369362,0.060469665186183685,30,0.05160318440294236,0.04714563689128041,0.05597260735013566,30,0.07108268465960572,0.03301179457914321,0.12132197743674164,5,0.04681658969534619,0.03924012367812871,0.055029489895535334,26,0.0023169348519785087,0.0020108095897623697,0.0026804854812079487,30,0.0009257454844135546,0.0008263247265065578,0.0010260694679260626,30,0.0030622207264487064,0.0027084743105295823,0.0034891476673100707,30
0.9,1756,1766,0.1,30,0.00039145949427420526,0.0003476249966023577,0.0004566370977912225,30,0.06049512003528049,0.060443594596891456,0.0605752749339502,30,0.04258921395357707,0.03837254711950779,0.04684774445321626,30,0.07512885340548657,0.028349105802621472,0.1539336240193578,6,0.04486210712476483,0.03902180717049999,0.050940376492465515,25,0.0022503854800133374,0.0019300461323403858,0.0026307255386205856,30,0.0009469863135147637,0.0008511090288081672,0.001044566876753554,30,0.0030076710411999293,0.002629579074690885,0.003450176785956677,30
1.0,1766,1776,0.1,30,0.00041797793431358005,0.00036676591646857607,0.00048003803736812787,30,0.06052799399185284,0.060469063746927725,0.0605975671338141,30,0.030789283827083173,0.026467842652583957,0.035336487833075726,30,0.0536080621948698,0.026630712009729867,0.08265241125625075,7,0.03648014390076685,0.03069545350786388,0.043052128880666105,24,0.0020931203645017447,0.0017855877897326737,0.0024424713177219753,30,0.0009637029840582644,0.0008672950508001235,0.0010600686184169127,30,0.0028737442716758313,0.0025076945753534346,0.0032838316069670553,30
1.1,1776,1786,0.1,30,0.00035534336611782436,0.0003406660647640387,0.0003760193121756381,30,0.06048111489689726,0.060444380523617176,0.06053804648459039,30,0.020025483278904594,0.01641260873127277,0.02395998319522545,30,0.05655279667167329,0.034205892585972605,0.08842865700820934,8,0.03285013053872984,0.027283314442788812,0.039133742330105394,23,0.0019685105096531965,0.0016359313768640642,0.002350871897894361,30,0.0009791755425537375,0.0008828423616183152,0.0010751027134056337,30,0.0027680585010276147,0.0023707031464783672,0.003221099432004328,30
1.2,1786,1796,0.1,30,0.0003900752501775648,0.0003489852768737525,0.0004504936003328445,30,0.06050195432251415,0.06045087860971446,0.06058141741931422,30,0.0156368512482449,0.013936927257848192,0.01743189423446044,30,0.06649154824845385,0.030233791063808402,0.13413585548775997,9,0.03424526742081347,0.030184050226902195,0.03849145635364886,22,0.001635923238151717,0.0013072917922301276,0.002021738931285606,30,0.0009809162425430118,0.0008813438076667005,0.001081236463412942,30,0.002493013256269465,0.0021174420819622683,0.00290674253227163,30
1.3,1796,1806,0.1,30,0.0003842515131177315,0.0003408748468503679,0.0004622145811838979,30,0.060495983469144136,0.06044499195420745,0.06058673322201458,30,0.019501566314187653,0.016295078126943204,0.02294848113733715,30,0.061100813972264065,0.04418006396596307,0.08009992848547884,10,0.043287936410603405,0.03423157787306821,0.054345113865166994,22,0.0014729562232442546,0.001181595521391489,0.001806282008577192,30,0.0009769618555890936,0.0008780845337588275,0.0010793950253645485,30,0.0023274366617924607,0.0019972429069741297,0.0026812339369607827,30
1.4000000000000001,1806,1816,0.1,30,0.0005014770141718252,0.0003485485603757477,0.0007895126808382072,30,0.060611132907445735,0.06045285128804007,0.060902103604649635,30,0.028273560194117274,0.02421873361365879,0.03254300792346607,30,0.03958725651400504,0.0317242631340893,0.04739055565459521,9,0.05080527972732436,0.03418725930435101,0.07445503970817803,23,0.0015821304361611328,0.0011926386494823422,0.002032329430395752,30,0.0009853647103261365,0.0008846138444703545,0.0010917200663556315,30,0.002417264194007435,0.0020039989586086164,0.002891083960220638,30
1.5,1816,1826,0.1,30,0.00036657521470251397,0.00034354215888376445,0.0003951146002729225,30,0.060480085987313886,0.0604523543738331,0.060512771438515134,30,0.0449774966722585,0.041470519924570175,0.04853637830663778,30,0.07847756939155792,0.04039178304218264,0.14297103344732914,8,0.052614456968468955,0.040718504869580126,0.06805634535376305,24,0.0018542504332410982,0.0014482838963846216,0.0023329322791936728,30,0.0009926259869289522,0.0008834328204519978,0.0011072889104794062,30,0.0026146018131528188,0.002178989449006531,0.0031012366828986303,30
1.6,1826,1836,0.1,30,0.00035628912544113554,0.0003445343970826759,0.000369864600983355,30,0.06046535635568387,0.060448590330914924,0.060484333325358186,30,0.053311521879606937,0.048721750708691954,0.05776485745836728,30,0.09724897764066956,0.05299933175535223,0.16741522167036937,8,0.04556594619747437,0.036912329652238396,0.05572543533457808,24,0.0021519454090002553,0.0017428329835943905,0.0025980007695793656,30,0.001005290761637394,0.0008906789133592195,0.0011230187457388205,30,0.0028801221862554314,0.0024341779001624667,0.003369988269419153,30
1.7,1836,1846,0.1,30,0.0003970663902088577,0.00034249742379170603,0.0004965589327760062,30,0.06050623087822485,0.060442622185925145,0.06062325246804036,30,0.061555506882223505,0.0562284512727287,0.06688036638734031,30,0.09441421773129004,0.05651993754721947,0.14437239946933061,8,0.07280475020437434,0.05427984298563067,0.1007652626843542,24,0.0023771222471171377,0.0019887647706881583,0.002799849967410196,30,0.0010297382685601787,0.0009030218515395489,0.0011549956329276996,30,0.00312335091949498,0.00267339179082377,0.0036059266484176357,30
1.8,1846,1856,0.1,30,0.0004146785903069475,0.00034777532860592034,0.0005285929313165382,30,0.0605212822552251,0.060456166299990496,0.06062839004639054,30,0.06789892194698523,0.06271449711846093,0.07280889386045662,30,0.08238490334286037,0.058671845543758774,0.10955179988457144,8,0.07992490535878356,0.07044922448453746,0.08967548677954491,24,0.0022638977788048634,0.001920077406425331,0.002634250068901878,30,0.0010390021778601743,0.0009103554363844226,0.001161824355476104,30,0.003028527641125738,0.002625268948165799,0.0034586642886354955,30
1.9000000000000001,1856,1866,0.1,30,0.0005201570754474673,0.00034376454138821956,0.0008631672411931584,30,0.06064428943302829,0.06044490763165225,0.06101365858353631,30,0.07149072618237622,0.0663357017736536,0.07673105406925664,30,0.08713056868182423,0.05625849533784775,0.12624906693481244,8,0.06878746189642426,0.0596404664427617,0.0776226084277769,24,0.002100725783530602,0.001771637885147698,0.0024689366189111837,30,0.0010502106751760188,0.0009193686908586718,0.0011770840386019147,30,0.0028872609913285193,0.0024981534699635155,0.003330340507331219,30
2.0,1866,1876,0.1,30,0.001446665329326448,0.0003556522996735629,0.0035869738178537234,30,0.06132105091418457,0.06045604744923695,0.06300499471994725,30,0.06853743164324325,0.06239630239011123,0.0751378462502495,30,0.0945867746972781,0.059017187140713946,0.14351085633599206,9,0.06200948563922647,0.050787811909468364,0.07394637794487935,22,0.0018154691566001297,0.001508442717094526,0.0021835806220052573,30,0.0010537528612787712,0.0009201766260881996,0.001188361312537703,30,0.0026094559352152673,0.0022115194522922626,0.0030603533717652744,30
2.1,1876,1886,0.1,30,0.0003937756178631693,0.00036002566354832255,0.0004345391748483019,30,0.06051459697596327,0.060464017160171975,0.06057881974633527,30,0.0676671016341778,0.06276088139284351,0.07346663154527079,30,0.0895648105788564,0.049122522077840326,0.1497084835344421,9,0.06457094953229103,0.052348699948055535,0.078905027265726,21,0.0015352217070319304,0.0012395528226236557,0.001888222365489231,30,0.0010486402587546301,0.0009149570259866547,0.0011837293886578747,30,0.0023190600927307323,0.0019177181820195792,0.0027674519264677287,30
2.2,1886,1896,0.1,30,0.0003644177939745512,0.0003449501248665522,0.00039578189954736205,30,0.06047715217420863,0.06044840388209146,0.060516080643001166,30,0.05797876016522895,0.0529324756717677,0.06300804652940745,30,0.05925918748351543,0.04124485147381815,0.08207306352989327,9,0.06080110611489536,0.049305815300731234,0.07467594291250301,21,0.0013917104427061766,0.0010064224143646557,0.001841952588555749,30,0.0010482375076810693,0.0009165166091722735,0.0011830710527271908,30,0.0021604183021400694,0.0016844354525455826,0.002705622278574802,30
2.3000000000000003,1896,1906,0.1,30,0.000590119161479036,0.0003492192965462007,0.0010610600595775928,30,0.060712253230473454,0.06044870713354099,0.06122274148925209,30,0.04985062228888337,0.045136368385642,0.054789849083323246,30,0.050862897595798,0.038113899761472864,0.06300976431838912,9,0.06163161404553272,0.047076358377649015,0.08120571980688907,22,0.0014117879854847698,0.0010710329990747597,0.0017959621501356152,30,0.001040892791965654,0.0009070712835238257,0.0011742661919659024,30,0.002110058341878382,0.0016892843709433718,0.0026050566664932535,30
2.4,1906,1916,0.1,30,0.00035306430909811965,0.0003398442933008412,0.00036953155698525163,30,0.0604646752226144,0.06044440082465005,0.0604912269511933,30,0.03697895448704128,0.03358258607698823,0.04033109987253817,30,0.06172428610100098,0.03879172613180267,0.09015781191341105,10,0.05985877681711993,0.044282972952342826,0.08106316350083209,23,0.0017529728553802226,0.0013817842749111271,0.002168195444866866,30,0.0010475090695585827,0.0009242818952546291,0.0011744758770020898,30,0.002397864884348305,0.0019859079681838203,0.0028761141664719147,30
2.5,1916,1926,0.1,30,0.00035683809231612496,0.0003379651103991425,0.0003801965251765231,30,0.060452092406618974,0.0604375456549045,0.06047269144892469,30,0.021637903207602692,0.01825749218339598,0.02510616169956565,30,0.11783477288003466,0.06848078008207134,0.17217022231441842,13,0.04357445272127054,0.03552255949779019,0.05263342993834351,21,0.002224652987892193,0.0017133015652768039,0.0027844265651589886,30,0.00107962661592657,0.0009635597111993192,0.0012026457635229235,30,0.0029011156848580406,0.0023584554270813206,0.003516982727242206,30
2.6,1926,1936,0.1,30,0.00067709560513033,0.00034691965538267543,0.0012659036148031948,30,0.06077511515746933,0.060457790840948246,0.061310798386544026,30,0.014503196016549296,0.012502492899945395,0.016573774865283965,30,0.07669009873350727,0.04862861297243548,0.11084667803429656,15,0.05274913538920112,0.03212607352003149,0.08295788923395059,19,0.0024832612267461462,0.001862940122234222,0.003207407280375109,30,0.0011153077054242714,0.0009940004800562017,0.00123776521713046,30,0.0032456522192931335,0.0025752741092282725,0.004013100370804608,30
2.7,1936,1946,0.1,30,0.000379287865372605,0.00034816290748197184,0.00042892906203883955,30,0.060503171866390884,0.06045745928489661,0.06056633410947023,30,0.01630846942233711,0.013478308624703172,0.019358125556885982,30,0.03715506369496691,0.030357178715285284,0.0448492685328321,13,0.042645360330789354,0.030020579969687124,0.0585426841278102,18,0.0024815613850058616,0.001890322884595551,0.003136360731604202,30,0.0011495149996785337,0.0010291052802008538,0.001274266992256437,30,0.0033410302413120958,0.0027139875941955844,0.004043891961070652,30
2.8000000000000003,1946,1956,0.1,30,0.0004068639369599431,0.0003501931813005878,0.00048222006902378024,30,0.06051620244727364,0.060447039788577545,0.0606066057569622,30,0.025415206934019118,0.021443622660269505,0.029382948950477085,30,0.0561011387858339,0.03689984258173836,0.0856429515019245,12,0.04481750280266185,0.028741546405669897,0.06760830895380182,20,0.0022531304133763235,0.0016854496204745336,0.0028734781585687047,30,0.001165240488999477,0.0010404722161538981,0.0012924918754534094,30,0.0031789755747072958,0.0025683671312877786,0.003837088133910386,30
2.9,1956,1966,0.1,30,0.00035679509657268206,0.00034426828582009833,0.00037164919778179923,30,0.06046731287018483,0.06044815078206466,0.06049026348146314,30,0.038680188524565645,0.03390630330107852,0.04358411327405084,30,0.07917934178543709,0.03410724654031991,0.14091372120377535,12,0.051352650514053355,0.04021372964684594,0.06651607651592774,20,0.001973559413126811,0.0014361686122242505,0.002544695523946793,30,0.0011591036695115281,0.0010281249413510475,0.0012934036570355564,30,0.0028963598711454416,0.0023062684741235262,0.003516415473852674,30
3.0,1966,1976,0.1,30,0.0004406722597194088,0.0003549750391679626,0.0005671403307428594,30,0.06056724795481354,0.060459320547746914,0.060724649618253725,30,0.05450070708911125,0.04979227195708737,0.059649646681694285,30,0.060041686528455734,0.04037227082424212,0.08489368381218101,11,0.04921731405643564,0.03860066555160442,0.06216541086455226,20,0.0021241007996461387,0.0015670992744198956,0.002695620393250184,30,0.001174652939019999,0.0010331214515833251,0.0013231755951510463,30,0.0029893941601529888,0.002349698009301034,0.0036488520013399704,30
3.1,1976,1986,0.1,30,0.00035169992954225314,0.0003394399568327129,0.0003674461357991721,30,0.06045479893420327,0.060441285466853234,0.060472818668289484,30,0.06385933474020357,0.059511492454633906,0.06803355136531042,30,0.04437915078448251,0.03628420274417851,0.05271186717325613,10,0.050393998922156215,0.04190403776138988,0.05999786410597355,20,0.0021838712238962162,0.0017366296175331908,0.0026539007365683686,30,0.0011800488063167362,0.0010285764875513053,0.001335488926792033,30,0.002979739387011226,0.0023732801290956384,0.003600091601185961,30
3.2,1986,1996,0.1,30,0.0003429492526740679,0.00033833743834528967,0.00034889329382686065,30,0.06044797233473853,0.060437550525349486,0.060466115976327346,30,0.0693079762523121,0.06495505553277443,0.07368099619507432,30,0.059383865629865425,0.04204009362475832,0.08076749042674082,11,0.06411898405962425,0.05335317990553617,0.0755033477303866,21,0.002406323565452861,0.0020423321839047465,0.0027811478709105163,30,0.0011866721036537904,0.001025303251120168,0.001355917760961711,30,0.0031778390232821297,0.0026373826461183313,0.003734580987754087,30
3.3000000000000003,1996,2006,0.1,30,0.00036447997504400015,0.00034591182752782623,0.00038733077095951587,30,0.06047095286320315,0.06044556687356853,0.0605034248485496,30,0.07358602585285277,0.06848454557268804,0.07867626891982178,30,0.07042185198682986,0.049362116607171,0.09926483925160215,12,0.09393103235011428,0.06894612165866514,0.12519497067542928,23,0.0026656687268085707,0.0023169851206295894,0.003021545777617736,30,0.0011872347808423583,0.001010415552159618,0.0013609982718172386,30,0.0034548614791913342,0.002985361090296683,0.003936694512765671,30
3.4,2006,2016,0.1,30,0.00037975277457622593,0.00035351319982403787,0.00041123706803487825,30,0.0604964125253616,0.06046255974930448,0.060536848680831666,30,0.07604270405874058,0.07108998842895863,0.08067394163109931,30,0.06689718473451106,0.05413222801346671,0.0803651138645642,8,0.07703838906226426,0.060534291077196135,0.09747016681669966,23,0.0025741570677397714,0.0022472325773353063,0.002920454100111964,30,0.0011855720965687443,0.0010146118350983953,0.0013652729778017181,30,0.0033669489343911277,0.0029584802981803887,0.0037927958916745027,30
3.5,2016,2026,0.1,30,0.0003709398497404064,0.0003497808909871759,0.0003975612974414128,30,0.06048088002251273,0.06045422837025528,0.060514327945681144,30,0.07359028309906629,0.0689102897001227,0.0783894915552033,30,0.06742358842726277,0.050343107699431996,0.08790669434390587,7,0.06614835282958934,0.05712721115021903,0.07582166487250322,23,0.0025249238887544274,0.0022101376719953487,0.0028877692184011267,30,0.001182106259181682,0.001007142888456232,0.001354247119171333,30,0.003283930685889195,0.002888208297944609,0.0037027332873791844,30
3.6,2026,2036,0.1,30,0.00035450887144786717,0.0003376762049991883,0.00037971316839344556,30,0.060459511835731616,0.060438425172352275,0.06049205062439498,30,0.065096020028217,0.060717194846536815,0.06966066796584679,30,0.05220626443593553,0.037636947634039124,0.06857094744606881,7,0.06709083355214342,0.052382380018576084,0.0873771893082551,24,0.002411781937602661,0.00211807438244082,0.002746525435095555,30,0.0011734825634462263,0.0010029261707133472,0.001350063580672442,30,0.003123714755446727,0.0027552268380360546,0.0035351321348785643,30
3.7,2036,2046,0.1,30,0.00039375703738818554,0.0003475256466331386,0.00046327748743061774,30,0.060485247395935346,0.06045176531681181,0.06053006798618153,30,0.05677649073489663,0.05247939209463111,0.06119620894455145,30,0.059990445485984145,0.04119461749165004,0.08019574022997542,7,0.06700120335639274,0.055524564777633185,0.07972342723366238,25,0.0024493291530274714,0.0021763663118634416,0.0027691760651580325,30,0.0011612999708828175,0.0009923063039575044,0.0013416395445449082,30,0.0031131960899907214,0.002798790689281723,0.00348252335614088,30
3.8000000000000003,2046,2056,0.1,30,0.0003530854197867806,0.0003429126172506488,0.0003652017786237206,30,0.06048194575843902,0.06044538486718986,0.06054415664727578,30,0.04323796476625067,0.03926246097662348,0.047184637273106435,30,0.05608499934206717,0.03750396740997322,0.08312207217566062,7,0.05071491938973792,0.03919327212973833,0.06712590434948211,25,0.0025959582567050255,0.0022326197236234614,0.0030113801128855487,30,0.0011580818989073126,0.000989636025204592,0.001332690528004385,30,0.003219200650176564,0.0028151769908010987,0.0036802327881873885,30
3.9,2056,2066,0.1,30,0.00036724377272160616,0.00034646366141888465,0.0003918008296876448,30,0.060468145406623465,0.060445555031362896,0.06049735326598106,30,0.031140072859509094,0.027924453460439383,0.0343017376485829,30,0.062422325461960804,0.046450585958512515,0.09060507226573097,7,0.035129688260911424,0.03115778744065759,0.03921593689801899,24,0.0026631205486530598,0.002224688996054542,0.0031621098043614305,30,0.0011670635141297991,0.001002163213639633,0.0013367855839734341,30,0.0032881390132618207,0.002788263871308285,0.003841156812012756,30
4.0,2066,2076,0.1,30,0.00040840532868635925,0.0003532473785126576,0.0004798423805318184,30,0.060510703899111604,0.06046370658321107,0.06056984352641811,30,0.022209793198398334,0.019263156443794328,0.025090228998989682,30,0.05708227547358661,0.03024566690409044,0.090043282245575,9,0.05005516099122056,0.037621655694184075,0.06901025044121939,24,0.0027270078807353575,0.002274522697122726,0.003233652557351535,30,0.0011712965506506942,0.001003434892740154,0.001337463764026184,30,0.003318601694954218,0.0028009368571579453,0.003916586208345902,30
4.1,2076,2086,0.1,30,0.00041568299473979564,0.00037130803409327897,0.0004734746309873824,30,0.06053248536014192,0.06046855934406769,0.0606401110797713,30,0.01645549551320003,0.013917695258640787,0.019132035722443888,30,0.06198331928168314,0.02696228470257392,0.10574826139456268,10,0.05605246733294516,0.03564669931552888,0.08136926872925769,25,0.002511209825541788,0.002095722393550878,0.0029659495052345715,30,0.0011798197091549957,0.0010135397004425086,0.001350662771358457,30,0.0031722161281003158,0.0026867514885561294,0.003714640120844254,30
4.2,2086,2096,0.1,30,0.0004676664531716345,0.00035676609338518615,0.0006546577491225757,30,0.060578873837336324,0.06047773378027254,0.06071904061953322,30,0.019631704289411734,0.016413989713482135,0.022903841975476034,30,0.03778170533495177,0.031048803254646096,0.049027818980001074,7,0.037470198498380326,0.02954825552793038,0.046976526613328476,23,0.0023931323897916907,0.00196059148225636,0.0028502134856938518,30,0.0011987284554680858,0.0010322918481652597,0.0013704578127746007,30,0.003152822064047415,0.002653967039607326,0.003679523174001787,30
4.3,2096,2106,0.1,30,0.0004914248811091743,0.00036298208706140277,0.0006929835444496102,30,0.060663952050713274,0.060485333787399,0.06090040258124643,30,0.03429759816297532,0.029604544134663936,0.038975294594687834,30,0.031529882986347665,0.023893244567870613,0.040228603406754465,7,0.034374082291636195,0.02982214235675319,0.03894579002063498,23,0.001983398155578374,0.0016186946910506453,0.00237741102116239,30,0.0011996261714719465,0.001029048149713574,0.0013710146668656808,30,0.0028048938643896824,0.002366846964530232,0.0032609064841653103,30
4.4,2106,2116,0.1,30,0.0003924584048270887,0.00035532362648873236,0.00043789166072152105,30,0.06048524537916007,0.06045069461098326,0.060528717739056936,30,0.04152278517461702,0.03700707158035472,0.04616216096590001,30,0.0958130848265626,0.04668309567554944,0.1520844456787687,10,0.03565293194364556,0.02950948039097165,0.04277618710052292,23,0.0015701543306710385,0.0012710354169740837,0.0018877987769288856,30,0.0012053540174899538,0.0010321821420086702,0.0013826842557947173,30,0.0025014512282014747,0.0021347153060610555,0.002900611751394662,30
4.5,2116,2126,0.1,30,0.00039595756946381454,0.0003611631907581762,0.00043684962436189205,30,0.060523687857194315,0.06046375526325987,0.060604378515914395,30,0.048840066375021675,0.04444114695430924,0.0534043215511154,30,0.042833096761831696,0.03179310089383703,0.05370103046159996,10,0.04191794663510073,0.033320513764591685,0.05303784378221269,21,0.0014746377836472979,0.0011656907313659197,0.001789855137817541,30,0.0012242317477595384,0.0010508411146785226,0.0013992731788298985,30,0.0024931285222236197,0.002121278862586894,0.002888260324627186,30
4.6000000000000005,2126,2136,0.1,30,0.00038181257533037723,0.0003457379630998663,0.0004337153218408546,30,0.060469402719654376,0.06044935525394954,0.060493790850296304,30,0.05469664007423622,0.05002129592513311,0.05948610055055371,30,0.057538091519730696,0.03152204061707053,0.09493705338780577,10,0.03922783960495446,0.02971909074222747,0.05280615398293089,22,0.0012736289832331312,0.0009916685703367034,0.0015721112556454928,30,0.001223797210583187,0.0010518101152945153,0.0014060170779908953,30,0.0022904424031767712,0.0019278066416916874,0.0026963521432060373,30
4.7,2136,2146,0.1,30,0.0004733834108432853,0.00035891653580724577,0.0006602123514081477,30,0.06063245646173122,0.06048386921669222,0.060848110441508514,30,0.05883576976897739,0.05490028167202013,0.06270768576048169,30,0.06972733856631963,0.04307788585610619,0.10519934114931695,11,0.04725404474788136,0.039146270532704495,0.056920239883598546,21,0.0012105171983672065,0.0009495559931865838,0.0014975214230625463,30,0.0012318680032318335,0.001062156398497325,0.0014116947290827733,30,0.0022323049700942437,0.0018510787945081786,0.0026509144847758144,30
4.8,2146,2156,0.1,30,0.0003550048011947016,0.00034090159495003667,0.0003777019410002625,30,0.06046091172204784,0.06044277014256066,0.060490891007442704,30,0.06106197339478446,0.055749040860124076,0.0662150699821912,30,0.08402696517939866,0.045810268227232706,0.134186376148982,12,0.056486660390984156,0.041768602498712136,0.07680841140149071,22,0.001137518574630154,0.0008855679544449682,0.001402577984969884,30,0.0012361856694606398,0.0010622411446560647,0.0014175966089926368,30,0.0021495711233543925,0.0017615739211082847,0.0025655440035384984,30
4.9,2156,2166,0.1,30,0.00038803113412042424,0.00034676772290489984,0.0004508801843961238,30,0.0605031100550068,0.06045077544062879,0.06058363804527595,30,0.05984264325113595,0.05446499468380183,0.06505676396151273,30,0.06754289094405287,0.04110565919996016,0.10438110559746216,11,0.04866642240247902,0.039720526435708184,0.05799311072590525,20,0.0011327538322655924,0.0008512006569016248,0.001443417355647306,30,0.001236903102900335,0.0010590708114008123,0.0014198090850693359,30,0.002118292627327988,0.0017113890565388422,0.0025577218847117403,30
5.0,2166,2176,0.1,30,0.0004361005462151551,0.0003688163952682274,0.0005341747880628243,30,0.060549241081305244,0.06046835226762412,0.060668375271876684,30,0.05770199761679073,0.05369147104795943,0.06160246906929059,30,0.06904220028510706,0.040709382315397565,0.11345588726038058,12,0.04397160723851658,0.03648098678741009,0.052064755739528464,19,0.0011687250341955086,0.0008715164228166426,0.0014973990723574826,30,0.0012388602796130589,0.0010652354840215265,0.001419729779825466,30,0.002122170162112096,0.0017226821937678552,0.002562977925555111,30
5.1000000000000005,2176,2186,0.1,30,0.0006663774554529267,0.0003538888779758895,0.0012272068723222708,30,0.06077182097500711,0.06045583129750437,0.06134945676786647,30,0.04633255811592561,0.042672050232089316,0.05005531947523724,30,0.0648287684348878,0.04600163043038246,0.08826425690164905,13,0.044063636646131735,0.03651128651910302,0.052618464693049545,18,0.001389703570203124,0.0010664187644199635,0.0017306320074485515,30,0.0012459637089847883,0.0010759265057204064,0.0014272736013196158,30,0.0022722177598332198,0.001864939471555237,0.002703957053911569,30
5.2,2186,2196,0.1,30,0.00035382679264811897,0.00033934466245671833,0.00037888921849218695,30,0.06049018771391665,0.06044209034314362,0.060579247996607404,30,0.03933811414906516,0.03509838463222218,0.04344007347536239,30,0.05018061183128334,0.03426839701646862,0.07575657154281168,14,0.07062875180715024,0.04141720661170286,0.10897945493359766,20,0.0014893403316431442,0.0011684652498729995,0.0018433471015669612,30,0.0012532555259470556,0.0010868624207483006,0.0014269293397585934,30,0.002370276892892367,0.001959150246764309,0.0027964532482004658,30
5.3,2196,2206,0.1,30,0.00048425185139164625,0.0003430810755316351,0.0007547962552496654,30,0.060605482480008736,0.06044543598096083,0.060907460392006084,30,0.030950870860419175,0.02650818399646578,0.03584567687129623,30,0.055689139838289194,0.030624252862014194,0.09585447201537538,12,0.04535461094145495,0.0351474241030806,0.05788070273985384,19,0.0017019011051779222,0.001310781728421087,0.00215869001601645,30,0.001267460484468081,0.0011033910749652638,0.0014452654743394406,30,0.0025985264707223074,0.0021217454279010054,0.003101231173241115,30
5.4,2206,2216,0.1,30,0.00037825870791518293,0.00034424337430982233,0.0004242115199736803,30,0.06048236879573111,0.06044452022586602,0.060537840794261895,30,0.018568414456764493,0.015449347133487808,0.022003750596864113,30,0.03647428152795675,0.028938448338527573,0.04496175573507103,12,0.04962667596270891,0.034261845550468566,0.06937282307727213,20,0.001632378490530668,0.0012374152800301691,0.0020576444314670725,30,0.0012691755313250905,0.0011007620424272853,0.0014474362611245667,30,0.002559917923526853,0.0021135292069810628,0.0030458666947165295,30
5.5,2216,2226,0.1,30,0.0003747072238242909,0.0003418143214411813,0.0004321752959406406,30,0.06046011430013112,0.06044556111686213,0.06047742256383874,30,0.018069921451210245,0.015372980590741039,0.021002914454193753,30,0.0434860167019456,0.03315413717788548,0.053791281280808116,9,0.05166216242190156,0.032985347117682376,0.07935547143886951,22,0.001763414097373767,0.0012825206797647919,0.0022870382044403634,30,0.0012877220003269013,0.0011234878993748565,0.0014628709502677577,30,0.002769891805801397,0.0022811266333768927,0.0032878767894596993,30
5.6000000000000005,2226,2236,0.1,30,0.00037310251340100383,0.00034928701324200606,0.00040727724565908996,30,0.06050289078012842,0.06045106255641923,0.06058563856501135,30,0.025154550384502206,0.02147451526213495,0.02879036220674073,30,0.045281463910061,0.027059861801044,0.07182972744686758,9,0.05181928321488958,0.03611229885780107,0.07183627070995574,24,0.0016683308252592826,0.0012221916175405483,0.0021482734757141443,30,0.0012855515800108104,0.0011186585100770004,0.0014636647683228595,30,0.002656172990339987,0.00218559823117534,0.003129749726795478,30
5.7,2236,2246,0.1,30,0.0004351814033973481,0.00034996454832765897,0.0005844141111909762,30,0.060566179542443956,0.06045950458635368,0.060744188739275194,30,0.03416725427317288,0.02988870674770973,0.038441405913613516,30,0.05664068617930883,0.027883188795953844,0.0967394207153932,9,0.042001442826493485,0.03383972594094804,0.05081398836524115,23,0.0019521831723363257,0.0014713100452713546,0.0024559633245538758,30,0.0013105203517816658,0.0011349868135412907,0.001492368301131137,30,0.0029010793098863275,0.002342973184520254,0.003490898907859323,30
5.8,2246,2256,0.1,30,0.00038106009280168156,0.000343276231842899,0.00043889385729746526,30,0.06048919322324879,0.060442570497194224,0.06056166051248094,30,0.04675621979422994,0.041835283577730885,0.05171938614977152,30,0.09490016781576907,0.048896461041732675,0.14651553544592072,10,0.04432768622220625,0.03577971238928,0.05392255450615185,21,0.002156731560993816,0.0016701325708851369,0.002672831639555192,30,0.0013404967569501296,0.0011606226967059876,0.001523601263722436,30,0.0030951435673477012,0.002475087109713665,0.0037387252156584855,30
5.9,2256,2266,0.1,30,0.0003647103848929568,0.00034510018489617784,0.00039193640072545896,30,0.06047710920584464,0.0604508695900774,0.06051291326973711,30,0.05632349428274012,0.05056299707551481,0.06237404762981667,30,0.06764303011966025,0.03859363297141528,0.1091153278764257,10,0.06566035360483817,0.04612351637605982,0.09038990814529371,22,0.0024877850105877257,0.0019527773673402283,0.003092803388284782,30,0.0013742748292189756,0.0011835174966246366,0.0015744713470372735,30,0.003441786231916026,0.0027258467337201156,0.004184497812111404,30
6.0,2266,2276,0.1,30,0.0003563317326548101,0.00034269951798854227,0.0003745108730968412,30,0.06045587872212984,0.06044219996350567,0.06047217123911959,30,0.06861712991714661,0.0643952166229197,0.07287145506324869,30,0.05674256467020822,0.042940588036127866,0.06952979094882626,8,0.05980810563369666,0.04370246952526838,0.07937158503816732,23,0.002565381248631981,0.002016265535917735,0.003183562533483131,30,0.001394698276241629,0.0011974011259755833,0.0015961830049708407,30,0.003554914665314088,0.0028531122427272832,0.004312778641536863,30
6.1000000000000005,2276,2286,0.1,30,0.00048795160246162635,0.0003753579646704285,0.0006354389190564425,30,0.06062860403179601,0.06049021632293751,0.06080762751246869,30,0.07395001399136365,0.07036278016166124,0.0776493992809827,30,0.11527162914264061,0.0742622204516108,0.17100566050717822,8,0.06425480708918355,0.04943324009257381,0.08571000069112315,24,0.0023653522540402136,0.0018534157850828852,0.0029484416146105994,30,0.0014049884073674575,0.0011966244643810023,0.0016163883930128025,30,0.003363763644716628,0.00267080409339719,0.00410965672193661,30
6.2,2286,2296,0.1,30,0.00037905695182064835,0.00034943464090150627,0.0004226082892481735,30,0.06047744890416123,0.060446130804624,0.06052648026343912,30,0.07384306872804215,0.06994634054102868,0.07772351458290369,30,0.08148875717294869,0.05966701556267691,0.1088348759277898,7,0.06009922261006892,0.05105203168676802,0.0691095110865548,23,0.00211900050352385,0.001691643607508388,0.002609754790704212,30,0.0014111889343124662,0.0012025576720905583,0.0016218479505745117,30,0.0031364649882187293,0.002500691901069665,0.003821830218346007,30
6.3,2296,2306,0.1,30,0.0006326462894590205,0.0003774019651081404,0.0010405462118054996,30,0.06077833633268578,0.060497112859223,0.06121869772153588,30,0.07666477089692995,0.0724156169046738,0.08099705696971912,30,0.07226972428939057,0.047777715475740994,0.09763913765397422,8,0.05718124775448174,0.04733797593785501,0.06799634103097378,23,0.0018760997082089008,0.0014994923662274612,0.0022974104387697997,30,0.0014193463559646013,0.0012113585356925453,0.0016257772494099904,30,0.002948201834057826,0.0023588583784047296,0.003550508650370904,30
6.4,2306,2316,0.1,30,0.0003750114314597089,0.00034437073140194236,0.0004235919419011182,30,0.060489066630317716,0.060449409044544,0.060551513046049756,30,0.0686500912712804,0.06364158536386519,0.07360570584017279,30,0.11805048599061853,0.05704970568007926,0.1899678296113816,11,0.05404780901456477,0.04503859123648723,0.06363431843104102,22,0.001672926985303277,0.0013354922997218198,0.002049963862091092,30,0.0014207255886769454,0.0012181474062888597,0.0016354211793816937,30,0.0027535826762357324,0.002228414924387012,0.0033171877304642642,30
6.5,2316,2326,0.1,30,0.0004335545344624866,0.0003444366147362202,0.0005770979742424309,30,0.06053150209582898,0.060439439682522036,0.06069157180015059,30,0.0651921677699529,0.05903638213006515,0.07171854764852713,30,0.07731766001045637,0.04652098829439098,0.11606559993027848,11,0.055835295119573,0.040351356871052395,0.07762427983565916,21,0.0016823294854838781,0.0012966100044895978,0.0021060961014898075,30,0.0014285661532665612,0.0012248280615349894,0.0016374742734821402,30,0.002791068631540319,0.0022813028186259884,0.0033547099724150604,30
6.6000000000000005,2326,2336,0.1,30,0.0003874264455542059,0.00035515473696481664,0.00042904644509386973,30,0.060495392903609196,0.06045373196762443,0.0605584154109495,30,0.0533395012390002,0.0486295669456495,0.05781235257045119,30,0.07771068990433466,0.047717020239779334,0.11813705951939397,10,0.04396928032820925,0.035381587244331554,0.054449080422473185,22,0.0016749242737146032,0.0012682279787264846,0.0021388274242478797,30,0.0014285682661397182,0.0012289596484065415,0.001629227292112272,30,0.002786811160641597,0.0022865025037711053,0.003343406756195493,30
6.7,2336,2346,0.1,30,0.0003749340379959023,0.00035201651802909214,0.00040289125897997733,30,0.0605019150015316,0.060454720013659896,0.06057505858138745,30,0.04148810468581352,0.03784196410033478,0.04512727292142032,30,0.03620721980313321,0.02875177736935203,0.04380175988354585,9,0.04219270262007303,0.03592404116582998,0.04899210631357536,21,0.0017071987544528705,0.0012858454820546224,0.0021531437126203197,30,0.0014283435245211358,0.0012360647724695406,0.0016231474267839338,30,0.0027411788885322312,0.0022587216423940477,0.003258932885632734,30
6.8,2346,2356,0.1,30,0.00036284304567166,0.0003461466079675788,0.0003847477606791512,30,0.06046396203992773,0.060443945655578986,0.06049324652292288,30,0.029448612860937518,0.025529934474755496,0.03356647484779612,30,0.07059293876955118,0.03324202627277221,0.1161503840197001,12,0.03662572250535237,0.029785960282725035,0.04454966113477261,21,0.0015782273452133308,0.001212294153609144,0.0019790643016240747,30,0.0014222167369835382,0.0012286115597591007,0.001616842996267392,30,0.002602391609144749,0.00216352788655588,0.003075363633920901,30
6.9,2356,2366,0.1,30,0.0003790383500916555,0.00035000429400688796,0.00041518661132191036,30,0.06050154931767686,0.06046556912333901,0.06054467998182512,30,0.019809423275373533,0.01643641860616999,0.023642995547575225,30,0.086892617518108,0.04892241934635628,0.13091113176255545,15,0.06321355741995487,0.0390633804280453,0.0977976529492087,21,0.0018285534875324826,0.0013819457800820266,0.002304919558915866,30,0.0014234525616446147,0.0012395499921005228,0.0016117618126896237,30,0.0027975023799155143,0.0023291241776809816,0.0032955732650978096,30
7.0,2366,2376,0.1,30,0.00040392917845200933,0.0003435941209659684,0.0005144511443091451,30,0.06052629889758435,0.0604508225959457,0.0606584586264924,30,0.018376256922008023,0.015370342484706584,0.02166615651495278,30,0.04422097423947598,0.034079104823206065,0.05583681305228121,13,0.04330600963197981,0.03346333538654551,0.057515135290216984,17,0.0021618188039089444,0.0016855421128554144,0.002658740735895577,30,0.0014448265953625602,0.001268177777959509,0.001627535373320688,30,0.003161628326249299,0.0026812135817255184,0.0036317461992577357,30
7.1000000000000005,2376,2386,0.1,30,0.0003824687210839704,0.0003450415896947244,0.00043051147638956176,30,0.060492626609231784,0.06044871183862059,0.060549802135673854,30,0.02565848212446321,0.021626759038876165,0.030005466540251123,30,0.048233844091505836,0.03777045343017721,0.060472084892521656,13,0.043126608778916484,0.03242697616765451,0.059597084442627,18,0.0019274168812157511,0.001546572790256387,0.0023352128726939372,30,0.0014581936028965348,0.0012691743278324947,0.0016417529176835609,30,0.0029673469218917856,0.0025067635347718028,0.003436745261378999,30
7.2,2386,2396,0.1,30,0.0004477368368519145,0.00036993671788716856,0.0005556360966625121,30,0.06057317220257375,0.06048016773340131,0.06070648679745521,30,0.03620841114749778,0.0315082469248345,0.04085526414836028,30,0.04602561341094924,0.032246593184255906,0.06149143690637472,12,0.04964502539095122,0.037184883904441364,0.06432229574506712,19,0.002005218308011679,0.0016211127544289972,0.002444146121226896,30,0.0014783266695912233,0.0012802723121578291,0.0016776255995336828,30,0.0030419343997413473,0.0025030705062716024,0.003621712284865359,30
7.3,2396,2406,0.1,30,0.0005366622301245377,0.00034449566812036454,0.0008920521755854841,30,0.06064920157966976,0.060445013417089646,0.06102907958528955,30,0.05214779012671283,0.047822687342578815,0.056879752924638656,30,0.04128193659209882,0.03130802883902371,0.05288141052521673,11,0.05251165135619784,0.04463683566176493,0.060295895134895444,19,0.0021514689401513827,0.0016972235225825372,0.002646539711395067,30,0.0015026254354550495,0.0012893937148893047,0.0017108278829886284,30,0.0032304479161397994,0.002605348246746669,0.003880425564529961,30
7.4,2406,2416,0.1,30,0.0004876150514389057,0.00034784157064168044,0.0007563348181428017,30,0.06061029353434011,0.06045565845243208,0.0609015250935002,30,0.058918192190644564,0.05465045822543603,0.06315184749481088,30,0.0738443016548156,0.05914605467771881,0.09021672437107789,11,0.07920012569382309,0.05316395619070467,0.1191266513961112,21,0.0025339287496487623,0.0020753448377276995,0.003027258909936866,30,0.0015363103855666718,0.0013116221636761685,0.0017594103847997722,30,0.0036186473550189877,0.0029414086888345514,0.00431477463824705,30
7.5,2416,2426,0.1,30,0.0003783331932994198,0.0003511711563510605,0.00041222280420492597,30,0.06047493238444333,0.06045338892796187,0.06050430570001649,30,0.06799468971665464,0.06387580638399748,0.07218568780114301,30,0.06730789946773405,0.05300908686821507,0.0820886584621677,9,0.07287425249499863,0.05656572960415901,0.09124141046790822,22,0.002745787133256417,0.0023345560557560484,0.003190876730371362,30,0.0015580228179393949,0.0013221233739810902,0.0017834026788059053,30,0.0038440094642944126,0.0031990044876755185,0.004494010030148653,30
7.6000000000000005,2426,2436,0.1,30,0.0005994747228209701,0.00036930376302200346,0.0009215915415808176,30,0.0607494465588611,0.06048498769275449,0.061102408240108284,30,0.06504139308248329,0.05992217109869608,0.06993744708372565,30,0.06326370410823251,0.04457025025318253,0.08053987176339697,8,0.07246426373894661,0.060558541813395435,0.0852630273657311,25,0.002887560177514229,0.0025149145608662246,0.003279545012855988,30,0.0015789644647592872,0.0013467023051200759,0.001817099037171977,30,0.004028534883699935,0.003459661990194092,0.004620064391283583,30
7.7,2436,2446,0.1,30,0.00036208034393654084,0.0003457879008125796,0.00038769454067508224,30,0.060462111937442005,0.06044566087161745,0.060485631633736645,30,0.06472561107782555,0.0598902556040162,0.06965140179469641,30,0.06207420755391914,0.040629684662693046,0.07576514812364737,4,0.08459369380869446,0.06489549680232917,0.1095023951160175,30,0.0030179482781471376,0.0026865584393353267,0.003359173729400079,30,0.001602095698414396,0.0013689449116822939,0.0018366035152799355,30,0.004227738042938503,0.0037674141873632015,0.004690843470714988,30
7.8,2446,2456,0.1,30,0.0004128947900938525,0.0003562875492954725,0.0004999569651064874,30,0.060537077005191536,0.06046827484228403,0.06063885503848771,30,0.06712125127265335,0.06236217582154259,0.07216664933694682,30,,,,0,0.0652181774385859,0.05552350009785551,0.07607557485169797,30,0.0029656550270908094,0.0026392399082975767,0.003296743430772992,30,0.0016247069467090864,0.0013923994986798816,0.0018535805084835635,30,0.004231956871808163,0.0038484876011960966,0.004612671506592128,30
7.9,2456,2466,0.1,30,0.0005309851957749528,0.00034620588002488265,0.000884430379109222,30,0.06066833617720258,0.06045066901326537,0.06107781260235643,30,0.06577016433081889,0.062011274643198624,0.06963332227153343,30,,,,0,0.06738982529908118,0.05835680917907088,0.07657584784712675,30,0.002794417114589297,0.002535363481488441,0.0030676741812150675,30,0.0016439431157679403,0.001425511266612086,0.0018651720217575858,30,0.004084512355268557,0.003774206523677086,0.004406818586719128,30
8.0,2466,2476,0.1,30,0.000384612327237225,0.000337851821559227,0.00046552253485094923,30,0.06049689879517761,0.06043912840358821,0.06059756015779341,30,0.05376321316725432,0.04989632835584828,0.057506249809063,30,,,,0,0.05878351298618227,0.05110317104162743,0.06648772014896838,30,0.0026066556683301064,0.0023966853563516313,0.002838151625079869,30,0.0016544480442384516,0.0014408357489984367,0.0018733619657549006,30,0.0038929682467958595,0.0036409347342106655,0.004145033056784856,30
8.1,2476,2486,0.1,30,0.0003551204463233112,0.00033585848892450475,0.00038645442731443584,30,0.06046064002246981,0.06043615008454588,0.060500189305574145,30,0.040645949617213635,0.03633729618542259,0.04510297806349102,30,,,,0,0.04796562558032975,0.04112864242041258,0.055578174525084255,30,0.0024143099106558106,0.002249798800550915,0.0025934760070925257,30,0.0016583416870594929,0.001454255635513541,0.0018653223667299266,30,0.0036788856365850757,0.0034712523945713857,0.0038903640415314665,30
8.2,2486,2496,0.1,30,0.0003859967658126397,0.00034882885018448724,0.0004355571832637861,30,0.06049895405277586,0.060452136627507286,0.0605588691552469,30,0.03177383792835035,0.027767489038775947,0.035781342469125406,30,,,,0,0.039856389771557074,0.03501595076864856,0.044944554097430554,30,0.002216235809712942,0.002069819213066525,0.0023771526494802396,30,0.0016595564448520525,0.0014643116449108236,0.0018638260835519538,30,0.0034606870429095566,0.003267210186790122,0.0036537555969878427,30
8.3,2496,2500,0.04,30,0.00035117182627605295,0.00033652532855028074,0.00037162666670387544,30,0.06044935978779345,0.060436039367905786,0.06047267522293097,30,0.01899069006162332,0.015208017934763701,0.02348550388323471,30,,,,0,0.027727531347281172,0.023213762555636886,0.032388849650445445,30,0.001983587829941031,0.0018359462568837586,0.002142273802721391,30,0.0016601396108611526,0.0014635017819870928,0.0018598860960309862,30,0.003263076579256154,0.0030788178395451207,0.003441547327427751,30
