model_id,model_definition,realization_id,rng_seed,epoch,angular_rmse,object_rmse,false_positive_rms,mean_context_belief,median_context_belief,mean_assumed_sigma_oto,mean_signed_innovation,mean_abs_innovation,mean_object_gain,mean_signed_object_correction,mean_abs_object_correction,metric_homology,object_present_samples,object_free_samples,eye_next_vs_current_estimated_omega_correlation,eye_vs_current_retinal_path_correlation,eye_vs_object_schedule_correlation
canonical_closed_loop,canonical_closed_loop,0,100,baseline,0.05227903361128479,0.07643590785038243,0.05092163240002351,0.0005075623925149135,0.0003353501304664781,0.06061511918243401,-0.002479319917555846,0.07517482504751595,0.27756397751359296,-0.0007190485425042194,0.02083231466410161,recurrent latent object-motion state,205.0,628.0,,,
canonical_closed_loop,canonical_closed_loop,0,100,reduced_reliability,0.05582726771342003,0.10741935014438038,0.08539560977309452,0.9978842179763185,0.9996646498695336,0.39917294037915657,0.0015252138565866244,0.07506650065787893,0.2630132519851433,0.0003985222829660658,0.01974194484375684,recurrent latent object-motion state,176.0,657.0,,,
canonical_closed_loop,canonical_closed_loop,0,100,recovery,0.052467662836576855,0.05651998265127677,0.06188071733231652,0.01154629046182021,0.0003353501304664781,0.06522908693444994,-0.001318501604601333,0.0771743717555875,0.27595630185169584,-0.0003621414266884299,0.021301204520902766,recurrent latent object-motion state,181.0,653.0,,,
canonical_closed_loop,,0,100,coupling_diagnostic,,,,,,,,,,,,,,,-0.3351350007619863,-0.1245890156936625,0.46100083651951856
canonical_closed_loop,canonical_closed_loop,1,101,baseline,0.048683555599097254,0.07984218432276635,0.05885431523510717,0.00046275495723937306,0.0003353501304664781,0.06057690524035517,-0.0022989786735530893,0.07903962412753432,0.2775678476376435,-0.00048676267914273046,0.021988949995338278,recurrent latent object-motion state,240.0,593.0,,,
canonical_closed_loop,canonical_closed_loop,1,101,reduced_reliability,0.0494291789218098,0.08863022369467108,0.07338451959459094,0.9978300399685053,0.9996646498695336,0.39916251165476296,0.0012047323382751547,0.07641895512326302,0.2630106248752602,0.00031150883636554106,0.020100190340144392,recurrent latent object-motion state,207.0,626.0,,,
canonical_closed_loop,canonical_closed_loop,1,101,recovery,0.05694135638120094,0.07651534508826435,0.06763985208762034,0.006930102487196627,0.0003353501304664781,0.063453383089342,-0.0009912873323213575,0.07655336373688208,0.2760351955478157,-0.00027345163927513746,0.02113023108918281,recurrent latent object-motion state,240.0,594.0,,,
canonical_closed_loop,,1,101,coupling_diagnostic,,,,,,,,,,,,,,,-0.23088861269900993,-0.04649038403269228,0.20572588880245854
canonical_closed_loop,canonical_closed_loop,2,102,baseline,0.05234248019736282,0.07903576463981214,0.060202935547240384,0.0004375881044527609,0.0003353501304664781,0.06055531220684678,-0.0023696405644966947,0.07584764193801195,0.27756596884675055,-0.0005905908920982782,0.021054567565608463,recurrent latent object-motion state,225.0,608.0,,,
canonical_closed_loop,canonical_closed_loop,2,102,reduced_reliability,0.056314391434914686,0.0808119000103707,0.08841325329628952,0.9989933433823598,0.9996646498695336,0.3993960454111171,0.0012176647906657595,0.07235692040605739,0.2630001038343653,0.0003169040195481113,0.019029693430278962,recurrent latent object-motion state,184.0,649.0,,,
canonical_closed_loop,canonical_closed_loop,2,102,recovery,0.04862034168998482,0.06977179633367205,0.05188929141233688,0.008047657630647843,0.0003353501304664781,0.06385235794744594,-0.0005497668943527447,0.0766810926322232,0.27601850671346895,-0.0001518015936994144,0.0211660118664013,recurrent latent object-motion state,240.0,594.0,,,
canonical_closed_loop,,2,102,coupling_diagnostic,,,,,,,,,,,,,,,-0.4369989280897238,-0.2735155611786441,0.229690243238876
canonical_closed_loop,canonical_closed_loop,3,103,baseline,0.05032722908195535,0.0810950685709957,0.05527311227670311,0.0004026454282045614,0.0003353501304664781,0.06051636179457189,-0.002457451889805905,0.07545993086648055,0.27757445679546094,-0.0005856977062826694,0.021022504281529776,recurrent latent object-motion state,240.0,593.0,,,
canonical_closed_loop,canonical_closed_loop,3,103,reduced_reliability,0.054200494582447585,0.09594562355138886,0.07403792650651653,0.996365210124978,0.9996646498695336,0.3987083833670142,0.0014841006925574456,0.07812175476682566,0.2630196568285964,0.00039054074264895496,0.02054626119379067,recurrent latent object-motion state,240.0,593.0,,,
canonical_closed_loop,canonical_closed_loop,3,103,recovery,0.05811717686221516,0.08646744137798139,0.06376234393548308,0.0048153042790808325,0.0003353501304664781,0.06281280388427722,-0.0008703038708748499,0.07661516618929888,0.2760586844601953,-0.0002390603114657961,0.021152573896963022,recurrent latent object-motion state,210.0,624.0,,,
canonical_closed_loop,,3,103,coupling_diagnostic,,,,,,,,,,,,,,,-0.43054522283694874,-0.28409144564319094,0.12198628442211593
canonical_closed_loop,canonical_closed_loop,4,104,baseline,0.05119621887821709,0.06326255002179447,0.06528116355477227,0.0004922008568262634,0.0003353501304664781,0.060615258522560916,-0.0025643479056967214,0.07613555187005684,0.27756256246097416,-0.0006856782951136192,0.02114596689099095,recurrent latent object-motion state,240.0,593.0,,,
canonical_closed_loop,canonical_closed_loop,4,104,reduced_reliability,0.054262700304995505,0.1312963316583081,0.08083986092684163,0.9962809513371514,0.9996646498695336,0.39880205308941924,0.0016418778162156258,0.07440359743721148,0.2630013045481782,0.00043206350577603065,0.019567994470673884,recurrent latent object-motion state,240.0,593.0,,,
canonical_closed_loop,canonical_closed_loop,4,104,recovery,0.05233158628980748,0.06311261868602265,0.05212097350163003,0.011597143743862282,0.0003353501304664781,0.0650144521163874,-0.0009699333442907431,0.0807745154817423,0.2759804311750428,-0.00027186328236373744,0.022295180989780075,recurrent latent object-motion state,240.0,594.0,,,
canonical_closed_loop,,4,104,coupling_diagnostic,,,,,,,,,,,,,,,-0.5356658741947882,-0.35832505620881816,0.2420890299472124
canonical_closed_loop,canonical_closed_loop,5,105,baseline,0.05243502133258905,0.07131443862880558,0.05999929294987376,0.0004764632052700766,0.0003353501304664781,0.06060766137016732,-0.0024753548113528455,0.07662505576091957,0.2775598334877168,-0.0006986937538668441,0.021214040543254795,recurrent latent object-motion state,240.0,593.0,,,
canonical_closed_loop,canonical_closed_loop,5,105,reduced_reliability,0.05442078559916811,0.11540325656724328,0.08846159485534237,0.9975145787229889,0.9996646498695336,0.39893396400785275,0.0008071957218847694,0.07686584831122148,0.2629932693340563,0.0002029630451826058,0.020215247316290194,recurrent latent object-motion state,213.0,620.0,,,
canonical_closed_loop,canonical_closed_loop,5,105,recovery,0.04971679207214367,0.0607810420009841,0.04868172222436849,0.008399897087013367,0.0003353501304664781,0.06391365538553802,-0.0005903546385218614,0.07673304262613165,0.27602637536639396,-0.00016855471117516188,0.02117677570656526,recurrent latent object-motion state,193.0,641.0,,,
canonical_closed_loop,,5,105,coupling_diagnostic,,,,,,,,,,,,,,,-0.30776896522902464,-0.14771015381855032,0.033867427916754525
canonical_closed_loop,canonical_closed_loop,6,106,baseline,0.05274316164064624,0.09472747098725408,0.053718430130723985,0.00039515465800574293,0.0003353501304664781,0.06050766204629092,-0.002604166348626037,0.07900365301474789,0.2775773499003787,-0.0006227333713428528,0.02193992194079761,recurrent latent object-motion state,235.0,598.0,,,
canonical_closed_loop,canonical_closed_loop,6,106,reduced_reliability,0.055201362297272294,0.07405200601923972,0.0744502912947197,0.9978193924331934,0.9996646498695336,0.3991526974358995,0.0014637988736830767,0.07363090493277323,0.26299740546364,0.00038265072960622505,0.019363981393390357,recurrent latent object-motion state,186.0,647.0,,,
canonical_closed_loop,canonical_closed_loop,6,106,recovery,0.05392645410843158,0.09819319279520071,0.05856725188427746,0.006776242063707184,0.0003353501304664781,0.0635373225240533,-0.0011194551988858129,0.07570187159914114,0.27602587240983983,-0.000304100781244135,0.020900260887827024,recurrent latent object-motion state,181.0,653.0,,,
canonical_closed_loop,,6,106,coupling_diagnostic,,,,,,,,,,,,,,,-0.6030673986550436,-0.437135965039802,0.19564448433695047
canonical_closed_loop,canonical_closed_loop,7,107,baseline,0.05190239552492012,0.06378659349272257,0.054375773230939735,0.002116977883321104,0.0003353501304664781,0.061448219440322076,-0.0024670111282388617,0.07645675145395539,0.27752767229201786,-0.0006576447049540363,0.021147142807594513,recurrent latent object-motion state,240.0,593.0,,,
canonical_closed_loop,canonical_closed_loop,7,107,reduced_reliability,0.05148917889309668,0.12111102126191156,0.08842799257988165,0.9950230750393838,0.9996646498695336,0.398279596455691,0.0017402258035794553,0.07527589487464621,0.2630371633208008,0.0004552340677467727,0.019801573738980633,recurrent latent object-motion state,156.0,677.0,,,
canonical_closed_loop,canonical_closed_loop,7,107,recovery,0.05095615161434435,0.06735728747182962,0.05704026203189351,0.008209503766517964,0.0003353501304664781,0.0639736458758172,-0.0011238041728344607,0.07658304533508577,0.2760092320731048,-0.00030969438873204374,0.02113550745008745,recurrent latent object-motion state,240.0,594.0,,,
canonical_closed_loop,,7,107,coupling_diagnostic,,,,,,,,,,,,,,,-0.4633408721955296,-0.3132032426756095,0.17564645775666776
canonical_closed_loop,canonical_closed_loop,8,108,baseline,0.05124726672090241,0.06039476522035152,0.05618698468293863,0.0005934932898904358,0.0003353501304664781,0.060678326321812796,-0.0023844927847328445,0.07474125645331496,0.27756226016410795,-0.0007015209843306722,0.020749218695790172,recurrent latent object-motion state,226.0,607.0,,,
canonical_closed_loop,canonical_closed_loop,8,108,reduced_reliability,0.05633013860467138,0.11340182780519259,0.10795149981723465,0.9967088090893047,0.9996646498695336,0.3987698409768767,0.0014165926233283685,0.07683098696515678,0.26302898831530547,0.00037703967025711545,0.020209931163068934,recurrent latent object-motion state,184.0,649.0,,,
canonical_closed_loop,canonical_closed_loop,8,108,recovery,0.050122327531798,0.05815609357692133,0.05682409894150116,0.005038950828373001,0.0003353501304664781,0.06273516557097861,-0.000871696429316809,0.07681909596545734,0.27607170820924526,-0.00024303274883854273,0.021206694314518312,recurrent latent object-motion state,240.0,594.0,,,
canonical_closed_loop,,8,108,coupling_diagnostic,,,,,,,,,,,,,,,-0.40496549674555976,-0.17813752925894266,0.4940061439556932
canonical_closed_loop,canonical_closed_loop,9,109,baseline,0.0497259163568056,0.09373135449462155,0.051028094045126815,0.0005789827231026595,0.0003353501304664781,0.060688059608510085,-0.0022546484486390553,0.07915402334146747,0.2775548138616272,-0.0006854849646487537,0.021971080485273773,recurrent latent object-motion state,167.0,666.0,,,
canonical_closed_loop,canonical_closed_loop,9,109,reduced_reliability,0.05456980541985687,0.12771172829082458,0.06808374690232526,0.9956980379556412,0.9996646498695336,0.3984045908321892,0.0012827643465449048,0.07397152290190762,0.26298595128427177,0.0003384835106870721,0.01945195140467639,recurrent latent object-motion state,163.0,670.0,,,
canonical_closed_loop,canonical_closed_loop,9,109,recovery,0.050976537303222394,0.08297775843446305,0.05132841575769993,0.006592502276292745,0.0003353501304664781,0.0632409110881874,-0.000891437556482885,0.07596814371387597,0.2760574426330405,-0.0002479256259322003,0.02096523736732771,recurrent latent object-motion state,161.0,673.0,,,
canonical_closed_loop,,9,109,coupling_diagnostic,,,,,,,,,,,,,,,-0.621930167292108,-0.474293871073648,0.12570732767529205
canonical_closed_loop,canonical_closed_loop,10,110,baseline,0.050221344434371235,0.06713786743534526,0.0549733624712438,0.0004270650234538892,0.0003353501304664781,0.06054726100077127,-0.002929608204152106,0.07516807513398242,0.27757476935878533,-0.000805361442644667,0.02079104980662663,recurrent latent object-motion state,185.0,648.0,,,
canonical_closed_loop,canonical_closed_loop,10,110,reduced_reliability,0.050472802848362516,0.10847707009727019,0.08280441049995518,0.9976256781976959,0.9996646498695336,0.3989546834795683,0.0016827309296947577,0.07588430408042227,0.2629808148052241,0.00043899761254483636,0.019956152282519898,recurrent latent object-motion state,161.0,672.0,,,
canonical_closed_loop,canonical_closed_loop,10,110,recovery,0.050429725486457216,0.0712095557632452,0.05890281171743435,0.010684907476782005,0.0003353501304664781,0.06471317803627707,-0.0009699916793329712,0.07371901824008581,0.2759933513669819,-0.0002666282811361103,0.020350445815805255,recurrent latent object-motion state,201.0,633.0,,,
canonical_closed_loop,,10,110,coupling_diagnostic,,,,,,,,,,,,,,,-0.4611630924094419,-0.2880751295666566,0.09400184872114235
canonical_closed_loop,canonical_closed_loop,11,111,baseline,0.05492426932575183,0.08006748030211115,0.05897219896197289,0.0003964549058825577,0.0003353501304664781,0.06050844332402865,-0.002552170361532469,0.07475539527364561,0.2775803515361118,-0.0006823948825868531,0.020827635919414136,recurrent latent object-motion state,240.0,593.0,,,
canonical_closed_loop,canonical_closed_loop,11,111,reduced_reliability,0.05498662087018938,0.1483402135851159,0.07860369648530734,0.9933175680156869,0.9996646498695336,0.3978731509872126,0.0013744780427681496,0.07342007310388572,0.2630252224101722,0.00036213941842821995,0.0193093111318112,recurrent latent object-motion state,167.0,666.0,,,
canonical_closed_loop,canonical_closed_loop,11,111,recovery,0.05335893192703148,0.08628385558596553,0.05893308239467755,0.010679488168375141,0.0003353501304664781,0.06480646771600322,-0.0007222610767055459,0.07734022664060748,0.27598166178530453,-0.00020317291963967637,0.0213463052055047,recurrent latent object-motion state,236.0,598.0,,,
canonical_closed_loop,,11,111,coupling_diagnostic,,,,,,,,,,,,,,,-0.534258266926177,-0.3672971098512592,0.22425069645446274
canonical_closed_loop,canonical_closed_loop,12,112,baseline,0.052176347681895975,0.05529345601473317,0.05586234669898512,0.0004303551936211136,0.0003353501304664781,0.060549163092003734,-0.0025295416028123974,0.07457475930458228,0.27757729437582196,-0.0007205614905548366,0.020758032478083534,recurrent latent object-motion state,210.0,623.0,,,
canonical_closed_loop,canonical_closed_loop,12,112,reduced_reliability,0.05195947725298893,0.11598164509649729,0.09161890346024777,0.9966198880755724,0.9996646498695336,0.39858766395923967,0.0013239226551901814,0.07915387468551845,0.2630440649734578,0.00034499749459299036,0.020819683988406057,recurrent latent object-motion state,173.0,660.0,,,
canonical_closed_loop,canonical_closed_loop,12,112,recovery,0.05208628587721257,0.0681783818385983,0.06040732171586903,0.012119999651809234,0.0003353501304664781,0.06518286741568323,-0.0008977614100187176,0.07646266865901723,0.2759726243116251,-0.00025086828209232564,0.02110546926150781,recurrent latent object-motion state,240.0,594.0,,,
canonical_closed_loop,,12,112,coupling_diagnostic,,,,,,,,,,,,,,,-0.5018619750297695,-0.32671087847431834,0.17917336002815198
canonical_closed_loop,canonical_closed_loop,13,113,baseline,0.05206255485385231,0.0725712680876223,0.05731753697710737,0.0004038643026192273,0.0003353501304664781,0.06051774807271718,-0.002264325992042778,0.07802621721148426,0.2775739182203249,-0.0005914111648174955,0.02160995549918847,recurrent latent object-motion state,240.0,593.0,,,
canonical_closed_loop,canonical_closed_loop,13,113,reduced_reliability,0.05712869144356561,0.07675856035674918,0.08876352235652092,0.9966683744852024,0.9996646498695336,0.39876502072274067,0.0010591899448219465,0.08102132741938815,0.2630207540546929,0.00027342006361972697,0.021310916909104076,recurrent latent object-motion state,240.0,593.0,,,
canonical_closed_loop,canonical_closed_loop,13,113,recovery,0.052967839738290945,0.05453863848297994,0.06899249161874707,0.006310643656039875,0.0003353501304664781,0.06319143901351285,-0.0007597842499567023,0.08117445070400614,0.2760462883608897,-0.0002103041868708224,0.02240807916041175,recurrent latent object-motion state,240.0,594.0,,,
canonical_closed_loop,,13,113,coupling_diagnostic,,,,,,,,,,,,,,,-0.3693269341384584,-0.21535019683400067,0.18766610964888694
canonical_closed_loop,canonical_closed_loop,14,114,baseline,0.05326431118241393,0.0707148747809747,0.06321700550586887,0.0003901519036115007,0.0003353501304664781,0.060501270831588856,-0.002584480072897108,0.08183278478835126,0.2775751250882037,-0.0007757531054512504,0.022725238603670678,recurrent latent object-motion state,240.0,593.0,,,
canonical_closed_loop,canonical_closed_loop,14,114,reduced_reliability,0.05097754808647106,0.09036319365250345,0.08393786514699901,0.9967602740450123,0.9996646498695336,0.39877611023879844,0.0014851710457999805,0.07786125552679371,0.26303246759143734,0.000389862496815706,0.02048051963168817,recurrent latent object-motion state,240.0,593.0,,,
canonical_closed_loop,canonical_closed_loop,14,114,recovery,0.05314062670197902,0.06133999143152494,0.06825418501884095,0.012903083107170851,0.0003353501304664781,0.06553722808528963,-0.0008857965366257415,0.07868428796737029,0.27594951834241455,-0.00024516733695630847,0.021716967708382176,recurrent latent object-motion state,240.0,594.0,,,
canonical_closed_loop,,14,114,coupling_diagnostic,,,,,,,,,,,,,,,-0.3281615378726321,-0.12986182930379603,0.3618522185567741
canonical_closed_loop,canonical_closed_loop,15,115,baseline,0.04712875648091697,0.08877222467639247,0.05642154265515883,0.0004333187581671295,0.0003353501304664781,0.060553207004661345,-0.002239799074527057,0.07532955371533984,0.27757354036739196,-0.0003888820188021296,0.021050760162428253,recurrent latent object-motion state,209.0,624.0,,,
canonical_closed_loop,canonical_closed_loop,15,115,reduced_reliability,0.0567260081677048,0.10191648971708762,0.08209374807211185,0.9969865917206782,0.9996646498695336,0.3988160111093665,0.0011782504962615087,0.07296710229433387,0.26298727150148327,0.0003074395899361426,0.019188770669667284,recurrent latent object-motion state,118.0,715.0,,,
canonical_closed_loop,canonical_closed_loop,15,115,recovery,0.051970220713454446,0.0772595759466441,0.06325742468042994,0.006854240262917623,0.0003353501304664781,0.06343896392567198,-0.0005828457360521779,0.07610752997182028,0.27603265483767053,-0.00016113591187588466,0.021010157467277003,recurrent latent object-motion state,240.0,594.0,,,
canonical_closed_loop,,15,115,coupling_diagnostic,,,,,,,,,,,,,,,-0.5693630220657936,-0.41680580114094457,0.0780057735506868
canonical_closed_loop,canonical_closed_loop,16,116,baseline,0.0517451306473083,0.0630805911659902,0.05153984433904071,0.0004185822136359243,0.0003353501304664781,0.06053492569197563,-0.0026728430298745076,0.07370378475128342,0.2775831303838065,-0.0007872635100960653,0.02042912934135411,recurrent latent object-motion state,201.0,632.0,,,
canonical_closed_loop,canonical_closed_loop,16,116,reduced_reliability,0.05481572524170674,0.13197598569762728,0.08544219534426276,0.9967785768278203,0.9996646498695336,0.3988316239162499,0.0014369232423977797,0.07566828031707197,0.26300722481884453,0.00037900902426533933,0.01990424708345321,recurrent latent object-motion state,240.0,593.0,,,
canonical_closed_loop,canonical_closed_loop,16,116,recovery,0.05609800729487668,0.07076160632047214,0.0677653959952614,0.006864174183735999,0.0003353501304664781,0.06334945395602844,-0.000885233960219464,0.0782103149634448,0.27604662766326804,-0.0002475064771617739,0.02158830680720359,recurrent latent object-motion state,240.0,594.0,,,
canonical_closed_loop,,16,116,coupling_diagnostic,,,,,,,,,,,,,,,-0.45420160128780585,-0.29148384480191475,0.18751590584203412
canonical_closed_loop,canonical_closed_loop,17,117,baseline,0.049726389075452786,0.07940649677572749,0.0566956585574074,0.00039697127936611334,0.0003353501304664781,0.06051016105632841,-0.002439368819113176,0.0781161805618817,0.27757724846022525,-0.0006072767738854139,0.021713211325679906,recurrent latent object-motion state,240.0,593.0,,,
canonical_closed_loop,canonical_closed_loop,17,117,reduced_reliability,0.05548026883733793,0.11122247460298454,0.07474895576715143,0.994638561213522,0.9996646498695336,0.3980209051896053,0.0010921463956701564,0.0747008795005988,0.2629840691168962,0.00028376746894530667,0.019647025175306296,recurrent latent object-motion state,238.0,595.0,,,
canonical_closed_loop,canonical_closed_loop,17,117,recovery,0.05365607593863001,0.08617328511834253,0.05115530812237848,0.0068562782527491,0.0003353501304664781,0.0633728679568589,-0.0008378758209626873,0.07349476833264693,0.2760522941766989,-0.00022904063165369229,0.0202870406114702,recurrent latent object-motion state,168.0,666.0,,,
canonical_closed_loop,,17,117,coupling_diagnostic,,,,,,,,,,,,,,,-0.5494271797075668,-0.37550843056701516,0.36085778871207425
canonical_closed_loop,canonical_closed_loop,18,118,baseline,0.05308937317680226,0.07631113866207387,0.05909712507191428,0.00042701526191046623,0.0003353501304664781,0.060545263137290195,-0.0022042019919228466,0.07521595292772426,0.2775729516223698,-0.000706172395059063,0.02092792159759926,recurrent latent object-motion state,240.0,593.0,,,
canonical_closed_loop,canonical_closed_loop,18,118,reduced_reliability,0.053678584908746246,0.1357740924044229,0.09024901947406606,0.9973474004067711,0.9996646498695336,0.3990625494148086,0.0014680377830084315,0.07547870758547762,0.26298956607452967,0.0003857213486778811,0.019849067117416328,recurrent latent object-motion state,240.0,593.0,,,
canonical_closed_loop,canonical_closed_loop,18,118,recovery,0.04818033766174415,0.06488806398095642,0.05823448327467461,0.013885099173935805,0.0003353501304664781,0.06597519765554473,-0.0010942514141721847,0.0804060662971042,0.2759292183296152,-0.0003030177266626544,0.0221864674540813,recurrent latent object-motion state,240.0,594.0,,,
canonical_closed_loop,,18,118,coupling_diagnostic,,,,,,,,,,,,,,,-0.4756270791022246,-0.30247343297971285,0.3913017114814292
canonical_closed_loop,canonical_closed_loop,19,119,baseline,0.05148500620835039,0.0747683360866008,0.06241277800938054,0.00044745265290411563,0.0003353501304664781,0.06056584643310795,-0.002367694338919946,0.07338548036258839,0.27757430612415923,-0.0005949020507564111,0.020385675487386287,recurrent latent object-motion state,240.0,593.0,,,
canonical_closed_loop,canonical_closed_loop,19,119,reduced_reliability,0.05397181379762506,0.11289822220950155,0.09872617350322085,0.9982963538251038,0.9996646498695336,0.39925550969721385,0.0008920703721480875,0.07368025880411402,0.2629981501540344,0.00022894283458881558,0.01937786995828032,recurrent latent object-motion state,194.0,639.0,,,
canonical_closed_loop,canonical_closed_loop,19,119,recovery,0.050343940202487385,0.058380156214847066,0.06042070417402154,0.00825654991299402,0.0003353501304664781,0.06393403057758847,-0.0006613167590842097,0.07544498326784413,0.2760252613249335,-0.00018714134489842136,0.020824772177698785,recurrent latent object-motion state,207.0,627.0,,,
canonical_closed_loop,,19,119,coupling_diagnostic,,,,,,,,,,,,,,,-0.46696163910163097,-0.24850126477350826,0.2998520615631307
canonical_closed_loop,canonical_closed_loop,20,120,baseline,0.04979896356208757,0.10111176228921491,0.058002275582574196,0.00044416088052364074,0.0003353501304664781,0.06056763819132241,-0.002791964948132958,0.07737408192068132,0.2775668545920085,-0.0007491038197446191,0.021485643065530562,recurrent latent object-motion state,210.0,623.0,,,
canonical_closed_loop,canonical_closed_loop,20,120,reduced_reliability,0.05399013702601002,0.1358799786448936,0.09357624898598832,0.9986616596339168,0.9996646498695336,0.39932987195302083,0.001994610739379854,0.07584710384091228,0.26297800001378796,0.000525705856755366,0.019945427541810154,recurrent latent object-motion state,192.0,641.0,,,
canonical_closed_loop,canonical_closed_loop,20,120,recovery,0.05156310355269673,0.10110292502238052,0.05564207862824901,0.011558576038746216,0.0003353501304664781,0.06512645419559947,-0.001195378244907595,0.07822043425751231,0.27596614122521734,-0.00032544835935586597,0.0215871809791392,recurrent latent object-motion state,201.0,633.0,,,
canonical_closed_loop,,20,120,coupling_diagnostic,,,,,,,,,,,,,,,-0.6283375199003712,-0.4865741481013805,0.1999289562090259
canonical_closed_loop,canonical_closed_loop,21,121,baseline,0.05056171466806138,0.056244146267292426,0.05804824549063236,0.0004510366634586466,0.0003353501304664781,0.060573014664361845,-0.0024615163693946927,0.07411595578354453,0.2775759880056164,-0.0007276593557882881,0.020609549027029772,recurrent latent object-motion state,231.0,602.0,,,
canonical_closed_loop,canonical_closed_loop,21,121,reduced_reliability,0.05559545752070769,0.12937939390856212,0.08409444254403468,0.9963448938826543,0.9996646498695336,0.39868739286223753,0.0014371978858562298,0.07518041590730216,0.26298188946920076,0.0003809311598415094,0.019772218827614887,recurrent latent object-motion state,240.0,593.0,,,
canonical_closed_loop,canonical_closed_loop,21,121,recovery,0.05400984888919548,0.06269473370039305,0.05691282218257646,0.007450576111255739,0.0003353501304664781,0.06373871064521164,-0.0011838759504186303,0.07187855193743549,0.2760345060061362,-0.0003282869706858201,0.019836423156236505,recurrent latent object-motion state,140.0,694.0,,,
canonical_closed_loop,,21,121,coupling_diagnostic,,,,,,,,,,,,,,,-0.5160335367943321,-0.3596066627891886,0.11421446387047123
canonical_closed_loop,canonical_closed_loop,22,122,baseline,0.05097609946294546,0.07288938815293293,0.05720565898617815,0.0004226098388880861,0.0003353501304664781,0.060538952245456315,-0.0025365470890853993,0.07682557572158727,0.27757279808766117,-0.0008063471964895481,0.02144322337105068,recurrent latent object-motion state,184.0,649.0,,,
canonical_closed_loop,canonical_closed_loop,22,122,reduced_reliability,0.05074052806188473,0.08349886926259846,0.09436816092140372,0.9971517505272517,0.9996646498695336,0.3988603493950536,0.001599953465069023,0.07490235710109056,0.2630138942639499,0.00042150628898944,0.019702247866461686,recurrent latent object-motion state,162.0,671.0,,,
canonical_closed_loop,canonical_closed_loop,22,122,recovery,0.051663435069634785,0.054352336777259966,0.06793230710706145,0.011649527508242302,0.0003353501304664781,0.06502506930284711,-0.0009382455269827695,0.07814129163957921,0.2759804511309558,-0.0002566659714157801,0.021565769257765485,recurrent latent object-motion state,240.0,594.0,,,
canonical_closed_loop,,22,122,coupling_diagnostic,,,,,,,,,,,,,,,-0.3631641566389431,-0.19819295399439985,0.2502688530314613
canonical_closed_loop,canonical_closed_loop,23,123,baseline,0.05128720292880176,0.06971469856860425,0.060030450812770884,0.00039163183444531924,0.0003353501304664781,0.06050327532646708,-0.002792310700990623,0.07418681890108507,0.277579936281198,-0.0007492705515149672,0.02056999031141881,recurrent latent object-motion state,218.0,615.0,,,
canonical_closed_loop,canonical_closed_loop,23,123,reduced_reliability,0.05500621961176081,0.06601050046417738,0.07896276859993896,0.9979033273946026,0.9996646498695336,0.39901775508216736,0.001695644848801786,0.07701759708291286,0.26300671598464376,0.0004426278088418556,0.02025632450240096,recurrent latent object-motion state,170.0,663.0,,,
canonical_closed_loop,canonical_closed_loop,23,123,recovery,0.054156956022441624,0.06044281068433207,0.05370866204245921,0.007328755043651543,0.0003353501304664781,0.06350488672203887,-0.0010441427004722827,0.07491501526946029,0.27604772560668883,-0.0002871212584137154,0.020675391882291096,recurrent latent object-motion state,129.0,705.0,,,
canonical_closed_loop,,23,123,coupling_diagnostic,,,,,,,,,,,,,,,-0.3795709547140081,-0.1777879455562511,0.37592244565456157
canonical_closed_loop,canonical_closed_loop,24,124,baseline,0.056034995899460364,0.11060674530993181,0.05622159341084604,0.0004028650858497338,0.0003353501304664781,0.06051666564966886,-0.002165292767617582,0.07573934630930064,0.2775786587329494,-0.00047435852119413773,0.021042020160801218,recurrent latent object-motion state,140.0,693.0,,,
canonical_closed_loop,canonical_closed_loop,24,124,reduced_reliability,0.05298117111610924,0.12435534716584559,0.08381425882203894,0.9962176820475793,0.9996646498695336,0.398681986348983,0.0014359341358482624,0.07795680023568823,0.2629677221848793,0.000383620233963711,0.02049998601377745,recurrent latent object-motion state,235.0,598.0,,,
canonical_closed_loop,canonical_closed_loop,24,124,recovery,0.05063944938983315,0.06734334551389536,0.06051705235858605,0.00777271700648314,0.0003353501304664781,0.06381519518553033,-0.0006989338394704733,0.07213693408452095,0.2760226825963144,-0.00019318015031565783,0.0199165113242772,recurrent latent object-motion state,230.0,604.0,,,
canonical_closed_loop,,24,124,coupling_diagnostic,,,,,,,,,,,,,,,-0.519693799095212,-0.33206328580545674,0.30430847766998026
canonical_closed_loop,canonical_closed_loop,25,125,baseline,0.05388495183881424,0.07869637386536456,0.06577278147769818,0.00041459048753798676,0.0003353501304664781,0.0605311249538087,-0.002225220901092002,0.07833411034403688,0.277569569904818,-0.0004987015673223272,0.021821113771952297,recurrent latent object-motion state,240.0,593.0,,,
canonical_closed_loop,canonical_closed_loop,25,125,reduced_reliability,0.050751798721368556,0.060985315943189435,0.08917881466039308,0.9960282071477368,0.9996646498695336,0.3985668844825454,0.0015615747073666247,0.0742677822631574,0.26300406915439417,0.0004059356144823463,0.019532148004344232,recurrent latent object-motion state,240.0,593.0,,,
canonical_closed_loop,canonical_closed_loop,25,125,recovery,0.05483732380973028,0.07399214202370127,0.06201552325960111,0.006063900516840042,0.0003353501304664781,0.06312152564882961,-0.0008699883705258533,0.07684585061552006,0.276058400088426,-0.00023859679206748014,0.02121485786623115,recurrent latent object-motion state,176.0,658.0,,,
canonical_closed_loop,,25,125,coupling_diagnostic,,,,,,,,,,,,,,,-0.48856781934207694,-0.28138123603087994,0.3772310157850707
canonical_closed_loop,canonical_closed_loop,26,126,baseline,0.05290724449819469,0.057410350517166225,0.05994369666894594,0.00039493874254651647,0.0003353501304664781,0.06050717323415246,-0.0023995888654387296,0.07866312973307048,0.2775764664552822,-0.0004938624493256116,0.0219924568201736,recurrent latent object-motion state,216.0,617.0,,,
canonical_closed_loop,canonical_closed_loop,26,126,reduced_reliability,0.05382056349169913,0.0854022478199327,0.0800042150824927,0.9939852423183878,0.9996646498695336,0.3980514773590668,0.0017480137743350699,0.07444871144812507,0.2630221501205649,0.00045844746724768765,0.01958029147031336,recurrent latent object-motion state,131.0,702.0,,,
canonical_closed_loop,canonical_closed_loop,26,126,recovery,0.053974583209039646,0.0676968736542351,0.05972555201503771,0.008606047980340408,0.0003353501304664781,0.06409010371502884,-0.0011974101118971065,0.0782617035767279,0.27600835889134645,-0.00032797358175849767,0.021598619726677926,recurrent latent object-motion state,163.0,671.0,,,
canonical_closed_loop,,26,126,coupling_diagnostic,,,,,,,,,,,,,,,-0.5560973082038145,-0.38485593717229927,0.265781919048636
canonical_closed_loop,canonical_closed_loop,27,127,baseline,0.04818328112980055,0.07560824879684892,0.054355724444286616,0.00046989180547761696,0.0003353501304664781,0.06057930634919802,-0.002258401655796544,0.07540426457047786,0.2775681467379383,-0.0005618100958491034,0.020882638733958788,recurrent latent object-motion state,224.0,609.0,,,
canonical_closed_loop,canonical_closed_loop,27,127,reduced_reliability,0.05082500533464182,0.11700966398923017,0.08278330338452547,0.9974052204480822,0.9996646498695336,0.3990741202999856,0.001709988094088834,0.07822914965810004,0.26297777918227994,0.0004469475458124981,0.02057163253153049,recurrent latent object-motion state,209.0,624.0,,,
canonical_closed_loop,canonical_closed_loop,27,127,recovery,0.051401648911117905,0.09882627474278335,0.05224732858882269,0.007384411447690264,0.0003353501304664781,0.06365710587433063,-0.001179935677505201,0.07488126460890086,0.27602868393185326,-0.0003209146813632488,0.020669461167310436,recurrent latent object-motion state,208.0,626.0,,,
canonical_closed_loop,,27,127,coupling_diagnostic,,,,,,,,,,,,,,,-0.4780679600762587,-0.2956526218961607,0.20347516569466817
canonical_closed_loop,canonical_closed_loop,28,128,baseline,0.05190722155131241,0.05778358004097755,0.056706823752402366,0.00039664462299667094,0.0003353501304664781,0.06050941948392914,-0.00259041160771416,0.07133606871731354,0.27758092295608744,-0.0007173540509508495,0.019737365639499828,recurrent latent object-motion state,131.0,702.0,,,
canonical_closed_loop,canonical_closed_loop,28,128,reduced_reliability,0.05239511785503714,0.11633321541294865,0.07808412196109257,0.9987343932810161,0.9996646498695336,0.39934436286384545,0.001200894094218612,0.07775357352803462,0.2629481596274479,0.0003113439788603324,0.020443049584120725,recurrent latent object-motion state,240.0,593.0,,,
canonical_closed_loop,canonical_closed_loop,28,128,recovery,0.05186988913835317,0.06978012853561633,0.0558323507706992,0.006217574532578558,0.0003353501304664781,0.06313329642663779,-0.0006713158699339551,0.07520097902088203,0.27606107721184203,-0.0001877068186115131,0.020763368789717553,recurrent latent object-motion state,187.0,647.0,,,
canonical_closed_loop,,28,128,coupling_diagnostic,,,,,,,,,,,,,,,-0.5254773449537673,-0.3263197459717557,0.3736580716500452
canonical_closed_loop,canonical_closed_loop,29,129,baseline,0.05361311017271911,0.061405073158389105,0.06477260569312294,0.0004028911934845437,0.0003353501304664781,0.06051644991485146,-0.002625765653152883,0.07552456292584701,0.2775843107428524,-0.0007066822124766687,0.02100517443684143,recurrent latent object-motion state,240.0,593.0,,,
canonical_closed_loop,canonical_closed_loop,29,129,reduced_reliability,0.05498471706348487,0.10932957300620386,0.10156312461912612,0.9976970194137876,0.9996646498695336,0.39913408843507936,0.0012847594631344719,0.07429627714445107,0.26299385944020115,0.00033490324352228686,0.01954027344903469,recurrent latent object-motion state,240.0,593.0,,,
canonical_closed_loop,canonical_closed_loop,29,129,recovery,0.05467534998437254,0.10019026942177725,0.0551648464152732,0.008141275352970993,0.0003353501304664781,0.06383425070987668,-0.00080488754256802,0.07164039944515226,0.27603338992710513,-0.00022781508494669082,0.01977680354935327,recurrent latent object-motion state,178.0,656.0,,,
canonical_closed_loop,,29,129,coupling_diagnostic,,,,,,,,,,,,,,,-0.4905707558414074,-0.273537758743716,0.3197617745750473
event_aligned_replay,event_aligned_replay,0,100,baseline,0.05335975431338375,0.4010040751259906,0.24607961622848648,0.0004770684101415504,0.0003353501304664781,,,,,,,recurrent latent object-motion state,205.0,628.0,,,
event_aligned_replay,event_aligned_replay,0,100,reduced_reliability,0.056647928967305645,0.3647735001364673,0.2895567705728106,0.9979146578270094,0.9996646498695336,,,,,,,recurrent latent object-motion state,176.0,657.0,,,
event_aligned_replay,event_aligned_replay,0,100,recovery,0.05395882848163042,0.5076119651971219,0.1732619131072891,0.009099960154065632,0.0003353501304664781,,,,,,,recurrent latent object-motion state,181.0,653.0,,,
event_aligned_replay,,0,100,coupling_diagnostic,,,,,,,,,,,,,,,-0.13785810272328933,-0.1080324095215157,0.42144122694656866
event_aligned_replay,event_aligned_replay,1,101,baseline,0.0497704204509493,0.3065393352950886,0.271103521941849,0.0004510171911811445,0.0003353501304664781,,,,,,,recurrent latent object-motion state,240.0,593.0,,,
event_aligned_replay,event_aligned_replay,1,101,reduced_reliability,0.05027666830916257,0.5221807035153104,0.24662276879325193,0.9980222386341039,0.9996646498695336,,,,,,,recurrent latent object-motion state,207.0,626.0,,,
event_aligned_replay,event_aligned_replay,1,101,recovery,0.05827460101039775,0.3684321819049211,0.18840362037797062,0.007712990717816303,0.0003353501304664781,,,,,,,recurrent latent object-motion state,240.0,594.0,,,
event_aligned_replay,,1,101,coupling_diagnostic,,,,,,,,,,,,,,,0.007825865576422031,0.007412684484675703,0.13685461961956996
event_aligned_replay,event_aligned_replay,2,102,baseline,0.053407747242601535,0.3313233572589366,0.25089762577072683,0.0004297985520026381,0.0003353501304664781,,,,,,,recurrent latent object-motion state,225.0,608.0,,,
event_aligned_replay,event_aligned_replay,2,102,reduced_reliability,0.05756423394760462,0.3566647167531518,0.2607451670632714,0.99905269071681,0.9996646498695336,,,,,,,recurrent latent object-motion state,184.0,649.0,,,
event_aligned_replay,event_aligned_replay,2,102,recovery,0.04989606779205937,0.42520248276581823,0.19400104154908232,0.01183487255512777,0.0003353501304664781,,,,,,,recurrent latent object-motion state,240.0,594.0,,,
event_aligned_replay,,2,102,coupling_diagnostic,,,,,,,,,,,,,,,-0.25004699348501336,-0.21894451347422872,0.21614129601224366
event_aligned_replay,event_aligned_replay,3,103,baseline,0.05146100186176466,0.390162341006887,0.24883117700235563,0.0004003485591827935,0.0003353501304664781,,,,,,,recurrent latent object-motion state,240.0,593.0,,,
event_aligned_replay,event_aligned_replay,3,103,reduced_reliability,0.05513190695762879,0.21397372485855015,0.23272167010836534,0.9944877069091067,0.9996646498695336,,,,,,,recurrent latent object-motion state,240.0,593.0,,,
event_aligned_replay,event_aligned_replay,3,103,recovery,0.05946115332521093,0.40216503805237863,0.2228189260043327,0.003284573550849143,0.0003353501304664781,,,,,,,recurrent latent object-motion state,210.0,624.0,,,
event_aligned_replay,,3,103,coupling_diagnostic,,,,,,,,,,,,,,,-0.1926042100529884,-0.18305006289540565,0.08685982525586522
event_aligned_replay,event_aligned_replay,4,104,baseline,0.05251639879623467,0.40099956495178257,0.22326139243615406,0.0004879457823224341,0.0003353501304664781,,,,,,,recurrent latent object-motion state,240.0,593.0,,,
event_aligned_replay,event_aligned_replay,4,104,reduced_reliability,0.05505611973167243,0.2181938593334028,0.23202506246133603,0.9958332963739204,0.9996646498695336,,,,,,,recurrent latent object-motion state,240.0,593.0,,,
event_aligned_replay,event_aligned_replay,4,104,recovery,0.053646007641819565,0.32416433627376856,0.24205548544314967,0.008597022299660697,0.0003353501304664781,,,,,,,recurrent latent object-motion state,240.0,594.0,,,
event_aligned_replay,,4,104,coupling_diagnostic,,,,,,,,,,,,,,,-0.3168742496737275,-0.29046867126162246,0.12146073817616838
event_aligned_replay,event_aligned_replay,5,105,baseline,0.0535980604605117,0.3736589343195286,0.24664160122815068,0.0004710820681523758,0.0003353501304664781,,,,,,,recurrent latent object-motion state,240.0,593.0,,,
event_aligned_replay,event_aligned_replay,5,105,reduced_reliability,0.05544817679199365,0.4268610281219145,0.18731004842957383,0.9970711024928788,0.9996646498695336,,,,,,,recurrent latent object-motion state,213.0,620.0,,,
event_aligned_replay,event_aligned_replay,5,105,recovery,0.05106051087506637,0.4475428579565588,0.23638078710823962,0.009814322625914085,0.0003353501304664781,,,,,,,recurrent latent object-motion state,193.0,641.0,,,
event_aligned_replay,,5,105,coupling_diagnostic,,,,,,,,,,,,,,,-0.049295664284181355,-0.05073995394339884,0.04319040558508856
event_aligned_replay,event_aligned_replay,6,106,baseline,0.053683394009629806,0.18058049611205518,0.2653033817508046,0.0003962701931271131,0.0003353501304664781,,,,,,,recurrent latent object-motion state,235.0,598.0,,,
event_aligned_replay,event_aligned_replay,6,106,reduced_reliability,0.056080507808033433,0.2548717063111845,0.31205933400119806,0.9988102708857881,0.9996646498695336,,,,,,,recurrent latent object-motion state,186.0,647.0,,,
event_aligned_replay,event_aligned_replay,6,106,recovery,0.05500336871886503,0.14013429185931864,0.2581288143965251,0.0062338964962474555,0.0003353501304664781,,,,,,,recurrent latent object-motion state,181.0,653.0,,,
event_aligned_replay,,6,106,coupling_diagnostic,,,,,,,,,,,,,,,-0.4045058840066665,-0.38884936874472126,0.06295292906149769
event_aligned_replay,event_aligned_replay,7,107,baseline,0.05314112692212604,0.31841195296834524,0.23621867188945042,0.0024439525812281395,0.0003353501304664781,,,,,,,recurrent latent object-motion state,240.0,593.0,,,
event_aligned_replay,event_aligned_replay,7,107,reduced_reliability,0.05262872689470277,0.6100360371793249,0.23596347397356976,0.9954116572479251,0.9996646498695336,,,,,,,recurrent latent object-motion state,156.0,677.0,,,
event_aligned_replay,event_aligned_replay,7,107,recovery,0.05220236219985958,0.3036439135966211,0.22484800021240894,0.005137462890570804,0.0003353501304664781,,,,,,,recurrent latent object-motion state,240.0,594.0,,,
event_aligned_replay,,7,107,coupling_diagnostic,,,,,,,,,,,,,,,-0.2719826109471178,-0.2425383059185027,0.21870704241867545
event_aligned_replay,event_aligned_replay,8,108,baseline,0.05262525733347222,0.48588801180486124,0.20181639215348837,0.0005511079949899033,0.0003353501304664781,,,,,,,recurrent latent object-motion state,226.0,607.0,,,
event_aligned_replay,event_aligned_replay,8,108,reduced_reliability,0.05723507792792615,0.29248992440556054,0.34175161428174494,0.9974993064703349,0.9996646498695336,,,,,,,recurrent latent object-motion state,184.0,649.0,,,
event_aligned_replay,event_aligned_replay,8,108,recovery,0.05139823541349213,0.4644054670175767,0.23319673949964267,0.0025694751827647884,0.0003353501304664781,,,,,,,recurrent latent object-motion state,240.0,594.0,,,
event_aligned_replay,,8,108,coupling_diagnostic,,,,,,,,,,,,,,,-0.20758560224773712,-0.16709340258529867,0.4347609994300579
event_aligned_replay,event_aligned_replay,9,109,baseline,0.05079111119414554,0.27681289698515316,0.2503656893422048,0.000608189518215511,0.0003353501304664781,,,,,,,recurrent latent object-motion state,167.0,666.0,,,
event_aligned_replay,event_aligned_replay,9,109,reduced_reliability,0.05551116293761425,0.18370095308976744,0.28428446830371207,0.9955797218786623,0.9996646498695336,,,,,,,recurrent latent object-motion state,163.0,670.0,,,
event_aligned_replay,event_aligned_replay,9,109,recovery,0.052249090468622326,0.1674675055147663,0.23556087863847874,0.006062722252543007,0.0003353501304664781,,,,,,,recurrent latent object-motion state,161.0,673.0,,,
event_aligned_replay,,9,109,coupling_diagnostic,,,,,,,,,,,,,,,-0.4587199915893816,-0.40438254792593753,0.09333170626576663
event_aligned_replay,event_aligned_replay,10,110,baseline,0.05134417777879569,0.38613459352013707,0.2421443088002884,0.00042866100124689695,0.0003353501304664781,,,,,,,recurrent latent object-motion state,185.0,648.0,,,
event_aligned_replay,event_aligned_replay,10,110,reduced_reliability,0.051723375392962546,0.29057192010835853,0.30694219854529703,0.9973892608308365,0.9996646498695336,,,,,,,recurrent latent object-motion state,161.0,672.0,,,
event_aligned_replay,event_aligned_replay,10,110,recovery,0.05154496051130477,0.37030476841962445,0.21815154019624616,0.00830017711085473,0.0003353501304664781,,,,,,,recurrent latent object-motion state,201.0,633.0,,,
event_aligned_replay,,10,110,coupling_diagnostic,,,,,,,,,,,,,,,-0.22070822270139892,-0.1736139368459264,0.1469686957237768
event_aligned_replay,event_aligned_replay,11,111,baseline,0.055723791120639785,0.23404275957422938,0.2877352351282649,0.0003967753470333882,0.0003353501304664781,,,,,,,recurrent latent object-motion state,240.0,593.0,,,
event_aligned_replay,event_aligned_replay,11,111,reduced_reliability,0.055864181543889536,0.23999451012196624,0.28847933394697367,0.991603527245692,0.9996646498695336,,,,,,,recurrent latent object-motion state,167.0,666.0,,,
event_aligned_replay,event_aligned_replay,11,111,recovery,0.054732494064765345,0.20195099434636346,0.23327702023438535,0.007953451997374766,0.0003353501304664781,,,,,,,recurrent latent object-motion state,236.0,598.0,,,
event_aligned_replay,,11,111,coupling_diagnostic,,,,,,,,,,,,,,,-0.23704622131752098,-0.2198137475325658,0.19862905858991997
event_aligned_replay,event_aligned_replay,12,112,baseline,0.05345771107793986,0.34163937000756806,0.24968786874098117,0.00043190973493720383,0.0003353501304664781,,,,,,,recurrent latent object-motion state,210.0,623.0,,,
event_aligned_replay,event_aligned_replay,12,112,reduced_reliability,0.05287711774964892,0.35894555217220836,0.28129280728811834,0.9967415863483658,0.9996646498695336,,,,,,,recurrent latent object-motion state,173.0,660.0,,,
event_aligned_replay,event_aligned_replay,12,112,recovery,0.05325637422366994,0.3034317330577032,0.2120950002390403,0.01026802379462411,0.0003353501304664781,,,,,,,recurrent latent object-motion state,240.0,594.0,,,
event_aligned_replay,,12,112,coupling_diagnostic,,,,,,,,,,,,,,,-0.29200025245873534,-0.2627632816932196,0.13173719071623335
event_aligned_replay,event_aligned_replay,13,113,baseline,0.05335143306072771,0.35383474051151054,0.2588338583396749,0.00040762181960427653,0.0003353501304664781,,,,,,,recurrent latent object-motion state,240.0,593.0,,,
event_aligned_replay,event_aligned_replay,13,113,reduced_reliability,0.05820188945260897,0.5192234669994706,0.20269903539595596,0.9973103857215513,0.9996646498695336,,,,,,,recurrent latent object-motion state,240.0,593.0,,,
event_aligned_replay,event_aligned_replay,13,113,recovery,0.054297645503832856,0.465173274490104,0.17481782567492882,0.0047310347855196375,0.0003353501304664781,,,,,,,recurrent latent object-motion state,240.0,594.0,,,
event_aligned_replay,,13,113,coupling_diagnostic,,,,,,,,,,,,,,,-0.1992380814815208,-0.16511392055803567,0.2365247483076529
event_aligned_replay,event_aligned_replay,14,114,baseline,0.0543737931315838,0.3625020664845302,0.24954995403107938,0.00039553634048921233,0.0003353501304664781,,,,,,,recurrent latent object-motion state,240.0,593.0,,,
event_aligned_replay,event_aligned_replay,14,114,reduced_reliability,0.052146484176662795,0.4956719496479161,0.2392073393056081,0.9974339688303586,0.9996646498695336,,,,,,,recurrent latent object-motion state,240.0,593.0,,,
event_aligned_replay,event_aligned_replay,14,114,recovery,0.054512226880642924,0.5161776647155751,0.16470349846976387,0.014865957802166296,0.0003353501304664781,,,,,,,recurrent latent object-motion state,240.0,594.0,,,
event_aligned_replay,,14,114,coupling_diagnostic,,,,,,,,,,,,,,,-0.1656455134206057,-0.1541405182434448,0.24645294296760548
event_aligned_replay,event_aligned_replay,15,115,baseline,0.048456451976284814,0.28587457509108266,0.2624701923747333,0.00043134999371883533,0.0003353501304664781,,,,,,,recurrent latent object-motion state,209.0,624.0,,,
event_aligned_replay,event_aligned_replay,15,115,reduced_reliability,0.05787112792281995,0.3139351296850594,0.29322890903645077,0.9969150835482656,0.9996646498695336,,,,,,,recurrent latent object-motion state,118.0,715.0,,,
event_aligned_replay,event_aligned_replay,15,115,recovery,0.053025341960889004,0.1724162296373296,0.2559537632424651,0.006075336840823468,0.0003353501304664781,,,,,,,recurrent latent object-motion state,240.0,594.0,,,
event_aligned_replay,,15,115,coupling_diagnostic,,,,,,,,,,,,,,,-0.33477196880584065,-0.3228293029460699,0.09100408881843035
event_aligned_replay,event_aligned_replay,16,116,baseline,0.05299249583478588,0.33161595760931684,0.264722507445381,0.00042294911207753605,0.0003353501304664781,,,,,,,recurrent latent object-motion state,201.0,632.0,,,
event_aligned_replay,event_aligned_replay,16,116,reduced_reliability,0.0555690452686223,0.2423947815773198,0.29626498085623065,0.9969578403406607,0.9996646498695336,,,,,,,recurrent latent object-motion state,240.0,593.0,,,
event_aligned_replay,event_aligned_replay,16,116,recovery,0.057349551086823006,0.3421285757289073,0.21822933006525227,0.00634011387985576,0.0003353501304664781,,,,,,,recurrent latent object-motion state,240.0,594.0,,,
event_aligned_replay,,16,116,coupling_diagnostic,,,,,,,,,,,,,,,-0.19593721186721588,-0.1856484828454695,0.16928510234573016
event_aligned_replay,event_aligned_replay,17,117,baseline,0.05073299953248544,0.19230239506207275,0.28093890889896883,0.00039563607925585355,0.0003353501304664781,,,,,,,recurrent latent object-motion state,240.0,593.0,,,
event_aligned_replay,event_aligned_replay,17,117,reduced_reliability,0.056278972569132495,0.3482564006475685,0.22177954295030466,0.9946050618274078,0.9996646498695336,,,,,,,recurrent latent object-motion state,238.0,595.0,,,
event_aligned_replay,event_aligned_replay,17,117,recovery,0.05475678628652878,0.25158974366378056,0.2519359280827202,0.005654931953877983,0.0003353501304664781,,,,,,,recurrent latent object-motion state,168.0,666.0,,,
event_aligned_replay,,17,117,coupling_diagnostic,,,,,,,,,,,,,,,-0.3342075791329305,-0.2781628536851643,0.38841669223376163
event_aligned_replay,event_aligned_replay,18,118,baseline,0.054284185050990245,0.21254924772659525,0.2713654071482657,0.00043347445384616284,0.0003353501304664781,,,,,,,recurrent latent object-motion state,240.0,593.0,,,
event_aligned_replay,event_aligned_replay,18,118,reduced_reliability,0.05475267717401251,0.42086137579223615,0.2708589757668326,0.9983478504713131,0.9996646498695336,,,,,,,recurrent latent object-motion state,240.0,593.0,,,
event_aligned_replay,event_aligned_replay,18,118,recovery,0.049562539243575746,0.4193399067990223,0.18409203848841552,0.008739269692806273,0.0003353501304664781,,,,,,,recurrent latent object-motion state,240.0,594.0,,,
event_aligned_replay,,18,118,coupling_diagnostic,,,,,,,,,,,,,,,-0.32577808018718,-0.2770754662112682,0.32720851266004175
event_aligned_replay,event_aligned_replay,19,119,baseline,0.0524687215785372,0.2068292420872978,0.267108017390018,0.00044908899001007684,0.0003353501304664781,,,,,,,recurrent latent object-motion state,240.0,593.0,,,
event_aligned_replay,event_aligned_replay,19,119,reduced_reliability,0.055108449993698766,0.32575874717916103,0.27407329648252443,0.9989505609118939,0.9996646498695336,,,,,,,recurrent latent object-motion state,194.0,639.0,,,
event_aligned_replay,event_aligned_replay,19,119,recovery,0.051438163380995,0.1437323182951684,0.253496077589003,0.007137298657493069,0.0003353501304664781,,,,,,,recurrent latent object-motion state,207.0,627.0,,,
event_aligned_replay,,19,119,coupling_diagnostic,,,,,,,,,,,,,,,-0.2657382563112772,-0.2088093567832227,0.13825157396164875
event_aligned_replay,event_aligned_replay,20,120,baseline,0.05085452295439088,0.3423304702691427,0.24800775765102567,0.0004497638881370585,0.0003353501304664781,,,,,,,recurrent latent object-motion state,210.0,623.0,,,
event_aligned_replay,event_aligned_replay,20,120,reduced_reliability,0.054794946953262064,0.2600347439295965,0.21451887344602222,0.9988255899360248,0.9996646498695336,,,,,,,recurrent latent object-motion state,192.0,641.0,,,
event_aligned_replay,event_aligned_replay,20,120,recovery,0.052650238958486646,0.33564629517557804,0.2435624111576341,0.007578300693162833,0.0003353501304664781,,,,,,,recurrent latent object-motion state,201.0,633.0,,,
event_aligned_replay,,20,120,coupling_diagnostic,,,,,,,,,,,,,,,-0.4366202236250933,-0.39993400727319195,0.17994100645577465
event_aligned_replay,event_aligned_replay,21,121,baseline,0.05183367011918642,0.3453531539296227,0.2579618673384906,0.00045557264724962044,0.0003353501304664781,,,,,,,recurrent latent object-motion state,231.0,602.0,,,
event_aligned_replay,event_aligned_replay,21,121,reduced_reliability,0.05636292642164522,0.22984215420979692,0.19419089527666544,0.9968837025954771,0.9996646498695336,,,,,,,recurrent latent object-motion state,240.0,593.0,,,
event_aligned_replay,event_aligned_replay,21,121,recovery,0.055354372471679375,0.32538544402975117,0.24426367182131664,0.006877259546548905,0.0003353501304664781,,,,,,,recurrent latent object-motion state,140.0,694.0,,,
event_aligned_replay,,21,121,coupling_diagnostic,,,,,,,,,,,,,,,-0.28053780600046085,-0.24956110140511992,0.06346079926184436
event_aligned_replay,event_aligned_replay,22,122,baseline,0.05207788408700905,0.37452869545922113,0.24122028360951692,0.0004217832546432016,0.0003353501304664781,,,,,,,recurrent latent object-motion state,184.0,649.0,,,
event_aligned_replay,event_aligned_replay,22,122,reduced_reliability,0.05187891997570439,0.2072534085632484,0.29455570116121854,0.9966675034877033,0.9996646498695336,,,,,,,recurrent latent object-motion state,162.0,671.0,,,
event_aligned_replay,event_aligned_replay,22,122,recovery,0.05312813975549374,0.4041281734182268,0.24796673878458175,0.0067725102087837635,0.0003353501304664781,,,,,,,recurrent latent object-motion state,240.0,594.0,,,
event_aligned_replay,,22,122,coupling_diagnostic,,,,,,,,,,,,,,,-0.13879833190232427,-0.13543448624543944,0.20919648969127308
event_aligned_replay,event_aligned_replay,23,123,baseline,0.05239499054465256,0.3949302307793218,0.22706851403090003,0.00038926774865799736,0.0003353501304664781,,,,,,,recurrent latent object-motion state,218.0,615.0,,,
event_aligned_replay,event_aligned_replay,23,123,reduced_reliability,0.05607985431027274,0.42513208243366923,0.22862793390777356,0.9972041598740587,0.9996646498695336,,,,,,,recurrent latent object-motion state,170.0,663.0,,,
event_aligned_replay,event_aligned_replay,23,123,recovery,0.05553430306361358,0.3951423484479084,0.22758501622161986,0.006080021312735728,0.0003353501304664781,,,,,,,recurrent latent object-motion state,129.0,705.0,,,
event_aligned_replay,,23,123,coupling_diagnostic,,,,,,,,,,,,,,,-0.1812376858787944,-0.16322164264856126,0.26305854737983114
event_aligned_replay,event_aligned_replay,24,124,baseline,0.05696215103855422,0.229864089366131,0.2487951739229994,0.00039860240606141433,0.0003353501304664781,,,,,,,recurrent latent object-motion state,140.0,693.0,,,
event_aligned_replay,event_aligned_replay,24,124,reduced_reliability,0.05370695372132482,0.29315887426468323,0.2906210071837621,0.9959394987697829,0.9996646498695336,,,,,,,recurrent latent object-motion state,235.0,598.0,,,
event_aligned_replay,event_aligned_replay,24,124,recovery,0.051846786601092924,0.18195815959812353,0.21950481399594046,0.007063095022010955,0.0003353501304664781,,,,,,,recurrent latent object-motion state,230.0,604.0,,,
event_aligned_replay,,24,124,coupling_diagnostic,,,,,,,,,,,,,,,-0.2610630945454002,-0.24400409315112692,0.2922993775012821
event_aligned_replay,event_aligned_replay,25,125,baseline,0.05490845178012819,0.3454701676920166,0.24912484875661867,0.00041268889215112455,0.0003353501304664781,,,,,,,recurrent latent object-motion state,240.0,593.0,,,
event_aligned_replay,event_aligned_replay,25,125,reduced_reliability,0.051773123996922785,0.1570454835715947,0.2633461135715789,0.9963905126062644,0.9996646498695336,,,,,,,recurrent latent object-motion state,240.0,593.0,,,
event_aligned_replay,event_aligned_replay,25,125,recovery,0.05612363295290647,0.3387334939283125,0.2515614436854491,0.005160730890363505,0.0003353501304664781,,,,,,,recurrent latent object-motion state,176.0,658.0,,,
event_aligned_replay,,25,125,coupling_diagnostic,,,,,,,,,,,,,,,-0.2832703450707777,-0.23377453252922653,0.3027522819659494
event_aligned_replay,event_aligned_replay,26,126,baseline,0.05400656958146286,0.22062520921993037,0.22177790705122433,0.000396038650662725,0.0003353501304664781,,,,,,,recurrent latent object-motion state,216.0,617.0,,,
event_aligned_replay,event_aligned_replay,26,126,reduced_reliability,0.05469883010103384,0.23308367258343954,0.26249590493034386,0.9960337369583807,0.9996646498695336,,,,,,,recurrent latent object-motion state,131.0,702.0,,,
event_aligned_replay,event_aligned_replay,26,126,recovery,0.05525444181778235,0.18330574657941492,0.22635773832176875,0.008673364780353151,0.0003353501304664781,,,,,,,recurrent latent object-motion state,163.0,671.0,,,
event_aligned_replay,,26,126,coupling_diagnostic,,,,,,,,,,,,,,,-0.3842116692426427,-0.34834972973469464,0.1880513974501969
event_aligned_replay,event_aligned_replay,27,127,baseline,0.049414914922564196,0.43688066334885167,0.23138242957844476,0.0004520999404911882,0.0003353501304664781,,,,,,,recurrent latent object-motion state,224.0,609.0,,,
event_aligned_replay,event_aligned_replay,27,127,reduced_reliability,0.051951856783915756,0.480858217372012,0.20210247462805403,0.9983763198034339,0.9996646498695336,,,,,,,recurrent latent object-motion state,209.0,624.0,,,
event_aligned_replay,event_aligned_replay,27,127,recovery,0.05261521894442241,0.2758804627022244,0.23592792204894514,0.005857046712165294,0.0003353501304664781,,,,,,,recurrent latent object-motion state,208.0,626.0,,,
event_aligned_replay,,27,127,coupling_diagnostic,,,,,,,,,,,,,,,-0.2786162247736215,-0.21630810234775147,0.1859209869662999
event_aligned_replay,event_aligned_replay,28,128,baseline,0.0531252099621881,0.29716971497812117,0.23890356516356487,0.0003952204292537315,0.0003353501304664781,,,,,,,recurrent latent object-motion state,131.0,702.0,,,
event_aligned_replay,event_aligned_replay,28,128,reduced_reliability,0.053440402611834144,0.39102253029107603,0.19343625822254124,0.9984523979171438,0.9996646498695336,,,,,,,recurrent latent object-motion state,240.0,593.0,,,
event_aligned_replay,event_aligned_replay,28,128,recovery,0.05286271964300801,0.16551681519172917,0.23946311897613828,0.005599136783852315,0.0003353501304664781,,,,,,,recurrent latent object-motion state,187.0,647.0,,,
event_aligned_replay,,28,128,coupling_diagnostic,,,,,,,,,,,,,,,-0.38772057335014476,-0.32096749116592255,0.28837546158808247
event_aligned_replay,event_aligned_replay,29,129,baseline,0.054735706943190424,0.36920226655962574,0.2490256896094715,0.00040048688054771143,0.0003353501304664781,,,,,,,recurrent latent object-motion state,240.0,593.0,,,
event_aligned_replay,event_aligned_replay,29,129,reduced_reliability,0.05579179669467332,0.30818090268148474,0.26963283442532426,0.9983784569678084,0.9996646498695336,,,,,,,recurrent latent object-motion state,240.0,593.0,,,
event_aligned_replay,event_aligned_replay,29,129,recovery,0.05573086484852025,0.2180688245289152,0.23666165017572088,0.006640499598523365,0.0003353501304664781,,,,,,,recurrent latent object-motion state,178.0,656.0,,,
event_aligned_replay,,29,129,coupling_diagnostic,,,,,,,,,,,,,,,-0.24634477868821833,-0.2014909415664329,0.20603031665830615
event_agnostic_replay,event_agnostic_replay,0,100,baseline,0.05327827230595392,0.37551437453817793,0.2368376297404702,0.0004778370831062259,0.0003353501304664781,,,,,,,recurrent latent object-motion state,205.0,628.0,,,
event_agnostic_replay,event_agnostic_replay,0,100,reduced_reliability,0.05662571508959822,0.33442620989584176,0.3297882522195606,0.9979179323676071,0.9996646498695336,,,,,,,recurrent latent object-motion state,176.0,657.0,,,
event_agnostic_replay,event_agnostic_replay,0,100,recovery,0.05392191694178386,0.4030549952483097,0.19839901962393713,0.008813449795815666,0.0003353501304664781,,,,,,,recurrent latent object-motion state,181.0,653.0,,,
event_agnostic_replay,,0,100,coupling_diagnostic,,,,,,,,,,,,,,,-0.21392137506288592,-0.3335629489498065,0.1744120245565947
event_agnostic_replay,event_agnostic_replay,1,101,baseline,0.049638893995348335,0.25730678507396443,0.26400350534249284,0.00044868353206530134,0.0003353501304664781,,,,,,,recurrent latent object-motion state,240.0,593.0,,,
event_agnostic_replay,event_agnostic_replay,1,101,reduced_reliability,0.050207334435067044,0.5163849250276565,0.26912388064676546,0.998009371805225,0.9996646498695336,,,,,,,recurrent latent object-motion state,207.0,626.0,,,
event_agnostic_replay,event_agnostic_replay,1,101,recovery,0.05817037929989492,0.3493943015979122,0.18612532018005093,0.00783976293671536,0.0003353501304664781,,,,,,,recurrent latent object-motion state,240.0,594.0,,,
event_agnostic_replay,,1,101,coupling_diagnostic,,,,,,,,,,,,,,,-0.2167379081649176,-0.3977788877343217,-0.014126949153712981
event_agnostic_replay,event_agnostic_replay,2,102,baseline,0.053373442354575286,0.3486597813276988,0.23926756090442802,0.0004294020816505527,0.0003353501304664781,,,,,,,recurrent latent object-motion state,225.0,608.0,,,
event_agnostic_replay,event_agnostic_replay,2,102,reduced_reliability,0.057653653602629466,0.3081823597622198,0.31552032174960987,0.9990579583046457,0.9996646498695336,,,,,,,recurrent latent object-motion state,184.0,649.0,,,
event_agnostic_replay,event_agnostic_replay,2,102,recovery,0.050115868761973346,0.30931528970217337,0.23132321554667162,0.011646510759936241,0.0003353501304664781,,,,,,,recurrent latent object-motion state,240.0,594.0,,,
event_agnostic_replay,,2,102,coupling_diagnostic,,,,,,,,,,,,,,,-0.21701092706662087,-0.4398579368383285,-0.1918261203150065
event_agnostic_replay,event_agnostic_replay,3,103,baseline,0.05147499181254841,0.36493182199478424,0.25023901216029526,0.0004001879148759338,0.0003353501304664781,,,,,,,recurrent latent object-motion state,240.0,593.0,,,
event_agnostic_replay,event_agnostic_replay,3,103,reduced_reliability,0.05524962379382327,0.24551877796527224,0.3212910713938424,0.994503777528593,0.9996646498695336,,,,,,,recurrent latent object-motion state,240.0,593.0,,,
event_agnostic_replay,event_agnostic_replay,3,103,recovery,0.05915977313995231,0.376118692922538,0.19030480714024114,0.0032517369772523505,0.0003353501304664781,,,,,,,recurrent latent object-motion state,210.0,624.0,,,
event_agnostic_replay,,3,103,coupling_diagnostic,,,,,,,,,,,,,,,-0.2093086768908326,-0.4438404260616811,-0.10399211150522085
event_agnostic_replay,event_agnostic_replay,4,104,baseline,0.05225551905284657,0.35005671900395346,0.223595244525716,0.0004883423052110628,0.0003353501304664781,,,,,,,recurrent latent object-motion state,240.0,593.0,,,
event_agnostic_replay,event_agnostic_replay,4,104,reduced_reliability,0.05533803403292292,0.24658275590479933,0.3073436312799885,0.9958481811550014,0.9996646498695336,,,,,,,recurrent latent object-motion state,240.0,593.0,,,
event_agnostic_replay,event_agnostic_replay,4,104,recovery,0.05366577670493441,0.3126714390078201,0.19793389934090716,0.008496979077305166,0.0003353501304664781,,,,,,,recurrent latent object-motion state,240.0,594.0,,,
event_agnostic_replay,,4,104,coupling_diagnostic,,,,,,,,,,,,,,,-0.21434777889884832,-0.41358498300012764,0.012801081694694837
event_agnostic_replay,event_agnostic_replay,5,105,baseline,0.05341626671886431,0.31120910577512,0.25389649594974284,0.00047158123949151147,0.0003353501304664781,,,,,,,recurrent latent object-motion state,240.0,593.0,,,
event_agnostic_replay,event_agnostic_replay,5,105,reduced_reliability,0.05556681411785864,0.48826535549968925,0.2699020098037145,0.997067958061957,0.9996646498695336,,,,,,,recurrent latent object-motion state,213.0,620.0,,,
event_agnostic_replay,event_agnostic_replay,5,105,recovery,0.05077077715420692,0.3979681149945904,0.17266569894477096,0.009860169869123362,0.0003353501304664781,,,,,,,recurrent latent object-motion state,193.0,641.0,,,
event_agnostic_replay,,5,105,coupling_diagnostic,,,,,,,,,,,,,,,-0.21588194624032347,-0.43702007598830145,-0.12372433145108787
event_agnostic_replay,event_agnostic_replay,6,106,baseline,0.05372194723502062,0.19774985907547915,0.2638443748558099,0.00039593105293962445,0.0003353501304664781,,,,,,,recurrent latent object-motion state,235.0,598.0,,,
event_agnostic_replay,event_agnostic_replay,6,106,reduced_reliability,0.05635471192227975,0.28961904963258345,0.3497018879185138,0.9987980197887223,0.9996646498695336,,,,,,,recurrent latent object-motion state,186.0,647.0,,,
event_agnostic_replay,event_agnostic_replay,6,106,recovery,0.05479552505250747,0.19037643606657267,0.19772337124783737,0.0062283455881713586,0.0003353501304664781,,,,,,,recurrent latent object-motion state,181.0,653.0,,,
event_agnostic_replay,,6,106,coupling_diagnostic,,,,,,,,,,,,,,,-0.21671651873153455,-0.4265518854576297,0.053110774588603284
event_agnostic_replay,event_agnostic_replay,7,107,baseline,0.05313837965923004,0.33473084214656246,0.24260577324529167,0.0024470095161912724,0.0003353501304664781,,,,,,,recurrent latent object-motion state,240.0,593.0,,,
event_agnostic_replay,event_agnostic_replay,7,107,reduced_reliability,0.05266086756600062,0.6102920073290431,0.2909065634681116,0.9954014474672924,0.9996646498695336,,,,,,,recurrent latent object-motion state,156.0,677.0,,,
event_agnostic_replay,event_agnostic_replay,7,107,recovery,0.05226858757282982,0.23083141871600207,0.24341396782069452,0.005140037512327034,0.0003353501304664781,,,,,,,recurrent latent object-motion state,240.0,594.0,,,
event_agnostic_replay,,7,107,coupling_diagnostic,,,,,,,,,,,,,,,-0.21295988384903095,-0.4008718692085525,0.020442325576944646
event_agnostic_replay,event_agnostic_replay,8,108,baseline,0.05271103484347706,0.489051441087924,0.20020583653443128,0.0005523178172777224,0.0003353501304664781,,,,,,,recurrent latent object-motion state,226.0,607.0,,,
event_agnostic_replay,event_agnostic_replay,8,108,reduced_reliability,0.057352043367197146,0.3101310572616821,0.3557500783313474,0.9975161768111498,0.9996646498695336,,,,,,,recurrent latent object-motion state,184.0,649.0,,,
event_agnostic_replay,event_agnostic_replay,8,108,recovery,0.05147584323611873,0.37986441854930414,0.19634766826695751,0.002552706183401676,0.0003353501304664781,,,,,,,recurrent latent object-motion state,240.0,594.0,,,
event_agnostic_replay,,8,108,coupling_diagnostic,,,,,,,,,,,,,,,-0.21400756472194732,-0.264203705137557,0.32625322161771997
event_agnostic_replay,event_agnostic_replay,9,109,baseline,0.05069399630446815,0.273020230882818,0.23716639864133662,0.0006106280218135977,0.0003353501304664781,,,,,,,recurrent latent object-motion state,167.0,666.0,,,
event_agnostic_replay,event_agnostic_replay,9,109,reduced_reliability,0.05573132747330632,0.27100053405523583,0.35955648607190466,0.9955663860453638,0.9996646498695336,,,,,,,recurrent latent object-motion state,163.0,670.0,,,
event_agnostic_replay,event_agnostic_replay,9,109,recovery,0.052463195455590694,0.18728267167663973,0.23141290481378207,0.006077802445213422,0.0003353501304664781,,,,,,,recurrent latent object-motion state,161.0,673.0,,,
event_agnostic_replay,,9,109,coupling_diagnostic,,,,,,,,,,,,,,,-0.21097420802402622,-0.4706239315778955,-0.1877660398963816
event_agnostic_replay,event_agnostic_replay,10,110,baseline,0.05121231431060105,0.32708025633110455,0.23224091893619186,0.0004281379956521865,0.0003353501304664781,,,,,,,recurrent latent object-motion state,185.0,648.0,,,
event_agnostic_replay,event_agnostic_replay,10,110,reduced_reliability,0.05196381102250272,0.4214969092853244,0.3727123799829825,0.9973859262180059,0.9996646498695336,,,,,,,recurrent latent object-motion state,161.0,672.0,,,
event_agnostic_replay,event_agnostic_replay,10,110,recovery,0.051541643016487546,0.2434229350155662,0.20489934585029035,0.008241766882242716,0.0003353501304664781,,,,,,,recurrent latent object-motion state,201.0,633.0,,,
event_agnostic_replay,,10,110,coupling_diagnostic,,,,,,,,,,,,,,,-0.21456835038403949,-0.4380802730874963,-0.108718316928044
event_agnostic_replay,event_agnostic_replay,11,111,baseline,0.055658807599997064,0.21900330334828125,0.27483692932222425,0.0003971001606786113,0.0003353501304664781,,,,,,,recurrent latent object-motion state,240.0,593.0,,,
event_agnostic_replay,event_agnostic_replay,11,111,reduced_reliability,0.05594785629660414,0.28839779142390126,0.3466104721075292,0.9916730876707702,0.9996646498695336,,,,,,,recurrent latent object-motion state,167.0,666.0,,,
event_agnostic_replay,event_agnostic_replay,11,111,recovery,0.05448361594846606,0.17473875407350112,0.23077872911915975,0.007846999741819037,0.0003353501304664781,,,,,,,recurrent latent object-motion state,236.0,598.0,,,
event_agnostic_replay,,11,111,coupling_diagnostic,,,,,,,,,,,,,,,-0.2129764519551459,-0.4300360487752236,0.04284467408791892
event_agnostic_replay,event_agnostic_replay,12,112,baseline,0.053282203124145805,0.3111473393629253,0.24104687980107545,0.00043119829729652403,0.0003353501304664781,,,,,,,recurrent latent object-motion state,210.0,623.0,,,
event_agnostic_replay,event_agnostic_replay,12,112,reduced_reliability,0.05307301598220253,0.4513805433639806,0.3165049241192717,0.9967387838364339,0.9996646498695336,,,,,,,recurrent latent object-motion state,173.0,660.0,,,
event_agnostic_replay,event_agnostic_replay,12,112,recovery,0.053235694574683884,0.31413302761518186,0.21170214269745222,0.010182539014243382,0.0003353501304664781,,,,,,,recurrent latent object-motion state,240.0,594.0,,,
event_agnostic_replay,,12,112,coupling_diagnostic,,,,,,,,,,,,,,,-0.2141405364997382,-0.41797460773255135,0.011076962441438418
event_agnostic_replay,event_agnostic_replay,13,113,baseline,0.05339040821476725,0.35242430824441745,0.2496856381414333,0.00040732500970032084,0.0003353501304664781,,,,,,,recurrent latent object-motion state,240.0,593.0,,,
event_agnostic_replay,event_agnostic_replay,13,113,reduced_reliability,0.0583677750281532,0.5529245102853387,0.26542874489383034,0.9973103862857405,0.9996646498695336,,,,,,,recurrent latent object-motion state,240.0,593.0,,,
event_agnostic_replay,event_agnostic_replay,13,113,recovery,0.054136890071108335,0.36752412317910427,0.18837732697374218,0.004737684873857831,0.0003353501304664781,,,,,,,recurrent latent object-motion state,240.0,594.0,,,
event_agnostic_replay,,13,113,coupling_diagnostic,,,,,,,,,,,,,,,-0.22127249396906312,-0.36997229221402395,0.07055093814718491
event_agnostic_replay,event_agnostic_replay,14,114,baseline,0.054209464892483,0.33361875112548756,0.2445201675741306,0.00039464288063043317,0.0003353501304664781,,,,,,,recurrent latent object-motion state,240.0,593.0,,,
event_agnostic_replay,event_agnostic_replay,14,114,reduced_reliability,0.052202305748576816,0.5001525997626108,0.3021054803981709,0.9974391082276388,0.9996646498695336,,,,,,,recurrent latent object-motion state,240.0,593.0,,,
event_agnostic_replay,event_agnostic_replay,14,114,recovery,0.054283616444358036,0.34424472981622145,0.18303001162714297,0.014829620633796893,0.0003353501304664781,,,,,,,recurrent latent object-motion state,240.0,594.0,,,
event_agnostic_replay,,14,114,coupling_diagnostic,,,,,,,,,,,,,,,-0.21487004941573212,-0.37571150444696183,0.011209453782734542
event_agnostic_replay,event_agnostic_replay,15,115,baseline,0.0485845247260505,0.2865695839038265,0.26163110729689887,0.00043146566450203317,0.0003353501304664781,,,,,,,recurrent latent object-motion state,209.0,624.0,,,
event_agnostic_replay,event_agnostic_replay,15,115,reduced_reliability,0.05815076538246927,0.507923478137868,0.3268227761149946,0.9969204775631628,0.9996646498695336,,,,,,,recurrent latent object-motion state,118.0,715.0,,,
event_agnostic_replay,event_agnostic_replay,15,115,recovery,0.05271995336952326,0.11067613394429165,0.20515488905087328,0.00608308549481553,0.0003353501304664781,,,,,,,recurrent latent object-motion state,240.0,594.0,,,
event_agnostic_replay,,15,115,coupling_diagnostic,,,,,,,,,,,,,,,-0.21796201025784867,-0.456447654305124,-0.10163611229872287
event_agnostic_replay,event_agnostic_replay,16,116,baseline,0.0528729670715626,0.27244789089343485,0.25327228784426215,0.0004225032801909864,0.0003353501304664781,,,,,,,recurrent latent object-motion state,201.0,632.0,,,
event_agnostic_replay,event_agnostic_replay,16,116,reduced_reliability,0.05574933884096033,0.30326349689206594,0.3489450037339947,0.9969578357217348,0.9996646498695336,,,,,,,recurrent latent object-motion state,240.0,593.0,,,
event_agnostic_replay,event_agnostic_replay,16,116,recovery,0.05704766053994078,0.3472181578818049,0.189858281528451,0.006352833521803273,0.0003353501304664781,,,,,,,recurrent latent object-motion state,240.0,594.0,,,
event_agnostic_replay,,16,116,coupling_diagnostic,,,,,,,,,,,,,,,-0.21608501731860413,-0.42309235750540786,0.002529499046723293
event_agnostic_replay,event_agnostic_replay,17,117,baseline,0.050771471988116185,0.21480092018809988,0.2581850453306066,0.0003959308430442611,0.0003353501304664781,,,,,,,recurrent latent object-motion state,240.0,593.0,,,
event_agnostic_replay,event_agnostic_replay,17,117,reduced_reliability,0.0564215611612844,0.34752033604145804,0.32024528998204216,0.9945979123227368,0.9996646498695336,,,,,,,recurrent latent object-motion state,238.0,595.0,,,
event_agnostic_replay,event_agnostic_replay,17,117,recovery,0.054928471609992896,0.27096122583431476,0.222466618671971,0.005623885019362325,0.0003353501304664781,,,,,,,recurrent latent object-motion state,168.0,666.0,,,
event_agnostic_replay,,17,117,coupling_diagnostic,,,,,,,,,,,,,,,-0.2151999570687238,-0.399363084948186,0.03867943790317839
event_agnostic_replay,event_agnostic_replay,18,118,baseline,0.054225375684475864,0.226192178033165,0.2541893278486118,0.0004334522518929803,0.0003353501304664781,,,,,,,recurrent latent object-motion state,240.0,593.0,,,
event_agnostic_replay,event_agnostic_replay,18,118,reduced_reliability,0.05509115003218201,0.453654909139743,0.339885407214374,0.9983508921895001,0.9996646498695336,,,,,,,recurrent latent object-motion state,240.0,593.0,,,
event_agnostic_replay,event_agnostic_replay,18,118,recovery,0.049472381291901936,0.3558714630356265,0.21212731087915263,0.00860882847939249,0.0003353501304664781,,,,,,,recurrent latent object-motion state,240.0,594.0,,,
event_agnostic_replay,,18,118,coupling_diagnostic,,,,,,,,,,,,,,,-0.21055732842102373,-0.36314105483538495,0.08908643752504891
event_agnostic_replay,event_agnostic_replay,19,119,baseline,0.052272433807685925,0.12950469680097565,0.24438425781884338,0.0004488132313009682,0.0003353501304664781,,,,,,,recurrent latent object-motion state,240.0,593.0,,,
event_agnostic_replay,event_agnostic_replay,19,119,reduced_reliability,0.05500001219665328,0.3478330859106789,0.3428724819494723,0.998949205032865,0.9996646498695336,,,,,,,recurrent latent object-motion state,194.0,639.0,,,
event_agnostic_replay,event_agnostic_replay,19,119,recovery,0.05140060542968629,0.1547523415863753,0.1969108198870408,0.0071501168732675795,0.0003353501304664781,,,,,,,recurrent latent object-motion state,207.0,627.0,,,
event_agnostic_replay,,19,119,coupling_diagnostic,,,,,,,,,,,,,,,-0.21314965519447773,-0.4478566266335426,-0.09550895401866523
event_agnostic_replay,event_agnostic_replay,20,120,baseline,0.05083377560497074,0.35416250316145553,0.23778035025311692,0.00044923514288286415,0.0003353501304664781,,,,,,,recurrent latent object-motion state,210.0,623.0,,,
event_agnostic_replay,event_agnostic_replay,20,120,reduced_reliability,0.05516918247412523,0.3421228305594122,0.3052234800828551,0.9988399418568531,0.9996646498695336,,,,,,,recurrent latent object-motion state,192.0,641.0,,,
event_agnostic_replay,event_agnostic_replay,20,120,recovery,0.05274476645929793,0.35617120910033234,0.2134667729465641,0.007423497767378009,0.0003353501304664781,,,,,,,recurrent latent object-motion state,201.0,633.0,,,
event_agnostic_replay,,20,120,coupling_diagnostic,,,,,,,,,,,,,,,-0.21246688354782345,-0.398772228563194,0.0675945075366046
event_agnostic_replay,event_agnostic_replay,21,121,baseline,0.05191838553667897,0.29658468490684914,0.2507529444408836,0.0004554569014135954,0.0003353501304664781,,,,,,,recurrent latent object-motion state,231.0,602.0,,,
event_agnostic_replay,event_agnostic_replay,21,121,reduced_reliability,0.05660711929267289,0.259957975761346,0.3157737352950843,0.9968819429324803,0.9996646498695336,,,,,,,recurrent latent object-motion state,240.0,593.0,,,
event_agnostic_replay,event_agnostic_replay,21,121,recovery,0.055125698275740605,0.2814841853030982,0.1869422848165734,0.006832504000102519,0.0003353501304664781,,,,,,,recurrent latent object-motion state,140.0,694.0,,,
event_agnostic_replay,,21,121,coupling_diagnostic,,,,,,,,,,,,,,,-0.21664127877722394,-0.44693748491646307,-0.09584868760744886
event_agnostic_replay,event_agnostic_replay,22,122,baseline,0.05202326860846945,0.371284278417076,0.2320897540586604,0.00042125929141096627,0.0003353501304664781,,,,,,,recurrent latent object-motion state,184.0,649.0,,,
event_agnostic_replay,event_agnostic_replay,22,122,reduced_reliability,0.05205001818775359,0.2598918970882733,0.3512155443122667,0.9966543338740985,0.9996646498695336,,,,,,,recurrent latent object-motion state,162.0,671.0,,,
event_agnostic_replay,event_agnostic_replay,22,122,recovery,0.0528611240387182,0.3975448086655781,0.16545703102676215,0.00676806963648267,0.0003353501304664781,,,,,,,recurrent latent object-motion state,240.0,594.0,,,
event_agnostic_replay,,22,122,coupling_diagnostic,,,,,,,,,,,,,,,-0.21200686938115448,-0.35381785152789524,0.13893896990636695
event_agnostic_replay,event_agnostic_replay,23,123,baseline,0.05236087187569161,0.38115144114875843,0.19508739513437895,0.0003888953868818443,0.0003353501304664781,,,,,,,recurrent latent object-motion state,218.0,615.0,,,
event_agnostic_replay,event_agnostic_replay,23,123,reduced_reliability,0.05607285990410706,0.46691355147435754,0.29167217890582164,0.9971994876249016,0.9996646498695336,,,,,,,recurrent latent object-motion state,170.0,663.0,,,
event_agnostic_replay,event_agnostic_replay,23,123,recovery,0.055230541888941755,0.2792774579979251,0.19702171457456144,0.006072435554763168,0.0003353501304664781,,,,,,,recurrent latent object-motion state,129.0,705.0,,,
event_agnostic_replay,,23,123,coupling_diagnostic,,,,,,,,,,,,,,,-0.21419263605178754,-0.38393728090979967,0.037185732194046535
event_agnostic_replay,event_agnostic_replay,24,124,baseline,0.056790931609680385,0.2429968513097653,0.22145934308135937,0.00039787378129556956,0.0003353501304664781,,,,,,,recurrent latent object-motion state,140.0,693.0,,,
event_agnostic_replay,event_agnostic_replay,24,124,reduced_reliability,0.053889876327169725,0.3123897863979406,0.34710841696871864,0.995951039897783,0.9996646498695336,,,,,,,recurrent latent object-motion state,235.0,598.0,,,
event_agnostic_replay,event_agnostic_replay,24,124,recovery,0.05170880933909277,0.10874704182478509,0.21212685831528755,0.006972282559899565,0.0003353501304664781,,,,,,,recurrent latent object-motion state,230.0,604.0,,,
event_agnostic_replay,,24,124,coupling_diagnostic,,,,,,,,,,,,,,,-0.2148614630468386,-0.43568779014953,0.0014578736925817905
event_agnostic_replay,event_agnostic_replay,25,125,baseline,0.05483748692371643,0.35301431524978083,0.22857267377831503,0.00041359215916889964,0.0003353501304664781,,,,,,,recurrent latent object-motion state,240.0,593.0,,,
event_agnostic_replay,event_agnostic_replay,25,125,reduced_reliability,0.05174304493334453,0.12208274184533059,0.3486356661848784,0.9963956879529433,0.9996646498695336,,,,,,,recurrent latent object-motion state,240.0,593.0,,,
event_agnostic_replay,event_agnostic_replay,25,125,recovery,0.056226940172031836,0.3404195664831696,0.19620416048309863,0.005137503326169403,0.0003353501304664781,,,,,,,recurrent latent object-motion state,176.0,658.0,,,
event_agnostic_replay,,25,125,coupling_diagnostic,,,,,,,,,,,,,,,-0.2132595759324808,-0.4063761980236393,0.009696902596448257
event_agnostic_replay,event_agnostic_replay,26,126,baseline,0.05371341611988044,0.22786984889201947,0.21240118595657065,0.00039601403435515406,0.0003353501304664781,,,,,,,recurrent latent object-motion state,216.0,617.0,,,
event_agnostic_replay,event_agnostic_replay,26,126,reduced_reliability,0.054747469621869965,0.1624501678236804,0.333994151513587,0.9960296643406197,0.9996646498695336,,,,,,,recurrent latent object-motion state,131.0,702.0,,,
event_agnostic_replay,event_agnostic_replay,26,126,recovery,0.055464893820081046,0.2013425614441528,0.2242124795985342,0.008613101158387393,0.0003353501304664781,,,,,,,recurrent latent object-motion state,163.0,671.0,,,
event_agnostic_replay,,26,126,coupling_diagnostic,,,,,,,,,,,,,,,-0.20999026829464656,-0.4751522845868745,-0.1581495411178635
event_agnostic_replay,event_agnostic_replay,27,127,baseline,0.04929438182511923,0.3993925723067618,0.23607102050573273,0.00045524022691972226,0.0003353501304664781,,,,,,,recurrent latent object-motion state,224.0,609.0,,,
event_agnostic_replay,event_agnostic_replay,27,127,reduced_reliability,0.052298018005003215,0.5335595125563213,0.27159007543433383,0.9983691203535386,0.9996646498695336,,,,,,,recurrent latent object-motion state,209.0,624.0,,,
event_agnostic_replay,event_agnostic_replay,27,127,recovery,0.052754096116037916,0.33321982507911513,0.18957867866973088,0.005837924655357875,0.0003353501304664781,,,,,,,recurrent latent object-motion state,208.0,626.0,,,
event_agnostic_replay,,27,127,coupling_diagnostic,,,,,,,,,,,,,,,-0.21308334748343802,-0.3926771974477567,-0.007552838130982925
event_agnostic_replay,event_agnostic_replay,28,128,baseline,0.0529160150394747,0.23736156948814033,0.22108738689054383,0.0003948726954868971,0.0003353501304664781,,,,,,,recurrent latent object-motion state,131.0,702.0,,,
event_agnostic_replay,event_agnostic_replay,28,128,reduced_reliability,0.05369616455121497,0.4438911059771159,0.2934415353992821,0.9984461135638255,0.9996646498695336,,,,,,,recurrent latent object-motion state,240.0,593.0,,,
event_agnostic_replay,event_agnostic_replay,28,128,recovery,0.05279992453581929,0.13011903264601318,0.2128773159394172,0.005621312628411678,0.0003353501304664781,,,,,,,recurrent latent object-motion state,187.0,647.0,,,
event_agnostic_replay,,28,128,coupling_diagnostic,,,,,,,,,,,,,,,-0.21449350148416788,-0.44267042050584593,-0.08246605753067346
event_agnostic_replay,event_agnostic_replay,29,129,baseline,0.054617010706495356,0.29899971018034494,0.24532638406138504,0.00040003615686414043,0.0003353501304664781,,,,,,,recurrent latent object-motion state,240.0,593.0,,,
event_agnostic_replay,event_agnostic_replay,29,129,reduced_reliability,0.056182733363148864,0.3175578800905943,0.3196898669834271,0.9983884359089067,0.9996646498695336,,,,,,,recurrent latent object-motion state,240.0,593.0,,,
event_agnostic_replay,event_agnostic_replay,29,129,recovery,0.055416663628080946,0.17956001720339024,0.1973321945132105,0.006660598049520479,0.0003353501304664781,,,,,,,recurrent latent object-motion state,178.0,656.0,,,
event_agnostic_replay,,29,129,coupling_diagnostic,,,,,,,,,,,,,,,-0.21297552773036532,-0.37636201512533995,0.11711288926264272
