parameter,canonical_value,tested_value,level_index,is_canonical_level,metric,baseline_mean,reduced_mean,paired_change_mean,paired_change_ci_low,paired_change_ci_high,mean_within_realization_percent_change,percent_change_ci_low,percent_change_ci_high,positive_sign_consistency,qualitative_positive_conclusion_survives,paired_interval_excludes_zero_positive,n_realizations
sigma_oto_base,0.06,0.03,0,False,angular_rmse,0.05159229029434865,0.05376550377726729,0.0021732134829186567,0.0011741397132640256,0.003171003355480684,4.346767195904831,2.3635988775045,6.368658953289062,0.8,True,True,30
sigma_oto_base,0.06,0.03,0,False,object_rmse,0.07301743039590261,0.10191585384148524,0.028898423445582622,0.020935089133377858,0.03679002270390722,43.82147314514508,30.49615327910039,57.670236481761826,0.9,True,True,30
sigma_oto_base,0.06,0.03,0,False,false_positive_rms,0.05616326561848062,0.07661232800381727,0.02044906238533666,0.01769959008518188,0.02334411107922858,36.741582513678395,31.540234807011252,42.325659680275685,1.0,True,True,30
sigma_oto_base,0.06,0.045,1,False,angular_rmse,0.05159356489139864,0.053777131987502315,0.002183567096103673,0.0011985870061296266,0.0031818901165297964,4.367409026492607,2.4357909777932636,6.366093329440899,0.8,True,True,30
sigma_oto_base,0.06,0.045,1,False,object_rmse,0.07363348357351433,0.10360586997410835,0.029972386400594016,0.02125406482821778,0.03834710878582787,44.99849735156052,31.45692173694647,59.189849382572305,0.9,True,True,30
sigma_oto_base,0.06,0.045,1,False,false_positive_rms,0.05684285030327782,0.07906565711299517,0.022222806809717353,0.01974263365714466,0.024904640327293046,39.38564317924514,34.71299117719849,44.45125796785117,1.0,True,True,30
sigma_oto_base,0.06,0.06,2,True,angular_rmse,0.051595351590769806,0.05377778536763518,0.002182433776865366,0.0012243367458093007,0.003185344260297185,4.365104110337071,2.464968780450491,6.360421022632367,0.8,True,True,30
sigma_oto_base,0.06,0.06,2,True,object_rmse,0.07444067330612668,0.1072558440680291,0.03281517076190241,0.023507493891218943,0.04196028214687379,48.772258345860905,34.05518204522078,63.37726574632628,0.9,True,True,30
sigma_oto_base,0.06,0.06,2,True,false_positive_rms,0.05778036632069958,0.08509547484125714,0.027315108520557584,0.024448509633459927,0.030325108068656414,47.61498990311204,42.419790001063994,53.17671816936857,1.0,True,True,30
sigma_oto_base,0.06,0.075,3,False,angular_rmse,0.051597069382503115,0.05377972599738165,0.0021826566148785446,0.0012172370003954462,0.003191446215955619,4.365398041145755,2.4437935016942296,6.315642604480645,0.8,True,True,30
sigma_oto_base,0.06,0.075,3,False,object_rmse,0.07545687519798762,0.11164730420601579,0.03619042900802817,0.026363280867703537,0.04588375973789668,53.0046244020613,37.59590767647401,69.18619661952117,0.9,True,True,30
sigma_oto_base,0.06,0.075,3,False,false_positive_rms,0.0591187990746275,0.09196122677670422,0.03284242770207673,0.029484751232062255,0.03626502895827077,55.957877319809384,49.83340024274342,62.36118804834307,1.0,True,True,30
sigma_oto_base,0.06,0.09,4,False,angular_rmse,0.051599898795922985,0.05377890603650372,0.0021790072405807304,0.0011966955560540839,0.0031634858495635815,4.357894069715573,2.461085517729245,6.365291181861355,0.8,True,True,30
sigma_oto_base,0.06,0.09,4,False,object_rmse,0.07670800089011921,0.11685707887026617,0.04014907798014696,0.029473067387305048,0.05116256516631452,57.6639676740764,41.59397777857254,74.45772010064404,0.9,True,True,30
sigma_oto_base,0.06,0.09,4,False,false_positive_rms,0.060865973257028284,0.09975230255463692,0.038886329297608636,0.03504201263400656,0.04277757965070903,64.34721870291213,57.49815739925751,71.26639254401525,1.0,True,True,30
sigma_oto_earth_hyp,0.06,0.03,0,False,angular_rmse,0.051599385328382125,0.053775820231574414,0.002176434903192297,0.0012029035630370644,0.0031373506499657302,4.351060467331421,2.445337219224034,6.356996915533657,0.8,True,True,30
sigma_oto_earth_hyp,0.06,0.03,0,False,object_rmse,0.07521881241160341,0.10726433090579175,0.03204551849418836,0.0227128490694336,0.04102223188696502,47.067776778462736,32.813544451000325,61.10755097989093,0.9,True,True,30
sigma_oto_earth_hyp,0.06,0.03,0,False,false_positive_rms,0.06027104653124724,0.08810115635332064,0.027830109822073384,0.024432572454383066,0.031240231153294187,46.43705853501134,40.88440251867746,52.26459837888684,1.0,True,True,30
sigma_oto_earth_hyp,0.06,0.045,1,False,angular_rmse,0.051591314777415076,0.05378034098701615,0.002189026209601088,0.0012116062149124848,0.0031768050083283567,4.378620521463373,2.4676034409602354,6.406153124495962,0.8,True,True,30
sigma_oto_earth_hyp,0.06,0.045,1,False,object_rmse,0.0743586419219749,0.10727097386115853,0.032912331939183616,0.02331844688702605,0.04188496181849909,48.86001594792849,34.036761911572405,63.27828868720127,0.9,True,True,30
sigma_oto_earth_hyp,0.06,0.045,1,False,false_positive_rms,0.058406660677844856,0.08599937824003563,0.027592717562190783,0.024499493527166884,0.030833012170424407,47.56963953642471,41.946292595647364,53.321972459541975,1.0,True,True,30
sigma_oto_earth_hyp,0.06,0.06,2,True,angular_rmse,0.051595351590769806,0.05377778536763518,0.002182433776865366,0.0012118340484550778,0.0031875348678751486,4.365104110337071,2.41804706775324,6.33548957667514,0.8,True,True,30
sigma_oto_earth_hyp,0.06,0.06,2,True,object_rmse,0.07444067330612668,0.1072558440680291,0.03281517076190241,0.023715440450506064,0.04190630182641383,48.772258345860905,33.94330496232721,63.509141382186236,0.9,True,True,30
sigma_oto_earth_hyp,0.06,0.06,2,True,false_positive_rms,0.05778036632069958,0.08509547484125714,0.027315108520557584,0.024485928059274183,0.03043714003662014,47.61498990311204,42.42394801161762,53.15850335398883,1.0,True,True,30
sigma_oto_earth_hyp,0.06,0.075,3,False,angular_rmse,0.05159866718581762,0.05377689420311951,0.0021782270173018826,0.0012000922339797393,0.0031755007785611513,4.35633616754263,2.412137683469636,6.393275522642346,0.8,True,True,30
sigma_oto_earth_hyp,0.06,0.075,3,False,object_rmse,0.07471854369260038,0.10718440339997139,0.032465859707371,0.023172051521030072,0.04152250018671741,48.23871084558196,33.54238559803413,63.24302011993374,0.9,True,True,30
sigma_oto_earth_hyp,0.06,0.075,3,False,false_positive_rms,0.057595280914227436,0.08454636520796129,0.026951084293733843,0.024044274787488305,0.03001009766198251,47.186191464264844,41.908375778275136,52.9176186051846,1.0,True,True,30
sigma_oto_earth_hyp,0.06,0.09,4,False,angular_rmse,0.051601602090113025,0.05377723350116359,0.002175631411050564,0.0012185191665031586,0.0031623802630444467,4.35075040423886,2.3797998057739713,6.3854142551933455,0.8,True,True,30
sigma_oto_earth_hyp,0.06,0.09,4,False,object_rmse,0.07512654352152907,0.10712734937404371,0.03200080585251462,0.022508322717549083,0.04110210551853699,47.46651857281817,32.43694307506113,62.663254049107564,0.9,True,True,30
sigma_oto_earth_hyp,0.06,0.09,4,False,false_positive_rms,0.057575705114940486,0.08409658339844105,0.02652087828350054,0.023547549804303174,0.029592270432394655,46.532444435703034,41.090198335832916,52.34878823695158,1.0,True,True,30
sigma_oto_micro_hyp,0.4,0.2,0,False,angular_rmse,0.05159530890789121,0.053733503061559454,0.0021381941536682382,0.001175397515250686,0.003130257606464514,4.278754219552632,2.3795983927988673,6.290669169518922,0.8,True,True,30
sigma_oto_micro_hyp,0.4,0.2,0,False,object_rmse,0.07443501557622784,0.10249969893356888,0.028064683357341046,0.01991932911352802,0.036394757923992486,42.299253579570426,29.086003406764302,56.13008847070431,0.9,True,True,30
sigma_oto_micro_hyp,0.4,0.2,0,False,false_positive_rms,0.0577735553585849,0.0854179106525177,0.02764435529393278,0.024642484698855438,0.03076397323309457,48.27881084656043,42.57187944203525,54.12773140298199,1.0,True,True,30
sigma_oto_micro_hyp,0.4,0.3,1,False,angular_rmse,0.05159530932433929,0.05375948551318903,0.0021641761888497304,0.0011896548926737301,0.0031330570415116147,4.329513248896256,2.373358134219372,6.368870652942675,0.8,True,True,30
sigma_oto_micro_hyp,0.4,0.3,1,False,object_rmse,0.07443788703060658,0.1027719088157218,0.028334021785115224,0.01952992553578031,0.037033055551190144,42.62954245421856,28.966209602016807,57.04678454234304,0.8666666666666667,True,True,30
sigma_oto_micro_hyp,0.4,0.3,1,False,false_positive_rms,0.05777698337182153,0.08237189716287573,0.024594913791054194,0.0218069205774022,0.027448665324224335,42.919379544501695,37.66855939327162,48.21901503388797,1.0,True,True,30
sigma_oto_micro_hyp,0.4,0.4,2,True,angular_rmse,0.051595351590769806,0.05377778536763518,0.002182433776865366,0.0012128405880635616,0.0031710407760736237,4.365104110337071,2.452891173805173,6.372274233325729,0.8,True,True,30
sigma_oto_micro_hyp,0.4,0.4,2,True,object_rmse,0.07444067330612668,0.1072558440680291,0.03281517076190241,0.02361017824708141,0.04172607102038774,48.772258345860905,33.8008174579245,63.621442433168916,0.9,True,True,30
sigma_oto_micro_hyp,0.4,0.4,2,True,false_positive_rms,0.05778036632069958,0.08509547484125714,0.027315108520557584,0.024478333954542988,0.030390762042924784,47.61498990311204,42.34034886780979,53.19341475377605,1.0,True,True,30
sigma_oto_micro_hyp,0.4,0.5,3,False,angular_rmse,0.05159541758092637,0.05379051987542825,0.0021951022945018816,0.0011852122396340588,0.003182418507423745,4.389743466718345,2.4522682741926616,6.436147322185602,0.8,True,True,30
sigma_oto_micro_hyp,0.4,0.5,3,False,object_rmse,0.07444372328025699,0.1135096140538638,0.03906589077360681,0.02925657390139011,0.04846624014489972,57.334174201560266,41.85835718521456,72.56640993597682,0.9333333333333333,True,True,30
sigma_oto_micro_hyp,0.4,0.5,3,False,false_positive_rms,0.057783257683571135,0.09069216848946456,0.03290891080589342,0.029700309380437044,0.036329376028113404,57.327919452525116,51.460504901399105,63.67476877885084,1.0,True,True,30
sigma_oto_micro_hyp,0.4,0.6,4,False,angular_rmse,0.05159549662870623,0.053799581645581594,0.0022040850168753593,0.0012192906732323074,0.003211233134246663,4.407173309943478,2.4559387643160235,6.406009453774171,0.8,True,True,30
sigma_oto_micro_hyp,0.4,0.6,4,False,object_rmse,0.07444803709154106,0.12013680381688219,0.0456887667253411,0.03553740578948721,0.0556850463052024,66.38812090036491,50.27076311539298,82.5434075123777,0.9333333333333333,True,True,30
sigma_oto_micro_hyp,0.4,0.6,4,False,false_positive_rms,0.05778446646554566,0.09750641377847087,0.0397219473129252,0.036170902768969906,0.043440548222949495,69.17880250381047,62.67798115962998,76.17858528732133,1.0,True,True,30
sigma_canal,0.06,0.03,0,False,angular_rmse,0.02595346037119263,0.026693655727640226,0.0007401953564475869,0.0002752009875377385,0.0012155036170649943,2.974481250931009,1.1723722157059908,4.829579714861728,0.6666666666666666,True,True,30
sigma_canal,0.06,0.03,0,False,object_rmse,0.06555710246630461,0.10137209391685932,0.03581499145055468,0.026627215130013315,0.04446989740680225,60.692827355640894,44.20560327386634,76.71379073771831,0.9333333333333333,True,True,30
sigma_canal,0.06,0.03,0,False,false_positive_rms,0.04703456245488204,0.08178192717515456,0.03474736472027252,0.03185661945562714,0.03772902171602222,74.27208226194763,67.87378109752628,80.88420268552686,1.0,True,True,30
sigma_canal,0.06,0.045,1,False,angular_rmse,0.03887835689278717,0.04028406420717962,0.0014057073143924376,0.0006808893644788215,0.0021408034325325074,3.74630979099362,1.8678502137935318,5.684554227920615,0.7333333333333333,True,True,30
sigma_canal,0.06,0.045,1,False,object_rmse,0.06920439353266547,0.10388420647322733,0.03467981294056188,0.02569430341724979,0.043601810828385254,55.55547245850793,40.49070702569804,71.15310681560608,0.9,True,True,30
sigma_canal,0.06,0.045,1,False,false_positive_rms,0.05146826166063312,0.08278271703498105,0.03131445537434794,0.02852907581352318,0.03422932320511479,61.21648155746048,55.352761359338075,67.28217556578205,1.0,True,True,30
sigma_canal,0.06,0.06,2,True,angular_rmse,0.051595351590769806,0.05377778536763518,0.002182433776865366,0.0011950248909082754,0.0031861723402174325,4.365104110337071,2.464589673715692,6.3522574674198236,0.8,True,True,30
sigma_canal,0.06,0.06,2,True,object_rmse,0.07444067330612668,0.1072558440680291,0.03281517076190241,0.023551688485015602,0.041947676734081424,48.772258345860905,33.8372572554673,63.20787448991311,0.9,True,True,30
sigma_canal,0.06,0.06,2,True,false_positive_rms,0.05778036632069958,0.08509547484125714,0.027315108520557584,0.02437754260626835,0.03034199449371845,47.61498990311204,42.31143090790074,53.089566836976324,1.0,True,True,30
sigma_canal,0.06,0.075,3,False,angular_rmse,0.0640479477807647,0.06710122408004639,0.003053276299281702,0.0018215276480024554,0.004321329411992228,4.905593376142278,2.960748724172171,6.988229908493893,0.8333333333333334,True,True,30
sigma_canal,0.06,0.075,3,False,object_rmse,0.08101302768383806,0.11140734912766193,0.0303943214438239,0.020717801535674884,0.03985917940525344,41.488438505605586,27.738472611388577,55.66079205699494,0.8333333333333334,True,True,30
sigma_canal,0.06,0.075,3,False,false_positive_rms,0.06545119974886886,0.08873588509481596,0.023284685345947083,0.020144519206544677,0.026595892106862515,35.88115265335622,31.025796837575243,41.06193085912139,1.0,True,True,30
sigma_canal,0.06,0.09,4,False,angular_rmse,0.07620394201118272,0.08020764045958338,0.004003698448400658,0.002551509899895762,0.005510388187675268,5.394974469459496,3.4138889828805525,7.409113189625984,0.9,True,True,30
sigma_canal,0.06,0.09,4,False,object_rmse,0.08860450422266526,0.11623561322846736,0.02763110900580207,0.01738216110743287,0.03768390138516141,34.54105004550581,21.716653314953625,47.774061488998335,0.8333333333333334,True,True,30
sigma_canal,0.06,0.09,4,False,false_positive_rms,0.07399911285795316,0.09358315407124704,0.019584041213293872,0.01612983453389443,0.023191991544966224,26.740141457030862,21.895884754340855,31.771395906773037,1.0,True,True,30
llr_leak,0.98,0.9,0,False,angular_rmse,0.051595394821329896,0.053777830342258054,0.002182435520928146,0.0011728083148977704,0.0031571414740920404,4.365033962267306,2.4080739410166117,6.39280723431781,0.8,True,True,30
llr_leak,0.98,0.9,0,False,object_rmse,0.074445560432523,0.10688214101325863,0.03243658058073563,0.023199564206504573,0.04164615611354571,48.28642200899241,33.4736152713825,62.90314145148521,0.9,True,True,30
llr_leak,0.98,0.9,0,False,false_positive_rms,0.057790392260148975,0.08512172331263716,0.027331331052488188,0.024409068370373578,0.03051452554714565,47.65119610226395,42.26850861021078,53.30027423657455,1.0,True,True,30
llr_leak,0.98,0.95,1,False,angular_rmse,0.05159535272142453,0.05377781556367601,0.002182462842251487,0.001198766061259292,0.0031435252803755503,4.365136483587508,2.4729792191581366,6.328039600134161,0.8,True,True,30
llr_leak,0.98,0.95,1,False,object_rmse,0.0744421041979218,0.10715684700627183,0.03271474280835001,0.023546033442064223,0.04182931200965923,48.64423746377687,34.107308479982024,63.613954394771234,0.9,True,True,30
llr_leak,0.98,0.95,1,False,false_positive_rms,0.057782880227381074,0.08508692660394848,0.027304046376567376,0.02439553750894924,0.030373484324784077,47.60116007591487,42.24405993717356,53.22242278614608,1.0,True,True,30
llr_leak,0.98,0.98,2,True,angular_rmse,0.051595351590769806,0.05377778536763518,0.002182433776865366,0.0012295998027095883,0.003176746340531614,4.365104110337071,2.4155852984771404,6.339089383649058,0.8,True,True,30
llr_leak,0.98,0.98,2,True,object_rmse,0.07444067330612668,0.1072558440680291,0.03281517076190241,0.02369714289219481,0.041829166746127196,48.772258345860905,34.09223280854328,63.34626822035005,0.9,True,True,30
llr_leak,0.98,0.98,2,True,false_positive_rms,0.05778036632069958,0.08509547484125714,0.027315108520557584,0.024491762055588197,0.030364348405097403,47.61498990311204,42.25652590710901,53.28393031431235,1.0,True,True,30
llr_leak,0.98,0.99,3,False,angular_rmse,0.051595351407860555,0.0537777864414383,0.0021824350335777334,0.0011876640227602632,0.003189525058668602,4.36511223118766,2.4472863382126304,6.347791544272602,0.8,True,True,30
llr_leak,0.98,0.99,3,False,object_rmse,0.07444022470091029,0.10727556519290386,0.03283534049199356,0.023567456923364302,0.04177901557280853,48.797930398146,34.009005714805866,63.4789299385477,0.9,True,True,30
llr_leak,0.98,0.99,3,False,false_positive_rms,0.0577797707631386,0.08509959952445136,0.02731982876131275,0.02443985836267143,0.030346934995196754,47.62181906706454,42.43027931510306,53.294978459180456,1.0,True,True,30
llr_leak,0.98,0.995,4,False,angular_rmse,0.05159535098846489,0.053777784943387724,0.0021824339549228276,0.0011989708502258174,0.00320003940722769,4.365113026960499,2.4415555864555523,6.368583038348579,0.8,True,True,30
llr_leak,0.98,0.995,4,False,object_rmse,0.07444001797829539,0.10728349882171327,0.032843480843417865,0.023480659979549512,0.04191314907475851,48.808266509737535,33.81129509450704,63.93327516044526,0.9,True,True,30
llr_leak,0.98,0.995,4,False,false_positive_rms,0.057779470142884204,0.08510191524716634,0.027322445104282146,0.02440541275673048,0.030354238709657727,47.62569557684619,42.327891598278356,53.15457949250689,1.0,True,True,30
llr_clip,8.0,4.0,0,False,angular_rmse,0.05159945976705719,0.053773016377262145,0.0021735566102049453,0.0012127729299858162,0.0031654371717628853,4.346818805484242,2.4105022103156264,6.326690567813523,0.8,True,True,30
llr_clip,8.0,4.0,0,False,object_rmse,0.07487502594251715,0.10669697315891466,0.03182194721639751,0.0223547286261049,0.04075712455213605,47.379873137268795,32.98443101394328,61.840899967419645,0.9,True,True,30
llr_clip,8.0,4.0,0,False,false_positive_rms,0.05761780586662594,0.08501164045111329,0.027393834584487353,0.02441859296907189,0.030633913109222935,47.97119419339858,42.35511136023822,54.04551121163803,1.0,True,True,30
llr_clip,8.0,6.0,1,False,angular_rmse,0.05159603164463826,0.05377730758621011,0.0021812759415718594,0.0012126948611615555,0.00317442703789348,4.362594654056754,2.459895564681349,6.3447527255399985,0.8,True,True,30
llr_clip,8.0,6.0,1,False,object_rmse,0.07448763197992236,0.10701236138357584,0.032524729403653474,0.023394592228955707,0.041740571700717745,48.399480481674374,33.71157641303476,62.89761637412943,0.9,True,True,30
llr_clip,8.0,6.0,1,False,false_positive_rms,0.05774824368200949,0.08500846329113301,0.027260219609123493,0.02439641842226526,0.03032723045157188,47.56557367501516,42.274344915618855,53.24787006139963,1.0,True,True,30
llr_clip,8.0,8.0,2,True,angular_rmse,0.051595351590769806,0.05377778536763518,0.002182433776865366,0.001174324298814551,0.0031909296155409016,4.365104110337071,2.4270436255039196,6.342545603425016,0.8,True,True,30
llr_clip,8.0,8.0,2,True,object_rmse,0.07444067330612668,0.1072558440680291,0.03281517076190241,0.023517528480406183,0.041889130953501885,48.772258345860905,34.27086343547314,63.45392316840851,0.9,True,True,30
llr_clip,8.0,8.0,2,True,false_positive_rms,0.05778036632069958,0.08509547484125714,0.027315108520557584,0.02437150791010462,0.030364557895669945,47.61498990311204,42.377613961547425,53.342710768864016,1.0,True,True,30
llr_clip,8.0,10.0,3,False,angular_rmse,0.05159521668962123,0.053777554521588986,0.0021823378319677567,0.0012128873520456324,0.0031666350075900264,4.365015261602005,2.429599762492689,6.367237545145704,0.8,True,True,30
llr_clip,8.0,10.0,3,False,object_rmse,0.07443222468378262,0.1073134553857748,0.032881230701992156,0.023448236018959873,0.04200422806043642,48.858015912118766,34.28462779605702,63.92200277827985,0.9,True,True,30
llr_clip,8.0,10.0,3,False,false_positive_rms,0.05778239171320137,0.08522840101468171,0.027446009301480355,0.024576095381075188,0.03045845386585491,47.815257393551754,42.456335958009795,53.26512995566951,1.0,True,True,30
llr_clip,8.0,12.0,4,False,angular_rmse,0.05159517615028983,0.05377794359369102,0.002182767443401201,0.0011955354591043732,0.0031719768497789785,4.365843118666609,2.4487675508958087,6.360349067601692,0.8,True,True,30
llr_clip,8.0,12.0,4,False,object_rmse,0.07443071822714616,0.10731693301580354,0.03288621478865739,0.023632042568060913,0.04188227898882551,48.866275147518344,34.17099027088767,63.66856981634344,0.9,True,True,30
llr_clip,8.0,12.0,4,False,false_positive_rms,0.057782295437427106,0.08518295355398549,0.027400658116558365,0.02452430552688637,0.030462789013320824,47.72251795801446,42.59511153500162,53.270339719474194,1.0,True,True,30
eta_fast,0.003,0.0015,0,False,angular_rmse,0.05159183020088425,0.05377552627978361,0.002183696078899362,0.0012271838360592327,0.0031846279564869706,4.367909835089364,2.4171559431745857,6.405005487182543,0.8,True,True,30
eta_fast,0.003,0.0015,0,False,object_rmse,0.0746126339040198,0.10730028446693513,0.03268765056291533,0.023477557679063232,0.041800443532646586,48.390919800538605,33.7319404003428,63.015920561366315,0.9,True,True,30
eta_fast,0.003,0.0015,0,False,false_positive_rms,0.05795019051233093,0.08522654069010706,0.027276350177776142,0.024371503989309245,0.030378487207778297,47.413710005520926,42.133688052599894,53.00378680822302,1.0,True,True,30
eta_fast,0.003,0.00225,1,False,angular_rmse,0.05159359234528789,0.053776655582798066,0.0021830632375101863,0.0012115667438348156,0.0031650610064991873,4.366503465778371,2.4373341011488368,6.376574100600243,0.8,True,True,30
eta_fast,0.003,0.00225,1,False,object_rmse,0.07452493887855609,0.10727655612834945,0.032751617249793356,0.023514199401724726,0.041741791644134975,48.5825946654086,33.8521957531695,63.35614380262871,0.9,True,True,30
eta_fast,0.003,0.00225,1,False,false_positive_rms,0.05786423214478632,0.08516059454513415,0.027296362400347836,0.02442583958287063,0.03035424920443566,47.51617635119422,42.094120715008536,53.08473769275181,1.0,True,True,30
eta_fast,0.003,0.003,2,True,angular_rmse,0.051595351590769806,0.05377778536763518,0.002182433776865366,0.0012036079222037335,0.003168896185910138,4.365104110337071,2.3933737287557126,6.408705578587828,0.8,True,True,30
eta_fast,0.003,0.003,2,True,object_rmse,0.07444067330612668,0.1072558440680291,0.03281517076190241,0.02316461510983829,0.041726523792638706,48.772258345860905,33.94527505950052,63.85775865234876,0.9,True,True,30
eta_fast,0.003,0.003,2,True,false_positive_rms,0.05778036632069958,0.08509547484125714,0.027315108520557584,0.024409540096501533,0.030385183736616188,47.61498990311204,42.34214869993751,53.23981475084643,1.0,True,True,30
eta_fast,0.003,0.00375,3,False,angular_rmse,0.051597107943271096,0.05377891561387687,0.002181807670605773,0.0011931457420182525,0.003186724160627875,4.363711714851953,2.444802786729761,6.334000379372151,0.8,True,True,30
eta_fast,0.003,0.00375,3,False,object_rmse,0.07435980166436743,0.10723811260165535,0.03287831093728792,0.02335086664669088,0.04210417164728534,48.95987928987405,34.48317666926859,63.8843506671397,0.9,True,True,30
eta_fast,0.003,0.00375,3,False,false_positive_rms,0.057698585351343666,0.08503117697204593,0.02733259162070225,0.024532264310799842,0.030346836319169224,47.71014045625871,42.39841356851309,53.3026339489557,1.0,True,True,30
eta_fast,0.003,0.0045,4,False,angular_rmse,0.05159886140878573,0.05378004630145439,0.0021811848926686474,0.0012009528556992436,0.0031737645181396184,4.3623262260090065,2.4616390096320706,6.383766370441565,0.8,True,True,30
eta_fast,0.003,0.0045,4,False,object_rmse,0.07428228864048601,0.1072233262652627,0.03294103762477667,0.023681062791903195,0.042274249455265284,49.14542543600856,34.41079408559198,63.922193081384094,0.9,True,True,30
eta_fast,0.003,0.0045,4,False,false_positive_rms,0.05761888143061522,0.08496769635805151,0.027348814927436307,0.024514926178223127,0.03034918803881397,47.80161920426849,42.56892011937948,53.46231455291608,1.0,True,True,30
retention_fast,0.98,0.96,0,False,angular_rmse,0.05159247342573577,0.053775344390835776,0.002182870965100005,0.0011996168605345786,0.00316248887720494,4.366214442704652,2.4626812110395484,6.359961445695821,0.8,True,True,30
retention_fast,0.98,0.96,0,False,object_rmse,0.07454137490003293,0.10728269085122118,0.032741315951188246,0.023377578148182337,0.0416873056820294,48.544312007995714,34.34506367078349,63.467286943462966,0.9,True,True,30
retention_fast,0.98,0.96,0,False,false_positive_rms,0.05783777771237665,0.08514864320921145,0.02731086549683479,0.024387008710221227,0.0304233487630314,47.568537896100906,42.33097328487652,53.175732399297694,1.0,True,True,30
retention_fast,0.98,0.97,1,False,angular_rmse,0.05159366535772006,0.05377633179189685,0.002182666434176796,0.0011829056654126498,0.0031636448507576438,4.3657051115560925,2.427490793761333,6.364824629522275,0.8,True,True,30
retention_fast,0.98,0.97,1,False,object_rmse,0.07449403730072497,0.10726371044309677,0.0327696731423718,0.02358231206150448,0.04215356309964901,48.639150052934816,34.20567715500047,63.34162341363543,0.9,True,True,30
retention_fast,0.98,0.97,1,False,false_positive_rms,0.05780602482442608,0.08512093768793941,0.027314912863513324,0.024398089884046452,0.030374352575196648,47.59863638978769,42.31580882673173,53.235990216943264,1.0,True,True,30
retention_fast,0.98,0.98,2,True,angular_rmse,0.051595351590769806,0.05377778536763518,0.002182433776865366,0.0012283282289427015,0.003152882804403899,4.365104110337071,2.4067449884726724,6.3819300058009105,0.8,True,True,30
retention_fast,0.98,0.98,2,True,object_rmse,0.07444067330612668,0.1072558440680291,0.03281517076190241,0.02348161006005672,0.04186863602651809,48.772258345860905,34.12523200869927,63.56050805343752,0.9,True,True,30
retention_fast,0.98,0.98,2,True,false_positive_rms,0.05778036632069958,0.08509547484125714,0.027315108520557584,0.024361651716238254,0.030347758433583467,47.61498990311204,42.29152803676647,53.155025931407984,1.0,True,True,30
retention_fast,0.98,0.99,3,False,angular_rmse,0.051597888098396986,0.053780107048640516,0.0021822189502435103,0.001206606061154846,0.0031915367815126467,4.364481502094656,2.420952161843062,6.382063668424796,0.8,True,True,30
retention_fast,0.98,0.99,3,False,object_rmse,0.07440352664140475,0.1072951667114629,0.03289164007005813,0.023634614676389547,0.04197187360585277,48.9507135912442,33.96876791864366,63.84310909659464,0.9,True,True,30
retention_fast,0.98,0.99,3,False,false_positive_rms,0.05779321079262603,0.08508817031261878,0.02729495951999273,0.024375101361809634,0.030345853287506473,47.56253167756877,42.38809344798905,53.107103481034635,1.0,True,True,30
retention_fast,0.98,0.995,4,False,angular_rmse,0.05159988670484127,0.05378185436992167,0.0021819676650803874,0.0011852098033901571,0.0031726664669458286,4.363852957631051,2.426383470006351,6.339812798514204,0.8,True,True,30
retention_fast,0.98,0.995,4,False,object_rmse,0.07441831885696717,0.1073756035642434,0.032957284707276206,0.02335938139920786,0.04234045060971974,49.06086508369156,34.11333559399671,63.95406717818897,0.9,True,True,30
retention_fast,0.98,0.995,4,False,false_positive_rms,0.057847137217153975,0.08509568607795368,0.027248548860799717,0.02436642968552066,0.030332904766413274,47.43889303013748,42.18246709638596,53.060145111410414,1.0,True,True,30
eta_slow,0.0003,0.00015,0,False,angular_rmse,0.05159456503846653,0.05377726909887441,0.002182704060407879,0.0012283388056230455,0.0031741370913515345,4.365694061221622,2.4413546579212673,6.359862420136352,0.8,True,True,30
eta_slow,0.0003,0.00015,0,False,object_rmse,0.07445756440821932,0.10724489302609097,0.03278732861787166,0.02342421779728724,0.041812838180527695,48.70769743090404,33.92813755321621,64.03154306605113,0.9,True,True,30
eta_slow,0.0003,0.00015,0,False,false_positive_rms,0.05779148398457624,0.08511313333592208,0.027321649351345838,0.02442591269967758,0.030359060418426547,47.61689082762719,42.28726512079111,53.267506410710254,1.0,True,True,30
eta_slow,0.0003,0.000225,1,False,angular_rmse,0.05159495838035299,0.05377752726717684,0.0021825688868238663,0.0011937281586521748,0.003180366304781925,4.365399015898794,2.450089460582561,6.342043850570653,0.8,True,True,30
eta_slow,0.0003,0.000225,1,False,object_rmse,0.07444904639260502,0.10725032296969564,0.032801276577090616,0.023409092761408092,0.04194191104329035,48.74004352113965,34.21102894997441,63.377331020965066,0.9,True,True,30
eta_slow,0.0003,0.000225,1,False,false_positive_rms,0.05778587943197185,0.08510427882740013,0.02731839939542827,0.024463608924087207,0.030397762764053406,47.61601157601347,42.288174876155814,53.194744888179684,1.0,True,True,30
eta_slow,0.0003,0.0003,2,True,angular_rmse,0.051595351590769806,0.05377778536763518,0.002182433776865366,0.0011861638026911677,0.003188146955734783,4.365104110337071,2.4086547065679103,6.412301723510858,0.8,True,True,30
eta_slow,0.0003,0.0003,2,True,object_rmse,0.07444067330612668,0.1072558440680291,0.03281517076190241,0.02341989754308146,0.04177470973554541,48.772258345860905,33.90949628824945,63.48488146440766,0.9,True,True,30
eta_slow,0.0003,0.0003,2,True,false_positive_rms,0.05778036632069958,0.08509547484125714,0.027315108520557584,0.02439289445713642,0.030413439848332974,47.61498990311204,42.33037745026841,53.173550157657736,1.0,True,True,30
eta_slow,0.0003,0.000375,3,False,angular_rmse,0.05159574466977645,0.05377804340020617,0.002182298730429725,0.0012075148762916107,0.0031786408621253107,4.364809344314515,2.4167165157528396,6.356009914409965,0.8,True,True,30
eta_slow,0.0003,0.000375,3,False,object_rmse,0.07443244484990771,0.1072614560716232,0.03282901122171551,0.023489835067370367,0.04205101786202549,48.80434152046038,34.355701647663345,63.58629869954924,0.9,True,True,30
eta_slow,0.0003,0.000375,3,False,false_positive_rms,0.05777494444462275,0.08508672125711511,0.027311776812492375,0.024451005417699144,0.030416003512983007,47.613826125168565,42.40582388628934,53.20755313085496,1.0,True,True,30
eta_slow,0.0003,0.00045,4,False,angular_rmse,0.051596137617432404,0.05377830136484419,0.0021821637474117982,0.0012025184471203148,0.003184828139261125,4.364514717604556,2.4743271607872854,6.336128329596216,0.8,True,True,30
eta_slow,0.0003,0.00045,4,False,object_rmse,0.07442436072514128,0.10726715873153213,0.03284279800639087,0.023500343566836335,0.04205273574062686,48.83629266096045,33.77308387029906,63.698861327340055,0.9,True,True,30
eta_slow,0.0003,0.00045,4,False,false_positive_rms,0.057769613597664964,0.08507801795264275,0.027308404354977774,0.024443217327450625,0.030328508246179425,47.61252055725878,42.30436555593428,53.25379952242306,1.0,True,True,30
retention_slow,0.9995,0.999,0,False,angular_rmse,0.05159527153921461,0.05377776803952662,0.002182496500312007,0.001197714905557683,0.0031736802393211405,4.36523059230402,2.4690533773005026,6.395745784519656,0.8,True,True,30
retention_slow,0.9995,0.999,0,False,object_rmse,0.07444027001814413,0.10725271810466391,0.032812448086519785,0.023728225472289116,0.04197529736059541,48.76800209522509,34.23009541880394,63.50833166930282,0.9,True,True,30
retention_slow,0.9995,0.999,0,False,false_positive_rms,0.05778033516467691,0.08509828565404795,0.027317950489371048,0.02442645203629294,0.03041261521827918,47.61941861537178,42.32807723748704,53.257541359462984,1.0,True,True,30
retention_slow,0.9995,0.99925,1,False,angular_rmse,0.051595309564576704,0.053777776762332176,0.0021824671977554583,0.0012157589372232779,0.0031696815670138835,4.365171469278932,2.422709347386427,6.350794476781284,0.8,True,True,30
retention_slow,0.9995,0.99925,1,False,object_rmse,0.0744404711495476,0.10725423457913945,0.032813763429591844,0.023274954437538544,0.04190191280302661,48.77005020855344,34.10010396022953,63.34214952851713,0.9,True,True,30
retention_slow,0.9995,0.99925,1,False,false_positive_rms,0.057780394526931546,0.08509699290663386,0.027316598379702326,0.02443182312937848,0.030310015006011038,47.617273411815894,42.36616837721391,53.17923221587538,1.0,True,True,30
retention_slow,0.9995,0.9995,2,True,angular_rmse,0.051595351590769806,0.05377778536763518,0.002182433776865366,0.0012096650301739048,0.003163368709012007,4.365104110337071,2.4222192140355094,6.3262053524809225,0.8,True,True,30
retention_slow,0.9995,0.9995,2,True,object_rmse,0.07444067330612668,0.1072558440680291,0.03281517076190241,0.023305486020357223,0.04193306734546294,48.772258345860905,34.016493071560554,63.543421990169655,0.9,True,True,30
retention_slow,0.9995,0.9995,2,True,false_positive_rms,0.05778036632069958,0.08509547484125714,0.027315108520557584,0.024483109984794346,0.030369930475760944,47.61498990311204,42.30898002756479,53.361042651738565,1.0,True,True,30
retention_slow,0.9995,0.99975,3,False,angular_rmse,0.05159539823163724,0.05377779391857126,0.00218239568693403,0.0012221249535677126,0.0031896293020578256,4.365027405941033,2.449853666657318,6.35572503328365,0.8,True,True,30
retention_slow,0.9995,0.99975,3,False,object_rmse,0.07444087582120477,0.10725755301862495,0.03281667719742016,0.02364033992500218,0.04202285455488604,48.77464097989066,34.4899761898413,63.65628972520921,0.9,True,True,30
retention_slow,0.9995,0.99975,3,False,false_positive_rms,0.05778023275431297,0.08509369514046068,0.027313462386147725,0.024421625617512346,0.030437057178690694,47.61255394648781,42.367152992853214,53.171016596362776,1.0,True,True,30
retention_slow,0.9995,0.9999,4,False,angular_rmse,0.051595428724476644,0.05377779906330035,0.0021823703388237042,0.0011938249274350405,0.003164692552592846,4.364976386735654,2.4639639296420914,6.387446160514267,0.8,True,True,30
retention_slow,0.9995,0.9999,4,False,object_rmse,0.07444099724471816,0.1072586290388898,0.03281763179417163,0.02333735195937951,0.041796908876463645,48.77616079876763,34.24342805920541,63.58586804044604,0.9,True,True,30
retention_slow,0.9995,0.9999,4,False,false_positive_rms,0.057780093635294225,0.08509248443532295,0.027312390800028737,0.024451478540849093,0.030396237372676653,47.61101225704287,42.44289419599221,53.20359459433271,1.0,True,True,30
tau_eye,1.0,0.5,0,False,angular_rmse,0.051595351590769806,0.05377778536763516,0.002182433776865365,0.0012081520668003705,0.0031874237904241545,4.365104110337068,2.4885673398594337,6.375771050340225,0.8,True,True,30
tau_eye,1.0,0.5,0,False,object_rmse,0.07444067330612669,0.1072558440680291,0.03281517076190241,0.02338352260021862,0.0420812677315705,48.772258345860905,34.0316099702219,63.446770124709936,0.9,True,True,30
tau_eye,1.0,0.5,0,False,false_positive_rms,0.05778036632069958,0.08509547484125714,0.02731510852055759,0.024428298141131493,0.03040152386783454,47.614989903112054,42.32276176700056,53.17917424657169,1.0,True,True,30
tau_eye,1.0,0.75,1,False,angular_rmse,0.0515953515907698,0.05377778536763518,0.0021824337768653677,0.0012013804252689732,0.0031761447182495645,4.365104110337073,2.439436346759218,6.381104987049543,0.8,True,True,30
tau_eye,1.0,0.75,1,False,object_rmse,0.07444067330612669,0.1072558440680291,0.03281517076190241,0.023555340938325477,0.04199970772972855,48.772258345860905,33.98609503711851,63.56132189001411,0.9,True,True,30
tau_eye,1.0,0.75,1,False,false_positive_rms,0.05778036632069958,0.08509547484125714,0.027315108520557584,0.024474736442635512,0.030379168768972495,47.61498990311205,42.1575507761924,53.16317536455442,1.0,True,True,30
tau_eye,1.0,1.0,2,True,angular_rmse,0.051595351590769806,0.05377778536763518,0.002182433776865366,0.001203906248316977,0.0031788244046620047,4.365104110337071,2.3860731618247795,6.3965691180939315,0.8,True,True,30
tau_eye,1.0,1.0,2,True,object_rmse,0.07444067330612668,0.1072558440680291,0.03281517076190241,0.0233053486721176,0.04194356774762735,48.772258345860905,34.13594929695564,63.628701619146355,0.9,True,True,30
tau_eye,1.0,1.0,2,True,false_positive_rms,0.05778036632069958,0.08509547484125714,0.027315108520557584,0.02446529820315497,0.030346381471548823,47.61498990311204,42.3192317000319,53.24045074515883,1.0,True,True,30
tau_eye,1.0,1.25,3,False,angular_rmse,0.0515953515907698,0.05377778536763518,0.002182433776865366,0.0011974310205881157,0.0031997796891184804,4.36510411033707,2.470680544988585,6.403583433053336,0.8,True,True,30
tau_eye,1.0,1.25,3,False,object_rmse,0.07444067330612669,0.1072558440680291,0.03281517076190241,0.023407489617321774,0.0419624699765519,48.7722583458609,34.11026295249701,63.51294977761811,0.9,True,True,30
tau_eye,1.0,1.25,3,False,false_positive_rms,0.05778036632069958,0.08509547484125714,0.02731510852055759,0.024506840365919175,0.030425862548623145,47.61498990311205,42.41047654120986,53.180065131011254,1.0,True,True,30
tau_eye,1.0,1.5,4,False,angular_rmse,0.0515953515907698,0.05377778536763518,0.002182433776865366,0.0012266478250119832,0.0031537855053076665,4.365104110337071,2.4372298601857105,6.338830129772969,0.8,True,True,30
tau_eye,1.0,1.5,4,False,object_rmse,0.07444067330612669,0.1072558440680291,0.03281517076190241,0.023384139480680858,0.042164871592817364,48.77225834586089,34.145458808426795,63.70289985538237,0.9,True,True,30
tau_eye,1.0,1.5,4,False,false_positive_rms,0.05778036632069958,0.08509547484125714,0.027315108520557584,0.024426255904805436,0.030382515011498443,47.61498990311205,42.35735808518143,53.22687180545223,1.0,True,True,30
g_vor0,1.0,0.5,0,False,angular_rmse,0.051595351590769806,0.05377778536763518,0.002182433776865367,0.001201733299964865,0.0031871177804922413,4.365104110337072,2.43605825360779,6.362126959037262,0.8,True,True,30
g_vor0,1.0,0.5,0,False,object_rmse,0.07444067330612669,0.10725584406802911,0.032815170761902414,0.02359392694286933,0.0417218158455514,48.772258345860905,34.25900132719463,63.97445315936184,0.9,True,True,30
g_vor0,1.0,0.5,0,False,false_positive_rms,0.05778036632069958,0.08509547484125714,0.027315108520557584,0.02441861033877826,0.030343698685486864,47.614989903112054,42.305243526569214,53.25903499973547,1.0,True,True,30
g_vor0,1.0,0.75,1,False,angular_rmse,0.0515953515907698,0.05377778536763518,0.0021824337768653677,0.0011999037347653506,0.003179860779730265,4.3651041103370725,2.42293934407124,6.384840573679532,0.8,True,True,30
g_vor0,1.0,0.75,1,False,object_rmse,0.07444067330612669,0.1072558440680291,0.03281517076190241,0.023542184156895133,0.041876389587304726,48.77225834586089,33.99220194245304,63.47229713461969,0.9,True,True,30
g_vor0,1.0,0.75,1,False,false_positive_rms,0.05778036632069958,0.08509547484125714,0.02731510852055759,0.024494341536626454,0.030372428708428812,47.61498990311205,42.47306951226784,53.012364161759194,1.0,True,True,30
g_vor0,1.0,1.0,2,True,angular_rmse,0.051595351590769806,0.05377778536763518,0.002182433776865366,0.0011849281190725765,0.003170104559842256,4.365104110337071,2.4463653926403377,6.387948049852286,0.8,True,True,30
g_vor0,1.0,1.0,2,True,object_rmse,0.07444067330612668,0.1072558440680291,0.03281517076190241,0.023504696746200746,0.041804630964181674,48.772258345860905,34.10481820174566,63.72969272022945,0.9,True,True,30
g_vor0,1.0,1.0,2,True,false_positive_rms,0.05778036632069958,0.08509547484125714,0.027315108520557584,0.024435142388255466,0.030327121542918334,47.61498990311204,42.413286303420755,53.15108935007202,1.0,True,True,30
g_vor0,1.0,1.1,3,False,angular_rmse,0.0515953515907698,0.05377778536763516,0.002182433776865366,0.0011755902588655787,0.0031855512646625493,4.36510411033707,2.4679984292177832,6.34623503208975,0.8,True,True,30
g_vor0,1.0,1.1,3,False,object_rmse,0.07444067330612669,0.1072558440680291,0.03281517076190241,0.023555131186221646,0.04195970373814357,48.7722583458609,34.240461320046094,63.52318599933719,0.9,True,True,30
g_vor0,1.0,1.1,3,False,false_positive_rms,0.05778036632069958,0.08509547484125714,0.027315108520557584,0.024451906988894122,0.03041471554392076,47.614989903112054,42.30567808486112,53.24762771493422,1.0,True,True,30
g_vor0,1.0,1.2,4,False,angular_rmse,0.0515953515907698,0.05377778536763518,0.002182433776865366,0.0012077504703475127,0.003164720076684297,4.365104110337071,2.435732139424877,6.33913416206713,0.8,True,True,30
g_vor0,1.0,1.2,4,False,object_rmse,0.07444067330612669,0.1072558440680291,0.03281517076190241,0.023671207372397616,0.04194661940507464,48.7722583458609,34.40550979108626,63.66376926331912,0.9,True,True,30
g_vor0,1.0,1.2,4,False,false_positive_rms,0.05778036632069958,0.08509547484125714,0.027315108520557584,0.024401510824637245,0.030352300394250447,47.61498990311205,42.382430311794984,53.15724250212477,1.0,True,True,30
