sample_id,mean_effect,ci_lower,ci_upper,status,is_attenuated
0.0,0.03486315143140285,0.028769732641468475,0.041088769443932194,ROBUST_POSITIVE,False
1.0,0.034084352595307475,0.028232876459105494,0.03980877349530747,ROBUST_POSITIVE,False
2.0,0.005966592052095972,0.002122045552931399,0.010235777060691634,ROBUST_POSITIVE,True
3.0,0.01982516262841968,0.015203581425542274,0.02455206718574444,ROBUST_POSITIVE,False
4.0,0.024289534190698514,0.01991708636301396,0.028922890378003482,ROBUST_POSITIVE,False
5.0,0.007949237514118255,0.003672114946491104,0.012508617602914338,ROBUST_POSITIVE,False
6.0,0.04087171252282614,0.03514640328457725,0.046434691464470795,ROBUST_POSITIVE,False
7.0,0.02989382610532225,0.024244721448968918,0.03568464435401585,ROBUST_POSITIVE,False
8.0,0.04198255986939449,0.03660560633270706,0.04724783807507642,ROBUST_POSITIVE,False
9.0,0.03448019989114494,0.029182236703647425,0.039687966578776955,ROBUST_POSITIVE,False
10.0,0.008058456629211709,0.003543127049834141,0.012950990788973653,ROBUST_POSITIVE,False
11.0,0.0076497561756536875,0.004580987067050623,0.011200303418217296,ROBUST_POSITIVE,False
12.0,0.047045816496770934,0.0395627475022346,0.054600440772307454,ROBUST_POSITIVE,False
13.0,0.03776457788294058,0.03155329651834571,0.04381524922436737,ROBUST_POSITIVE,False
14.0,0.05123463823248508,0.044665221489179646,0.05756849311651219,ROBUST_POSITIVE,False
15.0,0.02562166918008598,0.0210778635260049,0.030300387039259472,ROBUST_POSITIVE,False
16.0,0.02325588987955834,0.018162623473678356,0.028669243888315363,ROBUST_POSITIVE,False
17.0,0.009440646350887583,0.006017023881573146,0.013306175070197854,ROBUST_POSITIVE,False
18.0,0.026312548381131735,0.020413921728630397,0.03225582548710672,ROBUST_POSITIVE,False
19.0,0.03018848078336135,0.024868120743420798,0.035600064155463775,ROBUST_POSITIVE,False
20.0,0.04521185138979502,0.039028802352359726,0.05109000138951898,ROBUST_POSITIVE,False
21.0,0.04170653964989372,0.03538371415527013,0.04802898650810652,ROBUST_POSITIVE,False
22.0,0.05713771442070482,0.05070572976033219,0.06319597714616015,ROBUST_POSITIVE,False
23.0,0.010877650110224672,0.007709957713343185,0.01442354116319895,ROBUST_POSITIVE,False
24.0,0.031666558631000666,0.02560084433373076,0.038010929431108315,ROBUST_POSITIVE,False
25.0,0.010612953511640263,0.00599081211982761,0.01564609961351045,ROBUST_POSITIVE,False
26.0,0.04338542701316608,0.038924220726276125,0.047697161609519596,ROBUST_POSITIVE,False
27.0,0.04976998397733417,0.04347578539243986,0.05594490395702529,ROBUST_POSITIVE,False
28.0,0.027696496259351385,0.023107067821135165,0.032360195576457265,ROBUST_POSITIVE,False
29.0,0.03443793193525793,0.028476502765065952,0.04034718110323572,ROBUST_POSITIVE,False
30.0,0.03793158978722109,0.03249655922237335,0.04315870936707675,ROBUST_POSITIVE,False
31.0,0.007162228267371244,0.003091196147785811,0.011259009070142937,ROBUST_POSITIVE,False
32.0,0.0358089307319407,0.029589726902290205,0.04191873786693201,ROBUST_POSITIVE,False
33.0,0.03319037759122082,0.027351141994814154,0.039071222515894045,ROBUST_POSITIVE,False
34.0,0.01851100794411063,0.014515184880253938,0.022884666221596482,ROBUST_POSITIVE,False
35.0,0.018465001163753044,0.014731164539573662,0.02239969532462535,ROBUST_POSITIVE,False
36.0,0.026276565843803952,0.02261369172936379,0.030020290305330932,ROBUST_POSITIVE,False
37.0,0.023557172028271546,0.019820112149904968,0.027522591412878956,ROBUST_POSITIVE,False
38.0,0.03517003823267373,0.030395036434433562,0.04023968816227902,ROBUST_POSITIVE,False
39.0,0.031574450161768096,0.024323022141211348,0.03890094111870262,ROBUST_POSITIVE,False
40.0,0.020006102705492895,0.015621815231030166,0.02443751858317531,ROBUST_POSITIVE,False
41.0,0.0023543072989237906,-0.0014997681031177442,0.0066139748942965855,POSITIVE_UNRESOLVED,True
42.0,0.04295030051288822,0.03822977369086123,0.0477470411344937,ROBUST_POSITIVE,False
43.0,0.04965557757755659,0.04376720909861213,0.0558330348320283,ROBUST_POSITIVE,False
44.0,0.015129140836012928,0.008235241493380919,0.022182802406767826,ROBUST_POSITIVE,False
45.0,0.014470870488533122,0.010257181438734064,0.01916958072783827,ROBUST_POSITIVE,False
46.0,0.03271017567685223,0.026043413527773847,0.039610573479985596,ROBUST_POSITIVE,False
47.0,0.015148992003275392,0.01119323315548863,0.019423035048836895,ROBUST_POSITIVE,False
48.0,0.02883549855575222,0.023997135045163657,0.033823120382418755,ROBUST_POSITIVE,False
49.0,0.03418352626218604,0.02975204278264372,0.03860980305942632,ROBUST_POSITIVE,False
50.0,0.015379573492799805,0.011635281525539828,0.019323877075227123,ROBUST_POSITIVE,False
51.0,0.03719003828079048,0.031292496004542064,0.04320150252772955,ROBUST_POSITIVE,False
52.0,0.01628937042530341,0.011921529459053013,0.020970082829956344,ROBUST_POSITIVE,False
53.0,0.052962609280617495,0.04555985318596409,0.06019664836039235,ROBUST_POSITIVE,False
54.0,0.03356862105996856,0.028625378590106824,0.03845220111570333,ROBUST_POSITIVE,False
55.0,0.040960657641009784,0.034839526943446504,0.04714493920156812,ROBUST_POSITIVE,False
56.0,0.014225544939631445,0.011118734698753713,0.01761975535613242,ROBUST_POSITIVE,False
57.0,0.03196178387409973,0.0277536345734571,0.036196191484513654,ROBUST_POSITIVE,False
58.0,0.027135870319109055,0.023177825579537098,0.031218141727627283,ROBUST_POSITIVE,False
59.0,0.03894859453870118,0.033598252268417415,0.04431388139895793,ROBUST_POSITIVE,False
60.0,0.04410789214981104,0.03811169999380599,0.04984663040133892,ROBUST_POSITIVE,False
61.0,0.023915805173563003,0.019004610723974174,0.0291688630974948,ROBUST_POSITIVE,False
62.0,0.036643238419906195,0.03115142549000074,0.04210872295592704,ROBUST_POSITIVE,False
63.0,0.012539092517521663,0.009767792383137719,0.01548265381106775,ROBUST_POSITIVE,False
64.0,0.039084477402061606,0.03373082038926326,0.044405078328270536,ROBUST_POSITIVE,False
65.0,0.04617067987184158,0.040259263142161814,0.05191356801255111,ROBUST_POSITIVE,False
66.0,0.04934026931186957,0.043292594100101695,0.055318582139641886,ROBUST_POSITIVE,False
67.0,0.019735893628926804,0.015871185570066247,0.02386133978862131,ROBUST_POSITIVE,False
68.0,0.015420440440498168,0.012804419453031986,0.01817419909847371,ROBUST_POSITIVE,False
69.0,0.047636086551772226,0.04177861686666254,0.05326711931820845,ROBUST_POSITIVE,False
70.0,0.01384859635449915,0.010635998527576653,0.017280084913179415,ROBUST_POSITIVE,False
71.0,0.020805072306304438,0.014886868988259841,0.027046304807211197,ROBUST_POSITIVE,False
72.0,0.05167906465018051,0.045011236335401564,0.058207501406667875,ROBUST_POSITIVE,False
73.0,0.01581681815427123,0.01173485042825014,0.020317048973550546,ROBUST_POSITIVE,False
74.0,0.021250448186725144,0.016102455104090547,0.02669017003515072,ROBUST_POSITIVE,False
75.0,0.03854440973462834,0.03221704184872671,0.045016800754401246,ROBUST_POSITIVE,False
76.0,0.045785890335697646,0.039166211036256,0.0521839169617335,ROBUST_POSITIVE,False
77.0,0.007600871949832938,0.004959964763102393,0.010412154427981308,ROBUST_POSITIVE,False
78.0,0.020961878879955115,0.01624558821660654,0.0259584866963094,ROBUST_POSITIVE,False
79.0,0.013876144572452809,0.01077108429196358,0.017262031748705508,ROBUST_POSITIVE,False
80.0,0.01649842187224114,0.012852018738074475,0.020460366188079945,ROBUST_POSITIVE,False
81.0,0.05005889111197156,0.0429795624915629,0.05716841519376375,ROBUST_POSITIVE,False
82.0,0.03885610036714071,0.033022638046617585,0.044804217356471956,ROBUST_POSITIVE,False
83.0,0.02345152509543724,0.016611889845719086,0.030476254715412546,ROBUST_POSITIVE,False
84.0,0.008577714220364577,0.005260652805449176,0.012161925597570466,ROBUST_POSITIVE,False
85.0,-0.0002751637976998932,-0.004804620669962007,0.0047248970435327395,UNRESOLVED_REVERSAL,True
86.0,0.0035582047881582194,-0.00012368587830516902,0.007543075418777201,POSITIVE_UNRESOLVED,True
87.0,0.045602924362509484,0.04047550668768751,0.050679694634089785,ROBUST_POSITIVE,False
88.0,0.030382555031789247,0.02501320679391019,0.03581159889972526,ROBUST_POSITIVE,False
89.0,0.014022681133354425,0.011534232547481541,0.016540015275701665,ROBUST_POSITIVE,False
90.0,0.028611718125170445,0.024327695936545147,0.03296501760801109,ROBUST_POSITIVE,False
91.0,0.05004628766778941,0.04372006524755471,0.05631114832519161,ROBUST_POSITIVE,False
92.0,0.020969401694828516,0.017879385235476126,0.02416430044067731,ROBUST_POSITIVE,False
93.0,0.03071099924422598,0.025791609916442425,0.035730257634299004,ROBUST_POSITIVE,False
94.0,0.03104502064873311,0.025145565451895172,0.03704487995424963,ROBUST_POSITIVE,False
95.0,0.028373372430422098,0.021828701182358485,0.03507401691027449,ROBUST_POSITIVE,False
96.0,0.021119065265987166,0.018389865600394767,0.02400155804587469,ROBUST_POSITIVE,False
97.0,0.011564788474484692,0.006985785875884442,0.016442154118405716,ROBUST_POSITIVE,False
98.0,0.03000220726431901,0.025293462964785577,0.03465872615248765,ROBUST_POSITIVE,False
99.0,0.019218295512396007,0.015535090676159134,0.023014728779945728,ROBUST_POSITIVE,False
100.0,0.045268321314834395,0.03815114463963931,0.05224527554916512,ROBUST_POSITIVE,False
101.0,0.025813940109075787,0.01993487042294815,0.031854262718130605,ROBUST_POSITIVE,False
102.0,0.037051610853425655,0.032240708271692016,0.041931312138759766,ROBUST_POSITIVE,False
103.0,0.024465737717615555,0.021172077822087996,0.02783064381588975,ROBUST_POSITIVE,False
104.0,0.025194375700728786,0.01906158684402138,0.03157745494694564,ROBUST_POSITIVE,False
105.0,0.040203941963054296,0.03393713969975459,0.046520788247308646,ROBUST_POSITIVE,False
106.0,0.04712039856974379,0.04090041498853237,0.053157073461817805,ROBUST_POSITIVE,False
107.0,0.032530797644982935,0.02774010276467428,0.03742443974432699,ROBUST_POSITIVE,False
108.0,0.03458550493688973,0.029964947503907494,0.03907989704122606,ROBUST_POSITIVE,False
109.0,0.024260613370396297,0.01826283780180783,0.030385032749006904,ROBUST_POSITIVE,False
110.0,0.017863075883124715,0.014147746775679771,0.021958847446604667,ROBUST_POSITIVE,False
111.0,0.025861183052586514,0.02158578818083562,0.03025375243439739,ROBUST_POSITIVE,False
112.0,0.05381519826158183,0.04781162159343361,0.05955565995734203,ROBUST_POSITIVE,False
113.0,0.0505755622209367,0.04513768618089689,0.05595684129745084,ROBUST_POSITIVE,False
114.0,0.047076541879277504,0.04221265209482476,0.052069854186324316,ROBUST_POSITIVE,False
115.0,0.019536105019141606,0.016219300682402026,0.02312909149408331,ROBUST_POSITIVE,False
116.0,0.03570450289522788,0.029589228552166866,0.041830362796026845,ROBUST_POSITIVE,False
117.0,0.028206931135210764,0.024020119172023655,0.03255143308699802,ROBUST_POSITIVE,False
118.0,0.02759979140613981,0.023329968260086858,0.03194615125664111,ROBUST_POSITIVE,False
119.0,0.02938617771922007,0.025486941256684627,0.03341324920111364,ROBUST_POSITIVE,False
120.0,0.05193244071067955,0.046339626918387625,0.05751115540739622,ROBUST_POSITIVE,False
121.0,0.03485385157010685,0.030241310252688693,0.03962136609349634,ROBUST_POSITIVE,False
122.0,0.022916870838405365,0.01834774762460006,0.027900722010563827,ROBUST_POSITIVE,False
123.0,0.03876362388857194,0.03376693827722674,0.04385770219668788,ROBUST_POSITIVE,False
124.0,0.043115510201328526,0.03809042489801138,0.0483370738088708,ROBUST_POSITIVE,False
125.0,0.023185778421327134,0.017243192407083687,0.02944165739203565,ROBUST_POSITIVE,False
126.0,-0.0007678466835688883,-0.0042419618402540805,0.0028806655323148156,UNRESOLVED_REVERSAL,True
127.0,0.01538612643812712,0.010672246506991225,0.020277136696294374,ROBUST_POSITIVE,False
128.0,0.051798826093004804,0.04412469661492878,0.05947529440989624,ROBUST_POSITIVE,False
129.0,0.021061140379242116,0.017303786627706187,0.025159881647502654,ROBUST_POSITIVE,False
130.0,0.03287689298651407,0.028897953195126173,0.03679002413850846,ROBUST_POSITIVE,False
131.0,0.04217736612549588,0.03710014648449912,0.047136298474743724,ROBUST_POSITIVE,False
132.0,0.013448429085903648,0.009229250632054578,0.018235347921522954,ROBUST_POSITIVE,False
133.0,0.03725757069083238,0.031846232262680435,0.042760460845522666,ROBUST_POSITIVE,False
134.0,0.0350862370159182,0.028283294736770104,0.04194908997836115,ROBUST_POSITIVE,False
135.0,0.01799264065392159,0.014983755232616386,0.02102873116908566,ROBUST_POSITIVE,False
136.0,0.021262866185631425,0.015256276740107981,0.02740672756587924,ROBUST_POSITIVE,False
137.0,0.005733365679619302,0.0024362749985238795,0.009463647803157177,ROBUST_POSITIVE,True
138.0,0.01306105393379511,0.010019806065208385,0.016255946705878384,ROBUST_POSITIVE,False
139.0,0.038561912939274606,0.03329745415387753,0.04384315877996779,ROBUST_POSITIVE,False
140.0,0.012404774139393662,0.007838447058123412,0.017286997174515626,ROBUST_POSITIVE,False
141.0,0.020923218059364687,0.018468221216108867,0.02350614930749654,ROBUST_POSITIVE,False
142.0,0.016734854073466317,0.011692180099647821,0.0219804655158603,ROBUST_POSITIVE,False
143.0,0.03217641612588276,0.026017838189866895,0.03837576982627218,ROBUST_POSITIVE,False
144.0,0.03489053041645202,0.027523077171916963,0.042476823045607945,ROBUST_POSITIVE,False
145.0,0.011442909288027055,0.007200985213222354,0.01593220223793417,ROBUST_POSITIVE,False
146.0,0.05564595457337584,0.04927488009455557,0.06176739941726401,ROBUST_POSITIVE,False
147.0,0.023489877787003562,0.019890253370749265,0.027216852009961393,ROBUST_POSITIVE,False
148.0,0.028900709788395113,0.02470247478160618,0.03325388775249531,ROBUST_POSITIVE,False
149.0,0.033572901928147374,0.029915149919841327,0.03730072111079003,ROBUST_POSITIVE,False
150.0,0.03291106798556917,0.027617551489964552,0.03829778290646945,ROBUST_POSITIVE,False
151.0,0.03688058239954062,0.029940177352259602,0.04400242588919429,ROBUST_POSITIVE,False
152.0,-0.0017392188824286803,-0.005443488507261631,0.002358438785808562,UNRESOLVED_REVERSAL,True
153.0,0.01654837143653722,0.013251398829907383,0.020178195023579728,ROBUST_POSITIVE,False
154.0,0.044718316985653074,0.038980832039736936,0.05051896821017437,ROBUST_POSITIVE,False
155.0,0.022909927996059207,0.019245684670477957,0.026821388125103426,ROBUST_POSITIVE,False
156.0,0.02797159044269313,0.022873837884084102,0.03337509035817483,ROBUST_POSITIVE,False
157.0,0.02854600451953299,0.024810232862255425,0.03232345806690549,ROBUST_POSITIVE,False
158.0,0.04607014223295831,0.04049202480253606,0.05155985494565881,ROBUST_POSITIVE,False
159.0,0.04398033522973732,0.036512057544051964,0.05146374649974327,ROBUST_POSITIVE,False
160.0,0.028090579660324064,0.024024350406301798,0.0321349240300047,ROBUST_POSITIVE,False
161.0,0.03728162912009911,0.03132608012506078,0.04330938729500434,ROBUST_POSITIVE,False
162.0,0.043612421977539034,0.0374628308335778,0.04994114525912711,ROBUST_POSITIVE,False
163.0,0.032057601076830984,0.027145093456154734,0.03704978742219741,ROBUST_POSITIVE,False
164.0,0.012231496267954193,0.00847481035747908,0.016462968311926937,ROBUST_POSITIVE,False
165.0,0.029185152644204723,0.023442729798275018,0.03491585229549381,ROBUST_POSITIVE,False
166.0,0.041250099280900496,0.03591813346939157,0.04667921684031839,ROBUST_POSITIVE,False
167.0,0.010248473389316958,0.006044947960501761,0.0146225735084313,ROBUST_POSITIVE,False
168.0,0.024157128842316692,0.02012016312906988,0.028259601855346015,ROBUST_POSITIVE,False
169.0,0.03442170584717304,0.027707229714981862,0.04100312009475985,ROBUST_POSITIVE,False
170.0,0.01178968336891782,0.007626507913835416,0.01629474843211964,ROBUST_POSITIVE,False
171.0,0.04321049374899679,0.03739233744321708,0.048885090648088055,ROBUST_POSITIVE,False
172.0,0.03256963506562633,0.02690116419723476,0.03818620213052344,ROBUST_POSITIVE,False
173.0,0.015585824737068927,0.01076205009779447,0.020586187211342737,ROBUST_POSITIVE,False
174.0,0.03056939008118864,0.026429292679676003,0.03474746173848704,ROBUST_POSITIVE,False
175.0,0.009555829684092234,0.0051458072374181716,0.01447086190022479,ROBUST_POSITIVE,False
176.0,0.028614906102010663,0.02379914312020902,0.0335243089991083,ROBUST_POSITIVE,False
177.0,0.025405956994206964,0.022021993688299255,0.029169848853808304,ROBUST_POSITIVE,False
178.0,0.012567338696744337,0.009681450927827158,0.01570066102895012,ROBUST_POSITIVE,False
179.0,0.04539772408282429,0.04006428042218429,0.05077114490547035,ROBUST_POSITIVE,False
180.0,0.03126237690310453,0.026334792982988055,0.03607403027523259,ROBUST_POSITIVE,False
181.0,0.014922056632501702,0.012210496465276032,0.01761993679882743,ROBUST_POSITIVE,False
182.0,0.03367878797492097,0.02899274134122491,0.038439587527911545,ROBUST_POSITIVE,False
183.0,0.03456057365839305,0.03002839882844956,0.039099225645222085,ROBUST_POSITIVE,False
184.0,-0.0024138731898853817,-0.006513590429578608,0.0018160035083592029,UNRESOLVED_REVERSAL,True
185.0,0.02353770533995836,0.020418546243765368,0.026799719017319878,ROBUST_POSITIVE,False
186.0,0.03630665223115069,0.03154765372973644,0.04096810521101337,ROBUST_POSITIVE,False
187.0,0.03370618676135998,0.029622038488790477,0.037908213252344614,ROBUST_POSITIVE,False
188.0,0.028146017168995827,0.023557037660143516,0.0327674827396292,ROBUST_POSITIVE,False
189.0,0.03764402043725135,0.03231933274873045,0.04299581397435446,ROBUST_POSITIVE,False
190.0,0.025122926601521593,0.02019690999270437,0.030130510050910105,ROBUST_POSITIVE,False
191.0,0.040556344856372835,0.03380360660669081,0.04720557795444046,ROBUST_POSITIVE,False
192.0,0.03881008113606144,0.03235327497431517,0.04510460473642579,ROBUST_POSITIVE,False
193.0,0.042841608408340504,0.036494550661431584,0.048962491611801405,ROBUST_POSITIVE,False
194.0,0.01999613940505938,0.016053002231257656,0.024087824162700784,ROBUST_POSITIVE,False
195.0,0.04248876255001761,0.036542929269635566,0.04856003882103359,ROBUST_POSITIVE,False
196.0,0.03870187789985277,0.03251015216480684,0.04480559571759817,ROBUST_POSITIVE,False
197.0,0.02105608761785542,0.01687308802644511,0.025455813296336293,ROBUST_POSITIVE,False
198.0,0.030539609268913425,0.025734572510379156,0.0351880953702604,ROBUST_POSITIVE,False
199.0,0.0230968204984297,0.019609431744295514,0.026658776934217292,ROBUST_POSITIVE,False
200.0,-7.902467908830387e-05,-0.0040041697620395705,0.00418329993721485,UNRESOLVED_REVERSAL,True
201.0,0.02180201191599541,0.018166267886259527,0.025794917865126252,ROBUST_POSITIVE,False
202.0,0.006879382976732763,0.002591417940331642,0.011174578238815281,ROBUST_POSITIVE,True
203.0,0.006470062687966528,0.0034067697316678626,0.009774724376525153,ROBUST_POSITIVE,True
204.0,0.029722600908573763,0.024037540997777333,0.0354626672908235,ROBUST_POSITIVE,False
205.0,0.01445875709285708,0.010153122606335335,0.01890303168919604,ROBUST_POSITIVE,False
206.0,0.022997825037431346,0.018614938825723692,0.027693354607301646,ROBUST_POSITIVE,False
207.0,0.0011257530514044883,-0.002444656340516061,0.005088720442933681,POSITIVE_UNRESOLVED,True
208.0,0.040480872946288854,0.03428380473425041,0.04665033722460162,ROBUST_POSITIVE,False
209.0,0.024618158217830272,0.02131737122665272,0.028049207259810537,ROBUST_POSITIVE,False
210.0,0.036185092980838475,0.03172145181365793,0.040621421710913264,ROBUST_POSITIVE,False
211.0,0.009209331016501772,0.006297461907804349,0.012356354600888702,ROBUST_POSITIVE,False
212.0,0.035085339058864254,0.028764606060371616,0.041375924829738286,ROBUST_POSITIVE,False
213.0,0.0428455915549426,0.037240929379217,0.048322528516748516,ROBUST_POSITIVE,False
214.0,0.04097708187126145,0.03429517608229865,0.047379359554655755,ROBUST_POSITIVE,False
215.0,0.045008882541952254,0.037826841676668756,0.05228791857839824,ROBUST_POSITIVE,False
216.0,0.024983962755362663,0.02033954297569315,0.029865568072634196,ROBUST_POSITIVE,False
217.0,0.01993685147049713,0.016518821097669927,0.02362304165589946,ROBUST_POSITIVE,False
218.0,0.047346415452381475,0.042050065477591166,0.05272994176098769,ROBUST_POSITIVE,False
219.0,0.03967907939206079,0.033446572894356215,0.04582894639641511,ROBUST_POSITIVE,False
220.0,0.04329020789896966,0.036181355879830325,0.05055300258560239,ROBUST_POSITIVE,False
221.0,0.03997636012649883,0.03492262649847301,0.04521923305308436,ROBUST_POSITIVE,False
222.0,0.03217398885700709,0.024804169953819045,0.039651402926778705,ROBUST_POSITIVE,False
223.0,0.013343131662893757,0.010181013322223709,0.016546356585710183,ROBUST_POSITIVE,False
224.0,0.020057080628754404,0.014678165669460504,0.025640403950704046,ROBUST_POSITIVE,False
225.0,0.029612790475452136,0.02452305419635688,0.03481122546561655,ROBUST_POSITIVE,False
226.0,0.024516324509932005,0.02055769614680198,0.028662524233500113,ROBUST_POSITIVE,False
227.0,0.035005441046942025,0.029130772172028904,0.04076543911239373,ROBUST_POSITIVE,False
228.0,0.04513952194103878,0.040153810680382,0.050045179828754824,ROBUST_POSITIVE,False
229.0,0.021471149307126722,0.01695754100289702,0.026279678035969162,ROBUST_POSITIVE,False
230.0,0.04107584885417339,0.03468791362051565,0.04734101175236617,ROBUST_POSITIVE,False
231.0,0.03423067642248485,0.02907243257355592,0.03939573235844838,ROBUST_POSITIVE,False
232.0,0.04842748995776124,0.04239342262878218,0.05435949270796632,ROBUST_POSITIVE,False
233.0,0.022804992493132406,0.019509139521786196,0.026188171364274135,ROBUST_POSITIVE,False
234.0,0.016670366214385068,0.011862995870838377,0.021833219011398262,ROBUST_POSITIVE,False
235.0,0.01943625892452318,0.016405658612516652,0.022542549015587023,ROBUST_POSITIVE,False
236.0,-0.0018476927574151865,-0.005474155313925181,0.0020966349520561397,UNRESOLVED_REVERSAL,True
237.0,0.043124672785188604,0.037260463719403863,0.04917064094393827,ROBUST_POSITIVE,False
238.0,0.041561107797029866,0.034361372830797515,0.048427145458316674,ROBUST_POSITIVE,False
239.0,0.03410826079838461,0.02769204973889972,0.04074699322665936,ROBUST_POSITIVE,False
240.0,0.013491438276013061,0.010462466393234069,0.016727030585834298,ROBUST_POSITIVE,False
241.0,0.03479935437306048,0.0285933561499866,0.040930084151106744,ROBUST_POSITIVE,False
242.0,0.0390873295922006,0.03272497007615732,0.04518277480438779,ROBUST_POSITIVE,False
243.0,0.006334867136051358,0.0032699555369273513,0.00964886932651518,ROBUST_POSITIVE,True
244.0,0.01279573810107591,0.007932519117614159,0.01802534491508047,ROBUST_POSITIVE,False
245.0,0.02509163517693176,0.02140621611668899,0.02890832484847248,ROBUST_POSITIVE,False
246.0,0.028972001321514007,0.02313570940480593,0.03482824152130375,ROBUST_POSITIVE,False
247.0,0.01269547780298136,0.00880200778853989,0.01660969909868054,ROBUST_POSITIVE,False
248.0,0.013874139757194696,0.010736451271229937,0.017451262743011547,ROBUST_POSITIVE,False
249.0,0.012023472784863274,0.008288742080632135,0.016159772606268746,ROBUST_POSITIVE,False
250.0,0.037772384803915655,0.03297884510785197,0.04271967446604487,ROBUST_POSITIVE,False
251.0,0.038259579940173004,0.03197152062753928,0.04412943132861035,ROBUST_POSITIVE,False
252.0,0.044638627566804014,0.039096978822780105,0.0503708160427602,ROBUST_POSITIVE,False
253.0,0.019142725125880587,0.015382107638368808,0.02318866919270983,ROBUST_POSITIVE,False
254.0,0.04367147160604621,0.03750870235824434,0.04975979479649207,ROBUST_POSITIVE,False
255.0,0.025449119309616637,0.02190429069871757,0.028972874440715536,ROBUST_POSITIVE,False
256.0,0.030010489893986993,0.02448083033793588,0.03552105977141724,ROBUST_POSITIVE,False
257.0,0.03183855879775075,0.026187099177481566,0.03751639382383685,ROBUST_POSITIVE,False
258.0,0.054611370941878574,0.04822577712450728,0.0608609118870367,ROBUST_POSITIVE,False
259.0,0.013221099550334015,0.009699400835374534,0.01723398986443832,ROBUST_POSITIVE,False
260.0,0.036307811044187975,0.029150676813695563,0.043452301540975055,ROBUST_POSITIVE,False
261.0,0.033779475460824264,0.029300600411389557,0.0382617612840933,ROBUST_POSITIVE,False
262.0,0.01422653728817022,0.011313978731973305,0.017450061344768338,ROBUST_POSITIVE,False
263.0,0.03382902687159431,0.02973827836125745,0.03816983205725469,ROBUST_POSITIVE,False
264.0,0.020193950758704608,0.016983553819388132,0.023624131168740944,ROBUST_POSITIVE,False
265.0,0.033098716321332565,0.027031846533554144,0.03915247570539815,ROBUST_POSITIVE,False
266.0,0.0440936112747472,0.03806151869345899,0.05026074656651694,ROBUST_POSITIVE,False
267.0,0.024113476055825214,0.020448334347672226,0.027980052653783793,ROBUST_POSITIVE,False
268.0,0.02287411864721235,0.01938278623703267,0.02654191626045926,ROBUST_POSITIVE,False
269.0,0.05456375400022984,0.04644534599825029,0.06267510975591023,ROBUST_POSITIVE,False
270.0,0.04886314484199592,0.04236695469116023,0.055406128310761735,ROBUST_POSITIVE,False
271.0,0.03131746931902341,0.02710380833331131,0.03557979822357329,ROBUST_POSITIVE,False
272.0,0.042290268930700134,0.03711978152926672,0.04763903562721403,ROBUST_POSITIVE,False
273.0,0.04795465477069998,0.04292977738802826,0.052896031272585235,ROBUST_POSITIVE,False
274.0,0.02890658109848526,0.024921010986810956,0.033047189818092036,ROBUST_POSITIVE,False
275.0,0.04395725049698749,0.03861303805981154,0.04940224822901357,ROBUST_POSITIVE,False
276.0,0.040955925665634024,0.03499103029293198,0.04681925799948516,ROBUST_POSITIVE,False
277.0,0.013818969650949187,0.009410235369777076,0.018324045471967938,ROBUST_POSITIVE,False
278.0,0.04529567300514597,0.03950633073159242,0.051109817846570614,ROBUST_POSITIVE,False
279.0,0.02237437105140059,0.019085931100221856,0.02589403338526075,ROBUST_POSITIVE,False
280.0,0.01842768249409652,0.012923886648956788,0.024367038575113117,ROBUST_POSITIVE,False
281.0,0.036109911874961716,0.029249186514384774,0.04306662521367132,ROBUST_POSITIVE,False
282.0,0.02438032809054342,0.02065944516205876,0.028290574426724047,ROBUST_POSITIVE,False
283.0,0.0475874388811282,0.0415155332083834,0.053666296279255635,ROBUST_POSITIVE,False
284.0,0.024923374224915442,0.0216238837097927,0.028451145998710372,ROBUST_POSITIVE,False
285.0,0.047692348503284854,0.04085741493571371,0.05428722769782515,ROBUST_POSITIVE,False
286.0,0.03265778890382761,0.028279379034623048,0.03717883718695122,ROBUST_POSITIVE,False
287.0,0.019700198391889957,0.016791322746753132,0.022826655296335752,ROBUST_POSITIVE,False
288.0,0.05868549228598162,0.052022135804283456,0.06513901869522572,ROBUST_POSITIVE,False
289.0,0.0296155433858597,0.02425916946699546,0.0352027079365579,ROBUST_POSITIVE,False
290.0,0.03350880646951003,0.028952083641267654,0.03825421907278125,ROBUST_POSITIVE,False
291.0,0.02525140065715785,0.021845654212415102,0.028983598362134756,ROBUST_POSITIVE,False
292.0,0.04179754835196921,0.03607695318896275,0.047606903227733366,ROBUST_POSITIVE,False
293.0,0.016852517360213475,0.012004297082133424,0.021803993787952353,ROBUST_POSITIVE,False
294.0,0.03961182125556409,0.03368438087799203,0.04563047150530569,ROBUST_POSITIVE,False
295.0,0.008859483315602056,0.005608207174915043,0.012382765732754921,ROBUST_POSITIVE,False
296.0,0.01795712678154954,0.012035548011034113,0.024199309192572772,ROBUST_POSITIVE,False
297.0,0.04637527930158123,0.04016817137294391,0.05273809610458486,ROBUST_POSITIVE,False
298.0,0.019927744597368378,0.016104385082133292,0.023926659475833202,ROBUST_POSITIVE,False
299.0,0.00385713565999047,1.7557554003413435e-05,0.007823393872525536,ROBUST_POSITIVE,True
300.0,0.022185347844941763,0.017989107113636733,0.026645499160671868,ROBUST_POSITIVE,False
301.0,0.02449875192613624,0.01896190216319148,0.03018909225171359,ROBUST_POSITIVE,False
302.0,0.038274323553883806,0.0328614792890252,0.04370058865785117,ROBUST_POSITIVE,False
303.0,0.03586792798957701,0.031890302527991576,0.03987676896913274,ROBUST_POSITIVE,False
304.0,0.013819047423478796,0.011103374696914152,0.0168038020983793,ROBUST_POSITIVE,False
305.0,0.021755879342787363,0.01786957674163516,0.025904537835854426,ROBUST_POSITIVE,False
306.0,0.03941865344434896,0.032657620312137065,0.046231923834077544,ROBUST_POSITIVE,False
307.0,0.03158095226577482,0.024590053022941233,0.03842041705404477,ROBUST_POSITIVE,False
308.0,0.04585027910260611,0.039314805774173726,0.05238846025934472,ROBUST_POSITIVE,False
309.0,0.031001779978605686,0.024405537698917245,0.03766819681718401,ROBUST_POSITIVE,False
310.0,0.04302293985489438,0.037516431856352304,0.04864576505845847,ROBUST_POSITIVE,False
311.0,0.03773064197070556,0.03050951102795086,0.045258573159469295,ROBUST_POSITIVE,False
312.0,0.010961874982043407,0.0065383546822752,0.015623797688162886,ROBUST_POSITIVE,False
313.0,0.03805034867132695,0.031694090161625395,0.04451415523772648,ROBUST_POSITIVE,False
314.0,0.04580156406876311,0.038814979507914245,0.052717148986172586,ROBUST_POSITIVE,False
315.0,0.030732405845270337,0.027162918714173496,0.03434522401508588,ROBUST_POSITIVE,False
316.0,0.018206816976296773,0.014833188340274585,0.021851128853191765,ROBUST_POSITIVE,False
317.0,0.03686008757365495,0.032022329169258554,0.041714860771870706,ROBUST_POSITIVE,False
318.0,0.04691237953661843,0.04043327791166712,0.0530478462243994,ROBUST_POSITIVE,False
319.0,0.020319037395331186,0.016527310686480858,0.024372370035401044,ROBUST_POSITIVE,False
320.0,0.04274914539549543,0.03719123826073974,0.048178055942979574,ROBUST_POSITIVE,False
321.0,0.02814388263254962,0.024513617857717357,0.03204496761376935,ROBUST_POSITIVE,False
322.0,0.04730160430604203,0.042302539940397205,0.052052372322426856,ROBUST_POSITIVE,False
323.0,0.032393357052919264,0.02672878700539847,0.03815736446871299,ROBUST_POSITIVE,False
324.0,0.03835988422784742,0.03167772467437199,0.04503527022710077,ROBUST_POSITIVE,False
325.0,0.03846605488559417,0.03423726955409799,0.042841331509891396,ROBUST_POSITIVE,False
326.0,0.03689443408525309,0.03194659183104648,0.041927786453619026,ROBUST_POSITIVE,False
327.0,0.03693539440130997,0.030102437417665006,0.04359333281229136,ROBUST_POSITIVE,False
328.0,0.038271854962731285,0.031539263745622104,0.045362552710185786,ROBUST_POSITIVE,False
329.0,0.03255883518723083,0.027871879304701815,0.0373422491554179,ROBUST_POSITIVE,False
330.0,0.025376971571561758,0.01842838847725824,0.03252842259588769,ROBUST_POSITIVE,False
331.0,0.039439336279437236,0.03379911638690509,0.04513598376158222,ROBUST_POSITIVE,False
332.0,0.008291396794743887,0.00485718186088101,0.012066575752916428,ROBUST_POSITIVE,False
333.0,0.021992070235227878,0.018209725959491416,0.02587786565553157,ROBUST_POSITIVE,False
334.0,0.026711211204487464,0.021829437794908934,0.03160728748192714,ROBUST_POSITIVE,False
335.0,0.02555116178618859,0.02279416356012128,0.02843081022935436,ROBUST_POSITIVE,False
336.0,0.025837464856478483,0.01861663951226877,0.03330287688261069,ROBUST_POSITIVE,False
337.0,0.02536592487994,0.019559651489048657,0.031377367534203914,ROBUST_POSITIVE,False
338.0,0.04362195578780501,0.038395125672037886,0.04893015768632696,ROBUST_POSITIVE,False
339.0,-0.0060932775482784975,-0.009841225654490176,-0.002149885832993623,ROBUST_REVERSAL,True
340.0,0.037065797723093055,0.0322045816258801,0.04196348366533847,ROBUST_POSITIVE,False
341.0,0.04133379621954321,0.03504802534801499,0.047598969258836984,ROBUST_POSITIVE,False
342.0,0.015499402500443151,0.011380544718083016,0.019806635248013325,ROBUST_POSITIVE,False
343.0,0.01902072264174526,0.01619526533717642,0.022081715436703807,ROBUST_POSITIVE,False
344.0,0.03999864222806977,0.03355704792464995,0.046353483396830715,ROBUST_POSITIVE,False
345.0,0.03789737522909866,0.030764314370459817,0.044950112262852636,ROBUST_POSITIVE,False
346.0,0.0390276964933763,0.03376628811151109,0.04418913540288963,ROBUST_POSITIVE,False
347.0,0.04618181053272123,0.04021750480569686,0.05185505986431422,ROBUST_POSITIVE,False
348.0,0.03307331794910557,0.02869412756623331,0.03759117565316033,ROBUST_POSITIVE,False
349.0,0.010252668709072646,0.0068064045650145484,0.013856640090549727,ROBUST_POSITIVE,False
350.0,0.04495540379523897,0.039265975645438544,0.05065456618008188,ROBUST_POSITIVE,False
351.0,0.031971435110010514,0.027827058008461646,0.03621222018805094,ROBUST_POSITIVE,False
352.0,0.022761636907333998,0.020005719322466833,0.02566684843421176,ROBUST_POSITIVE,False
353.0,0.018039692072250802,0.013131947739477502,0.023156669548066524,ROBUST_POSITIVE,False
354.0,0.027715590703025636,0.02304154626522509,0.03233410444488558,ROBUST_POSITIVE,False
355.0,0.011113782901448349,0.007286870478754429,0.01530854013435197,ROBUST_POSITIVE,False
356.0,0.01718680790644302,0.013688332762455076,0.020973712661572844,ROBUST_POSITIVE,False
357.0,0.02416125318526536,0.021179919846137492,0.02727528985891843,ROBUST_POSITIVE,False
358.0,0.03940739152436613,0.03511508885219953,0.043750565620502856,ROBUST_POSITIVE,False
359.0,0.02400959956187158,0.01966654524877329,0.02862274249792545,ROBUST_POSITIVE,False
360.0,0.023784894006829385,0.01896143197665651,0.028764645055703017,ROBUST_POSITIVE,False
361.0,0.02824352664200031,0.02157699737576776,0.03518239005512939,ROBUST_POSITIVE,False
362.0,0.043213173744576325,0.03752583451880398,0.04879775575630037,ROBUST_POSITIVE,False
363.0,0.017567362147246104,0.014818509026735356,0.020447215874949017,ROBUST_POSITIVE,False
364.0,0.03532365457039514,0.030967724058068455,0.03981074564579216,ROBUST_POSITIVE,False
365.0,0.031116955440420226,0.02727236657104208,0.03506385770635944,ROBUST_POSITIVE,False
366.0,0.02112797721418282,0.018068122102652726,0.024385163318790853,ROBUST_POSITIVE,False
367.0,0.0198875413826782,0.016406658233573384,0.023535093680853374,ROBUST_POSITIVE,False
368.0,0.05041732657373135,0.04406775314332259,0.05664455701067808,ROBUST_POSITIVE,False
369.0,0.030079492654886585,0.024667483599219237,0.035414275021868315,ROBUST_POSITIVE,False
370.0,0.009894776685857531,0.00707892718314414,0.01296003613359137,ROBUST_POSITIVE,False
371.0,0.011119370510891183,0.007373283586874641,0.015022216660553764,ROBUST_POSITIVE,False
372.0,0.04667246846152675,0.04061110330864372,0.05267578827292883,ROBUST_POSITIVE,False
373.0,0.044663677372739,0.03754082464775761,0.05152898599422237,ROBUST_POSITIVE,False
374.0,0.0396296776068901,0.034304611458434206,0.045063033326766165,ROBUST_POSITIVE,False
375.0,0.0396533424538609,0.03406829911605093,0.045151569798950617,ROBUST_POSITIVE,False
376.0,0.02427706714607456,0.020667702129806596,0.027892803285058058,ROBUST_POSITIVE,False
377.0,0.037960256289148155,0.033748524802060614,0.04241905521787252,ROBUST_POSITIVE,False
378.0,0.02462227645845271,0.020247052415518343,0.029271856173197847,ROBUST_POSITIVE,False
379.0,0.036741684398658166,0.030519032601662607,0.043028001235132694,ROBUST_POSITIVE,False
380.0,0.025600232112875952,0.022021810751995,0.02922932524602765,ROBUST_POSITIVE,False
381.0,0.035278318607724755,0.029112262831648607,0.041328437618640086,ROBUST_POSITIVE,False
382.0,0.037938486176234826,0.03323365257783849,0.04250383914636526,ROBUST_POSITIVE,False
383.0,0.03833701603138814,0.03427629461039127,0.04255469123282443,ROBUST_POSITIVE,False
384.0,0.034807397754632576,0.029714661920740272,0.040026773324111906,ROBUST_POSITIVE,False
385.0,0.03769474857972847,0.030553905372954885,0.04503482401042344,ROBUST_POSITIVE,False
386.0,0.04372094270889923,0.03896061926792992,0.04865475269676198,ROBUST_POSITIVE,False
387.0,0.01763980977305846,0.014059201075476497,0.021543562416472425,ROBUST_POSITIVE,False
388.0,0.025752923512947994,0.02309241028716983,0.028383557407461065,ROBUST_POSITIVE,False
389.0,0.03658217909790563,0.02981589357136469,0.04354162033997956,ROBUST_POSITIVE,False
390.0,0.042637890421002925,0.03716113654127432,0.04804001030782338,ROBUST_POSITIVE,False
391.0,0.022787766478380135,0.01992552357517035,0.02580333364031707,ROBUST_POSITIVE,False
392.0,0.018910981279576782,0.014142512787809765,0.02400879827300705,ROBUST_POSITIVE,False
393.0,0.03667232514658268,0.03248148793058584,0.040756892720270846,ROBUST_POSITIVE,False
394.0,0.031288221963589644,0.027083822040614245,0.03559184699311492,ROBUST_POSITIVE,False
395.0,0.0343461189595659,0.029304262085244,0.03938228440579727,ROBUST_POSITIVE,False
396.0,0.016579831800031544,0.012123050691334137,0.02119130561990348,ROBUST_POSITIVE,False
397.0,0.032682205657628964,0.02589543571391218,0.03955923154279579,ROBUST_POSITIVE,False
398.0,0.017951327139926,0.015179865975112818,0.02093406966055938,ROBUST_POSITIVE,False
399.0,0.018397565840353174,0.013784319516339027,0.02333939201539892,ROBUST_POSITIVE,False
400.0,0.016021779943018802,0.011725869538987242,0.02042832092577798,ROBUST_POSITIVE,False
401.0,0.029573783149328955,0.025170563607976475,0.03420970495042739,ROBUST_POSITIVE,False
402.0,0.04948421832273864,0.04367722638793369,0.055013663423701537,ROBUST_POSITIVE,False
403.0,0.02616257847935515,0.02211697386865785,0.030286015998874382,ROBUST_POSITIVE,False
404.0,0.039387861015166954,0.03280877741738772,0.04607319632764177,ROBUST_POSITIVE,False
405.0,0.05155789546931099,0.0448596874014696,0.05791206600179113,ROBUST_POSITIVE,False
406.0,0.022949056072620662,0.0168283049790993,0.029261755212103644,ROBUST_POSITIVE,False
407.0,0.018341752712404843,0.014914540470143888,0.02187922445466398,ROBUST_POSITIVE,False
408.0,0.032222124477401026,0.025343724009757228,0.038981286566718044,ROBUST_POSITIVE,False
409.0,0.047186611545653866,0.04063041844626361,0.05348275322726397,ROBUST_POSITIVE,False
410.0,0.02864700184708968,0.02149804677538762,0.035756283457470374,ROBUST_POSITIVE,False
411.0,0.0012106191323817443,-0.0023633730357532456,0.005180419048038835,POSITIVE_UNRESOLVED,True
412.0,0.017717183149598362,0.015011269811700643,0.020536983119705428,ROBUST_POSITIVE,False
413.0,0.04332341724140974,0.03636620138038989,0.05012172623401607,ROBUST_POSITIVE,False
414.0,0.03946374345613513,0.03442645064168956,0.0444567543721667,ROBUST_POSITIVE,False
415.0,0.037262398930266304,0.03299506723693016,0.041693423796798586,ROBUST_POSITIVE,False
416.0,0.00937684784169948,0.006081592587994506,0.012984989996875342,ROBUST_POSITIVE,False
417.0,0.013456193998553393,0.009531022160438144,0.01745828818954516,ROBUST_POSITIVE,False
418.0,0.040356665638521944,0.035348677487886594,0.04524463487471401,ROBUST_POSITIVE,False
419.0,0.01272650087633431,0.008762824547794335,0.017164708498188075,ROBUST_POSITIVE,False
420.0,0.03484590601596,0.030737333529483938,0.039005780208290305,ROBUST_POSITIVE,False
421.0,0.032396382321578834,0.02843731830288436,0.036495309933787516,ROBUST_POSITIVE,False
422.0,0.040938455847337324,0.03498282172617708,0.0470698035691294,ROBUST_POSITIVE,False
423.0,0.04278225599282714,0.03685412169323567,0.04866821112705456,ROBUST_POSITIVE,False
424.0,0.047031784023402814,0.04137726461421818,0.052849386755451214,ROBUST_POSITIVE,False
425.0,0.022991062636451877,0.018658200376125218,0.027537790742473745,ROBUST_POSITIVE,False
426.0,0.03936411288642967,0.03285274846617038,0.04599467723657797,ROBUST_POSITIVE,False
427.0,0.03375841200814511,0.028805523627846722,0.03884216063234815,ROBUST_POSITIVE,False
428.0,0.011717477782367956,0.007063338194949941,0.016867520998553584,ROBUST_POSITIVE,False
429.0,0.02212654380016922,0.015362089621365562,0.029324761131121382,ROBUST_POSITIVE,False
430.0,0.050963336289800626,0.044356864590912384,0.05724988020035728,ROBUST_POSITIVE,False
431.0,0.020085391650283804,0.015400367949281438,0.02518990823076425,ROBUST_POSITIVE,False
432.0,0.022905940849259263,0.019760641723577953,0.0262609532618429,ROBUST_POSITIVE,False
433.0,0.01861116769541275,0.015055064127363701,0.022223073513231356,ROBUST_POSITIVE,False
434.0,0.008250671663460428,0.003948534766427236,0.01272395798503055,ROBUST_POSITIVE,False
435.0,0.013768823291366064,0.009829546330765555,0.017868688901347133,ROBUST_POSITIVE,False
436.0,0.04225098633170291,0.03602272352638766,0.048506070486901344,ROBUST_POSITIVE,False
437.0,0.04932516854383662,0.04210911868307413,0.05620243136671614,ROBUST_POSITIVE,False
438.0,0.030742070728058613,0.024531620003596735,0.03699674114698273,ROBUST_POSITIVE,False
439.0,0.04031273529562795,0.03599416548279173,0.04466805835248569,ROBUST_POSITIVE,False
440.0,0.016269905351047904,0.012465540098052806,0.02042576715797191,ROBUST_POSITIVE,False
441.0,0.030874786894980265,0.024538934348247887,0.03714537503519787,ROBUST_POSITIVE,False
442.0,0.02597742509646068,0.022798355690695608,0.02932461358843194,ROBUST_POSITIVE,False
443.0,-0.00012295921838817957,-0.003899630665307349,0.003828816061139514,UNRESOLVED_REVERSAL,True
444.0,0.01046212941231239,0.006801593557634673,0.01454357780481806,ROBUST_POSITIVE,False
445.0,0.02819657935659425,0.023312143283576066,0.03325470020214948,ROBUST_POSITIVE,False
446.0,0.02706495670486955,0.022492569674754135,0.031872519982994583,ROBUST_POSITIVE,False
447.0,0.03971439556804914,0.03285656777040705,0.04675981337239862,ROBUST_POSITIVE,False
448.0,0.05234255756893021,0.046823778497478014,0.05782703447277177,ROBUST_POSITIVE,False
449.0,0.009770822244370366,0.006344120200730602,0.013299662257956844,ROBUST_POSITIVE,False
450.0,0.010940414959972259,0.005717298792748075,0.016393028373503118,ROBUST_POSITIVE,False
451.0,0.025826213960002196,0.019517440392707388,0.032261697186071574,ROBUST_POSITIVE,False
452.0,0.03203743679160363,0.027197748712376704,0.03701151609596206,ROBUST_POSITIVE,False
453.0,0.041002908114334734,0.03633917082224241,0.045815649867775164,ROBUST_POSITIVE,False
454.0,0.04012147672434912,0.033182320105495745,0.04679946598331088,ROBUST_POSITIVE,False
455.0,0.052735245765391466,0.04641273143522691,0.05866301233951949,ROBUST_POSITIVE,False
456.0,0.029638928040237777,0.024867979776283907,0.034500009645125784,ROBUST_POSITIVE,False
457.0,0.02001809303101949,0.015499449332660543,0.024842226387793234,ROBUST_POSITIVE,False
458.0,0.01693400226442718,0.013983397503482358,0.020149628851393687,ROBUST_POSITIVE,False
459.0,0.023760773814550527,0.019249210218397598,0.028461039012132525,ROBUST_POSITIVE,False
460.0,0.016007451472628855,0.012460758127579944,0.019922881700106226,ROBUST_POSITIVE,False
461.0,0.00513573175429996,0.0019562793337597703,0.008486766932264035,ROBUST_POSITIVE,True
462.0,0.013642666051114156,0.009158809406556528,0.0184033469899793,ROBUST_POSITIVE,False
463.0,0.04153904311548093,0.03575243023972312,0.04728065859851211,ROBUST_POSITIVE,False
464.0,0.04938259378767272,0.04338363040549354,0.0551695571843998,ROBUST_POSITIVE,False
465.0,0.004830646592852183,0.0005753749030838937,0.009546527879568324,ROBUST_POSITIVE,True
466.0,0.04356029282354159,0.03778605677001864,0.04904499665664729,ROBUST_POSITIVE,False
467.0,0.023525989770347432,0.019952603714579784,0.027367665268582857,ROBUST_POSITIVE,False
468.0,0.003469763268615285,-0.0008558251440457793,0.00817958991294505,POSITIVE_UNRESOLVED,True
469.0,0.0037218323185767566,-0.000302576040510442,0.008022411464603713,POSITIVE_UNRESOLVED,True
470.0,0.03389884150824948,0.02936132953962137,0.038375247812407844,ROBUST_POSITIVE,False
471.0,0.03755130130007434,0.03333343710245837,0.041669954149645326,ROBUST_POSITIVE,False
472.0,0.046697486785950884,0.04039236736675716,0.052906584679039234,ROBUST_POSITIVE,False
473.0,0.05358763251828595,0.04762211383245365,0.05945950885380326,ROBUST_POSITIVE,False
474.0,0.028106866560159996,0.02411373856809609,0.0321530113296266,ROBUST_POSITIVE,False
475.0,0.01671478027670554,0.01123612252040984,0.022678211688042973,ROBUST_POSITIVE,False
476.0,0.013195054253303206,0.008668639901043327,0.018061633648949915,ROBUST_POSITIVE,False
477.0,0.00253191168052173,-0.0010710871020594129,0.00661944765078067,POSITIVE_UNRESOLVED,True
478.0,0.027520386170432086,0.02031377275583015,0.03490784101341271,ROBUST_POSITIVE,False
479.0,0.03169175263204525,0.02705476416040354,0.03629704012213123,ROBUST_POSITIVE,False
480.0,0.02108489707968749,0.01537224472168952,0.027259397559538528,ROBUST_POSITIVE,False
481.0,0.03866867853443531,0.031944587186647784,0.04517708735090073,ROBUST_POSITIVE,False
482.0,0.028950770269807777,0.022352179598193023,0.035699382275516604,ROBUST_POSITIVE,False
483.0,0.03137137741711356,0.026902868197945885,0.03588184915628075,ROBUST_POSITIVE,False
484.0,0.012685915836326502,0.008878542733175858,0.016675111841195227,ROBUST_POSITIVE,False
485.0,0.03129442138544892,0.025959757278005525,0.03664396570856302,ROBUST_POSITIVE,False
486.0,0.0305132608776096,0.023851799532324955,0.0373082502506587,ROBUST_POSITIVE,False
487.0,0.03524782430822485,0.03045008738730078,0.039857376815851824,ROBUST_POSITIVE,False
488.0,0.01730333720861206,0.014105183623577515,0.020810253870277542,ROBUST_POSITIVE,False
489.0,0.029409188059057664,0.023526519247501602,0.03551710996465736,ROBUST_POSITIVE,False
490.0,0.03588578197958862,0.031659500112790305,0.04004591014522073,ROBUST_POSITIVE,False
491.0,0.029261899216906535,0.023448653766556332,0.035209313653153884,ROBUST_POSITIVE,False
492.0,0.04842734995904794,0.04289899671683604,0.054017109932694596,ROBUST_POSITIVE,False
493.0,0.04662045490218853,0.039639042317345,0.05329230196081357,ROBUST_POSITIVE,False
494.0,0.02998151151042363,0.02438782071082739,0.03577105176848768,ROBUST_POSITIVE,False
495.0,0.03584095478670337,0.03151488895474554,0.040248494563251594,ROBUST_POSITIVE,False
496.0,0.02681012560930303,0.021351290033149117,0.03250033989870243,ROBUST_POSITIVE,False
497.0,0.02718281186916791,0.02161180478710511,0.03292794222107282,ROBUST_POSITIVE,False
498.0,0.027094955582352823,0.02337043404300109,0.0311109319248527,ROBUST_POSITIVE,False
499.0,0.04507936210467916,0.038397786118288695,0.05162116579471394,ROBUST_POSITIVE,False
500.0,0.030978972519800693,0.025076818040288402,0.0370452683001069,ROBUST_POSITIVE,False
501.0,0.028326263735123154,0.024488194031100884,0.032277564321994745,ROBUST_POSITIVE,False
502.0,0.03633990003412579,0.03186991488579234,0.040971702849619915,ROBUST_POSITIVE,False
503.0,0.029587967392483948,0.025521656316780467,0.03366057271688791,ROBUST_POSITIVE,False
504.0,0.010060121703759252,0.005778562057351683,0.014598652185417095,ROBUST_POSITIVE,False
505.0,0.01458073896343682,0.011300614316442314,0.018208023012401157,ROBUST_POSITIVE,False
506.0,0.02873399874226712,0.02214431317423651,0.03559468921658531,ROBUST_POSITIVE,False
507.0,0.03276092404830381,0.02844032434276859,0.03708779622181068,ROBUST_POSITIVE,False
508.0,0.0009309965100997732,-0.0034013316045021567,0.0056668225881989715,POSITIVE_UNRESOLVED,True
509.0,0.040842369317999234,0.03640643598820962,0.045210013618653816,ROBUST_POSITIVE,False
510.0,0.014528613806273615,0.010987920339576709,0.018369865729067805,ROBUST_POSITIVE,False
511.0,0.02005100785839784,0.017063647231240667,0.023273366841020576,ROBUST_POSITIVE,False
512.0,0.0393861263796393,0.03472228203643759,0.0442401486804008,ROBUST_POSITIVE,False
513.0,0.04680988173301104,0.04090150932154964,0.05241283602955121,ROBUST_POSITIVE,False
514.0,0.01754459067896519,0.012400062952756207,0.022984154876698852,ROBUST_POSITIVE,False
515.0,0.03373564245612279,0.02650439415598639,0.0412168851505748,ROBUST_POSITIVE,False
516.0,0.04726558081249075,0.03942337732880195,0.054883744705997516,ROBUST_POSITIVE,False
517.0,0.026381546948499687,0.021058840407169502,0.03175112070038254,ROBUST_POSITIVE,False
518.0,0.03791322800601386,0.03080432020232827,0.0449266883476001,ROBUST_POSITIVE,False
519.0,0.049183396690310174,0.04367633702129538,0.054574593899492846,ROBUST_POSITIVE,False
520.0,0.04316764881400281,0.037163742118461573,0.04911849584552104,ROBUST_POSITIVE,False
521.0,0.008339824050291616,0.004741564429868733,0.012329413870592217,ROBUST_POSITIVE,False
522.0,0.006877212975907412,0.0036989352377804173,0.010304389146141887,ROBUST_POSITIVE,True
523.0,0.023839712745224863,0.01988753013028222,0.027885223365979803,ROBUST_POSITIVE,False
524.0,0.0243951812883154,0.02130836733293474,0.027641916244852,ROBUST_POSITIVE,False
525.0,0.02442540825432083,0.017549188022364045,0.031251571883165984,ROBUST_POSITIVE,False
526.0,0.027391466859818147,0.023350857431356477,0.03148612525041367,ROBUST_POSITIVE,False
527.0,0.032668214151587105,0.027152691172239802,0.03830613315370848,ROBUST_POSITIVE,False
528.0,0.001855143083172706,-0.002158886488322174,0.006165452092225402,POSITIVE_UNRESOLVED,True
529.0,0.02956839605679337,0.0258264135398212,0.03351715189989141,ROBUST_POSITIVE,False
530.0,0.03471066659426982,0.029219511836308217,0.040270089582678095,ROBUST_POSITIVE,False
531.0,0.015481499403910219,0.009535929067171555,0.021798489545663217,ROBUST_POSITIVE,False
532.0,0.053818314741057034,0.047161317671856474,0.060417905634357665,ROBUST_POSITIVE,False
533.0,0.02871552994231135,0.02369797484048146,0.03392492155327731,ROBUST_POSITIVE,False
534.0,0.019445763053926868,0.01657717018038689,0.022364112729972418,ROBUST_POSITIVE,False
535.0,0.023918688620575154,0.02090537248541129,0.027046784411333756,ROBUST_POSITIVE,False
536.0,0.031188110920479007,0.02646340535195509,0.036076563272277894,ROBUST_POSITIVE,False
537.0,0.035989965583153156,0.02946557581450812,0.04232091416818316,ROBUST_POSITIVE,False
538.0,0.030501545487779745,0.026405106299856367,0.03472217485160133,ROBUST_POSITIVE,False
539.0,0.011532662014405263,0.007873608128137774,0.015601833970411833,ROBUST_POSITIVE,False
540.0,0.02370671922492766,0.018550464573052854,0.029296343319455045,ROBUST_POSITIVE,False
541.0,0.027432703460939328,0.022388605114942842,0.03269911047435522,ROBUST_POSITIVE,False
542.0,0.04099791377603215,0.03605474945501908,0.04599502047743616,ROBUST_POSITIVE,False
543.0,0.0026034584385105143,-0.0006368224852035963,0.006305546086999484,POSITIVE_UNRESOLVED,True
544.0,0.040140428542025514,0.03355177489815201,0.04688432797111355,ROBUST_POSITIVE,False
545.0,0.037354215990809105,0.03253904581679078,0.042048424979916836,ROBUST_POSITIVE,False
546.0,0.04297443397865509,0.038171724268748077,0.04802562250592265,ROBUST_POSITIVE,False
547.0,0.04055750479520495,0.0346801313454032,0.046239356495705194,ROBUST_POSITIVE,False
548.0,0.03516877541963547,0.029591501744346032,0.040655247890777506,ROBUST_POSITIVE,False
549.0,0.032714132052917254,0.02793013007035551,0.037540407763939916,ROBUST_POSITIVE,False
550.0,0.02318402998150831,0.0187851907923885,0.027832505685608692,ROBUST_POSITIVE,False
551.0,0.04615689037536084,0.04061568992462952,0.0517588588266415,ROBUST_POSITIVE,False
552.0,0.05334581770379145,0.04718551308430923,0.05929041769128908,ROBUST_POSITIVE,False
553.0,0.023369438380408877,0.018361058264651484,0.02843365422019,ROBUST_POSITIVE,False
554.0,0.02468863204376076,0.020592493162570526,0.029053156540467584,ROBUST_POSITIVE,False
555.0,0.012473594188589366,0.008266326118279236,0.01725329551547367,ROBUST_POSITIVE,False
556.0,0.0271344272716726,0.02353496760084423,0.030868459527548433,ROBUST_POSITIVE,False
557.0,0.015075636471468512,0.012149029141786997,0.018393283090305967,ROBUST_POSITIVE,False
558.0,0.014176236756058976,0.011126444615347465,0.017300384438664076,ROBUST_POSITIVE,False
559.0,0.018725967089760518,0.014700389828195099,0.023088391595534642,ROBUST_POSITIVE,False
560.0,0.02533831282927505,0.021233221474284553,0.029598438975423268,ROBUST_POSITIVE,False
561.0,0.040414887135519786,0.03329724278778915,0.047445494042188875,ROBUST_POSITIVE,False
562.0,0.01412559729387962,0.00942778111058827,0.018894841149356276,ROBUST_POSITIVE,False
563.0,0.02246888863157815,0.016659691503628924,0.028311430830084347,ROBUST_POSITIVE,False
564.0,0.018804799210837754,0.015040338311227036,0.022608632782465853,ROBUST_POSITIVE,False
565.0,0.013983378781339383,0.01037401880764928,0.017937334805969186,ROBUST_POSITIVE,False
566.0,0.0544924853011736,0.04830737822655376,0.06054116788786484,ROBUST_POSITIVE,False
567.0,0.02597549773653883,0.021386447471780725,0.03072782868789295,ROBUST_POSITIVE,False
568.0,0.03874746965055192,0.033728740316177966,0.0436048203407184,ROBUST_POSITIVE,False
569.0,0.03952120285911826,0.03332277095343199,0.045570612924955026,ROBUST_POSITIVE,False
570.0,0.0353477297268153,0.030702760672685726,0.03993451275922588,ROBUST_POSITIVE,False
571.0,0.03290841506226766,0.02674370861382265,0.03915004709955398,ROBUST_POSITIVE,False
572.0,0.04037809304343675,0.03595020484867145,0.04488279171852938,ROBUST_POSITIVE,False
573.0,0.022719234815115136,0.018903879696856644,0.026676861826028093,ROBUST_POSITIVE,False
574.0,0.04005234157975393,0.0337031089706685,0.04630021382088691,ROBUST_POSITIVE,False
575.0,0.02809569021469466,0.02162042305683785,0.03498343914392828,ROBUST_POSITIVE,False
576.0,0.035971094753437474,0.02975433900091406,0.0422886655408627,ROBUST_POSITIVE,False
577.0,0.02700863792742953,0.02311983463646921,0.030987518781136324,ROBUST_POSITIVE,False
578.0,0.022544951951945905,0.01871643646426717,0.026583068626087947,ROBUST_POSITIVE,False
579.0,0.010353674347357796,0.006116952374298049,0.014850356797957272,ROBUST_POSITIVE,False
580.0,0.03469913119313565,0.029933539492335275,0.039525722312800875,ROBUST_POSITIVE,False
581.0,0.013967581169651166,0.01046218974972349,0.017741824555755167,ROBUST_POSITIVE,False
582.0,0.01878085730158796,0.01374992547462593,0.024116310770069246,ROBUST_POSITIVE,False
583.0,0.05540631884209301,0.04874071822625815,0.061805282965171654,ROBUST_POSITIVE,False
584.0,0.014740335259753984,0.010263386367873668,0.019542070047259767,ROBUST_POSITIVE,False
585.0,0.021716273297866295,0.01799987817282507,0.02564440901952494,ROBUST_POSITIVE,False
586.0,0.020974370118500698,0.01625489353175552,0.02588758285791463,ROBUST_POSITIVE,False
587.0,0.04467287276626635,0.03910302149002369,0.05046408315838184,ROBUST_POSITIVE,False
588.0,0.028915486280199184,0.0251755883407252,0.03275975606158504,ROBUST_POSITIVE,False
589.0,0.051365368927744036,0.04587488197533479,0.05679284261471611,ROBUST_POSITIVE,False
590.0,0.014670502952657228,0.010994547842184878,0.018720561647142125,ROBUST_POSITIVE,False
591.0,0.022637181086702738,0.017734028786826134,0.027733306298923798,ROBUST_POSITIVE,False
592.0,0.04176152119977895,0.03601189664763999,0.0473930543127011,ROBUST_POSITIVE,False
593.0,0.02264498159875453,0.018163177513684025,0.027369725568790845,ROBUST_POSITIVE,False
594.0,0.017417287426985905,0.014047552088526073,0.020948185918388207,ROBUST_POSITIVE,False
595.0,0.03972131152822387,0.03385279445800296,0.04573059849255124,ROBUST_POSITIVE,False
596.0,0.027440233249621325,0.02213680870969467,0.03276894781425936,ROBUST_POSITIVE,False
597.0,0.005224672985929861,0.0005001974872856199,0.010116471296466848,ROBUST_POSITIVE,True
598.0,0.03904704814056655,0.033465075280023626,0.04459844520730313,ROBUST_POSITIVE,False
599.0,0.048745108382221354,0.04285930530096304,0.0546447086568786,ROBUST_POSITIVE,False
600.0,0.037130980109873854,0.031560415150686486,0.04285154820453079,ROBUST_POSITIVE,False
601.0,0.033709713289101995,0.028681720996155787,0.038644896214731696,ROBUST_POSITIVE,False
602.0,0.052251395789445924,0.04558626791299365,0.05871972497673524,ROBUST_POSITIVE,False
603.0,0.017220785982819047,0.013350027304363916,0.021581316929689044,ROBUST_POSITIVE,False
604.0,0.022684416298929914,0.01875643910770254,0.026823329323245167,ROBUST_POSITIVE,False
605.0,0.01570085111683411,0.010546804834370866,0.021146050777574452,ROBUST_POSITIVE,False
606.0,0.04607102526145905,0.040588671701295806,0.05144053029752688,ROBUST_POSITIVE,False
607.0,0.01607271719882812,0.012399959438673119,0.019750435955914407,ROBUST_POSITIVE,False
608.0,0.03243636461091829,0.028130674870885403,0.03663247163787094,ROBUST_POSITIVE,False
609.0,0.031273570840559026,0.027127102963688605,0.03542577786475234,ROBUST_POSITIVE,False
610.0,0.04921770645386826,0.04358373681947923,0.05493026243080391,ROBUST_POSITIVE,False
611.0,0.04194142656024461,0.03515501905741486,0.04859238407304275,ROBUST_POSITIVE,False
612.0,0.031146734550053828,0.026247913157191508,0.03603662854780543,ROBUST_POSITIVE,False
613.0,0.025012707298219913,0.018915500420392486,0.0316809080467451,ROBUST_POSITIVE,False
614.0,0.007188906874850334,0.003979256041959337,0.010738006828491329,ROBUST_POSITIVE,False
615.0,0.02002068955015113,0.01641588377799393,0.02371618397774519,ROBUST_POSITIVE,False
616.0,0.042696899000753026,0.03766100852939422,0.047763805145846085,ROBUST_POSITIVE,False
617.0,0.03479078299330015,0.030835349080606905,0.038885725067903526,ROBUST_POSITIVE,False
618.0,0.03128035233605345,0.027235688915503514,0.03549953054468397,ROBUST_POSITIVE,False
619.0,0.04173557139555834,0.03603140473391333,0.047698777391854914,ROBUST_POSITIVE,False
620.0,0.02312946977306503,0.017981758360842186,0.028428792354461368,ROBUST_POSITIVE,False
621.0,0.044613663358247437,0.039189439707204,0.049907140177711806,ROBUST_POSITIVE,False
622.0,0.031761985055648013,0.02760753086539358,0.03599570693259935,ROBUST_POSITIVE,False
623.0,0.030608212648230118,0.026592863360256364,0.034662706735131145,ROBUST_POSITIVE,False
624.0,0.0458622890388201,0.03989798184534936,0.05194660226716744,ROBUST_POSITIVE,False
625.0,0.027794536189685557,0.024087997233792676,0.03164466287293775,ROBUST_POSITIVE,False
626.0,0.03288248741464884,0.0269868579846194,0.03860181366041942,ROBUST_POSITIVE,False
627.0,0.04791749928613156,0.042782431239079766,0.05321190632842882,ROBUST_POSITIVE,False
628.0,0.026905114565098275,0.02177803039188976,0.03223794677601694,ROBUST_POSITIVE,False
629.0,0.014153076757682691,0.011333371698393756,0.0169918484365252,ROBUST_POSITIVE,False
630.0,0.03636438095828476,0.031255297924554205,0.04126375458579062,ROBUST_POSITIVE,False
631.0,0.014099528423732126,0.010708616979865242,0.017816515498794042,ROBUST_POSITIVE,False
632.0,0.035765946720998296,0.03065772341894878,0.04092188017541389,ROBUST_POSITIVE,False
633.0,0.05141130439140444,0.04577444910247226,0.05711310146350268,ROBUST_POSITIVE,False
634.0,0.02856409587313781,0.024726696131556605,0.03241015923115008,ROBUST_POSITIVE,False
635.0,0.02538814327097943,0.020526852719105818,0.030471824105371886,ROBUST_POSITIVE,False
636.0,0.029490805356347915,0.02413155931267006,0.034984519682218114,ROBUST_POSITIVE,False
637.0,0.02185463384336523,0.017835500279897158,0.026293798360395915,ROBUST_POSITIVE,False
638.0,0.009953171501349408,0.006909708070337544,0.013256720481384321,ROBUST_POSITIVE,False
639.0,0.04750717900032871,0.04206381680226711,0.05291451976106692,ROBUST_POSITIVE,False
640.0,0.014701075869145033,0.011700341448157528,0.017899840088578946,ROBUST_POSITIVE,False
641.0,0.04394386384641631,0.035774625733984614,0.0521759864902102,ROBUST_POSITIVE,False
642.0,0.04779165614113624,0.04207470435009899,0.05342128087301841,ROBUST_POSITIVE,False
643.0,0.03482014981574023,0.030087856339193315,0.039430174601580666,ROBUST_POSITIVE,False
644.0,0.03007808645352812,0.023821051206620016,0.03633035736475638,ROBUST_POSITIVE,False
645.0,0.021666970591577007,0.018404839700582543,0.02509776702684354,ROBUST_POSITIVE,False
646.0,0.04313262541695875,0.0362443071301233,0.04969048112559398,ROBUST_POSITIVE,False
647.0,0.010811721969683578,0.007553525053151571,0.014330410788804973,ROBUST_POSITIVE,False
648.0,0.040019293141075864,0.035439657148410984,0.044781145395081844,ROBUST_POSITIVE,False
649.0,0.03604452703662138,0.031439205144376314,0.04053914597380148,ROBUST_POSITIVE,False
650.0,0.03722303124736066,0.03268396664601601,0.04197717679012712,ROBUST_POSITIVE,False
651.0,0.04498311775213956,0.03820875550496817,0.05170949839170335,ROBUST_POSITIVE,False
652.0,0.01192926234742291,0.009263855588865427,0.014806718221308203,ROBUST_POSITIVE,False
653.0,0.03387275675147719,0.029165839232008647,0.03852563068325948,ROBUST_POSITIVE,False
654.0,0.024460841279013434,0.021400754837566798,0.02765173430748082,ROBUST_POSITIVE,False
655.0,0.04713800334570676,0.041253319635713985,0.052995877610918035,ROBUST_POSITIVE,False
656.0,0.020707633810857017,0.01674829597314709,0.02483535281200663,ROBUST_POSITIVE,False
657.0,0.04600734209908478,0.03981313914754661,0.05205781874089565,ROBUST_POSITIVE,False
658.0,0.029607291074712924,0.02417783562071236,0.03516768122026297,ROBUST_POSITIVE,False
659.0,0.05171198476930657,0.04609398612011195,0.057154801294877676,ROBUST_POSITIVE,False
660.0,0.044279676490127345,0.0395550850975057,0.048807998234389756,ROBUST_POSITIVE,False
661.0,0.023804117636958885,0.01917661036671441,0.02861380860628935,ROBUST_POSITIVE,False
662.0,0.016554827825418887,0.012716010350597001,0.02079432528158126,ROBUST_POSITIVE,False
663.0,0.024436848272809446,0.019877351196311104,0.02914397846942548,ROBUST_POSITIVE,False
664.0,0.033791145658125105,0.029336303923064078,0.0381010171739802,ROBUST_POSITIVE,False
665.0,0.01428406274146805,0.01025737240258051,0.018611456433585746,ROBUST_POSITIVE,False
666.0,0.036428046581089696,0.029998705791442044,0.042824550275380666,ROBUST_POSITIVE,False
667.0,0.02162442071729343,0.018597466113623222,0.024820674744796056,ROBUST_POSITIVE,False
668.0,0.059152060020968684,0.05310832662890214,0.06514291611899817,ROBUST_POSITIVE,False
669.0,0.020243758463911285,0.015212998389155224,0.025510329918014465,ROBUST_POSITIVE,False
670.0,0.035546992150204564,0.030768142163001073,0.04019901687130414,ROBUST_POSITIVE,False
671.0,0.038337094544084835,0.03372218124301711,0.042963343308365876,ROBUST_POSITIVE,False
672.0,0.039160323173128585,0.03271076015747699,0.045334995198635236,ROBUST_POSITIVE,False
673.0,0.029238254768689815,0.025525885474527815,0.03303425702226162,ROBUST_POSITIVE,False
674.0,0.008436293083852355,0.004632711900522069,0.012505740703508891,ROBUST_POSITIVE,False
675.0,0.01798111648779661,0.013822703357342255,0.02250179617625537,ROBUST_POSITIVE,False
676.0,0.035017235065378106,0.030830648560851548,0.03933716644179153,ROBUST_POSITIVE,False
677.0,0.048588442178814875,0.042080813570011845,0.05482635377746488,ROBUST_POSITIVE,False
678.0,0.00934399483106196,0.00326643092553802,0.015575386291720523,ROBUST_POSITIVE,False
679.0,0.03347607423274395,0.027591365001275785,0.03936907453878547,ROBUST_POSITIVE,False
680.0,0.03827071220908573,0.03211140793084825,0.044508112035976446,ROBUST_POSITIVE,False
681.0,0.006972713070493218,0.002602535083126141,0.011520314037077732,ROBUST_POSITIVE,False
682.0,0.026163714128506894,0.01940352250561625,0.03287745224988147,ROBUST_POSITIVE,False
683.0,0.017190720076735617,0.013425433021155527,0.021246727037389345,ROBUST_POSITIVE,False
684.0,0.03400536807388641,0.029297178936309325,0.03881760093100949,ROBUST_POSITIVE,False
685.0,0.03747203769067202,0.030975666009755657,0.0439677159207293,ROBUST_POSITIVE,False
686.0,0.03818708370458867,0.03272275333537157,0.04374100818855935,ROBUST_POSITIVE,False
687.0,0.04283026082298889,0.03517864124861641,0.050411536924000994,ROBUST_POSITIVE,False
688.0,0.04263921966389441,0.03675104486072274,0.04856479192446487,ROBUST_POSITIVE,False
689.0,0.01925810096946873,0.015466143083227734,0.02322359548597204,ROBUST_POSITIVE,False
690.0,0.02780537063902509,0.0216942031929225,0.033975777730272244,ROBUST_POSITIVE,False
691.0,0.00037439173842148397,-0.0033174974583187735,0.004346781906069449,POSITIVE_UNRESOLVED,True
692.0,0.006805578816446659,0.003463292103503939,0.010522838461489758,ROBUST_POSITIVE,True
693.0,0.050397399390262373,0.044140233778270324,0.05656659743610184,ROBUST_POSITIVE,False
694.0,0.031984368934813004,0.027559359791961262,0.03642743309421008,ROBUST_POSITIVE,False
695.0,0.00794699749426241,0.0035801197803189536,0.012611544035561738,ROBUST_POSITIVE,False
696.0,0.03515259946978948,0.027858107006043107,0.0427136395459463,ROBUST_POSITIVE,False
697.0,0.03512403426488777,0.03100758436044196,0.03919062894979043,ROBUST_POSITIVE,False
698.0,0.01965354448373363,0.015626273922582,0.023792911259477804,ROBUST_POSITIVE,False
699.0,0.050011483282006726,0.044181304216696124,0.05570377639115355,ROBUST_POSITIVE,False
700.0,0.02113478844612416,0.016462900312832218,0.02592991424607515,ROBUST_POSITIVE,False
701.0,0.02230233149111059,0.016876404959799435,0.02767179083979336,ROBUST_POSITIVE,False
702.0,0.024847224576156613,0.020126580577452254,0.029720848516892547,ROBUST_POSITIVE,False
703.0,0.04684462546616564,0.04067266880975959,0.052809018829932095,ROBUST_POSITIVE,False
704.0,0.041509793339392136,0.03565332911524155,0.047349990424986374,ROBUST_POSITIVE,False
705.0,0.023519460332788327,0.020038915037114975,0.02704365660005052,ROBUST_POSITIVE,False
706.0,0.034607866175099575,0.030297627079139758,0.03885767481204946,ROBUST_POSITIVE,False
707.0,0.018769149880621713,0.01461750176909404,0.02316907112549844,ROBUST_POSITIVE,False
708.0,0.043383725609555494,0.037142875254925475,0.04975374115065403,ROBUST_POSITIVE,False
709.0,0.04386892540310465,0.03853422477856707,0.048998090673908874,ROBUST_POSITIVE,False
710.0,0.023068134798965703,0.01874403757736862,0.027695744809052743,ROBUST_POSITIVE,False
711.0,0.03854276464532102,0.031751627737229136,0.045334412211899974,ROBUST_POSITIVE,False
712.0,0.05333311632998906,0.04751041819029208,0.05903671046935025,ROBUST_POSITIVE,False
713.0,0.029389808223965884,0.025644900757668582,0.03315794763802607,ROBUST_POSITIVE,False
714.0,0.05397950142543144,0.04795935462006917,0.059916244305104505,ROBUST_POSITIVE,False
715.0,0.009589789272689228,0.004690271842604669,0.01482711746194066,ROBUST_POSITIVE,False
716.0,0.028182133821186853,0.023096428345708197,0.033335207731745774,ROBUST_POSITIVE,False
717.0,0.040778614648853094,0.034431856222746186,0.04705386498597343,ROBUST_POSITIVE,False
718.0,0.008162483292098609,0.004883354561283421,0.011738057586380576,ROBUST_POSITIVE,False
719.0,0.021091698192140986,0.01798111917510319,0.024244753238748872,ROBUST_POSITIVE,False
720.0,0.0182702503630259,0.01545663208295131,0.021168039644677672,ROBUST_POSITIVE,False
721.0,0.04016416386461543,0.03317097288183211,0.04723973702809545,ROBUST_POSITIVE,False
722.0,0.023726223292315867,0.018572100025837687,0.029080183511515357,ROBUST_POSITIVE,False
723.0,0.021576085640974112,0.01674455579031092,0.026761647048984753,ROBUST_POSITIVE,False
724.0,0.035018831044773865,0.0308679379107258,0.03922746383139997,ROBUST_POSITIVE,False
725.0,0.03802946440714141,0.03338355649096609,0.042641838654393305,ROBUST_POSITIVE,False
726.0,0.014681707994959886,0.010372505717482735,0.019500876482191728,ROBUST_POSITIVE,False
727.0,0.03154451784301679,0.025497567418349004,0.037663934535284625,ROBUST_POSITIVE,False
728.0,0.028709658775266725,0.02474577537694915,0.03271310055162125,ROBUST_POSITIVE,False
729.0,0.02926120664595298,0.024867206559059506,0.03377043782407307,ROBUST_POSITIVE,False
730.0,0.03978870145194933,0.033819960079974676,0.045780782168004165,ROBUST_POSITIVE,False
731.0,0.019637046020219043,0.013642278138571015,0.02591339094551217,ROBUST_POSITIVE,False
732.0,0.03275264234404163,0.027875975115940962,0.03774241836759012,ROBUST_POSITIVE,False
733.0,0.036773948736363304,0.0312569818694752,0.04223324371025779,ROBUST_POSITIVE,False
734.0,0.03466264734547915,0.029704872775170824,0.039628181069760876,ROBUST_POSITIVE,False
735.0,0.05129558558537897,0.044918628073653086,0.05746862060358448,ROBUST_POSITIVE,False
736.0,0.048044876945471944,0.04247118047689556,0.05364994729781271,ROBUST_POSITIVE,False
737.0,0.034956748962864756,0.02869998920972426,0.04110838575948762,ROBUST_POSITIVE,False
738.0,0.05445094382289309,0.04847745136440081,0.06027931119920272,ROBUST_POSITIVE,False
739.0,0.035713375061404776,0.029991636380732437,0.0413246183129461,ROBUST_POSITIVE,False
740.0,0.036549988863980094,0.03027787783902305,0.0429115630803604,ROBUST_POSITIVE,False
741.0,0.026147362599380008,0.022124440653333133,0.03039550295915113,ROBUST_POSITIVE,False
742.0,0.03633745102985898,0.03138615892327102,0.04111149487389713,ROBUST_POSITIVE,False
743.0,0.040484641138429596,0.03512547702438886,0.045510608711731834,ROBUST_POSITIVE,False
744.0,0.03269131550117887,0.02851689439615299,0.03697908103644945,ROBUST_POSITIVE,False
745.0,0.04666966601902925,0.04166722815174949,0.05158408767008436,ROBUST_POSITIVE,False
746.0,0.016723377643334203,0.012801419982644684,0.02069452386980967,ROBUST_POSITIVE,False
747.0,0.027231363328023752,0.023046901559520917,0.03153567104475269,ROBUST_POSITIVE,False
748.0,0.03724077033860232,0.031643652474796835,0.042833092098800055,ROBUST_POSITIVE,False
749.0,0.01217283906788542,0.0074230892278550455,0.017187448431226923,ROBUST_POSITIVE,False
750.0,0.04803278683711164,0.04155211598231057,0.054288215802269946,ROBUST_POSITIVE,False
751.0,0.028471097701184892,0.023369285419815936,0.033624005000402635,ROBUST_POSITIVE,False
752.0,0.03751703459229456,0.033690238826214886,0.041466309999122805,ROBUST_POSITIVE,False
753.0,0.05427343352913847,0.04866423011150323,0.059666468122335434,ROBUST_POSITIVE,False
754.0,0.026766614370127586,0.022222939738110504,0.031361795735595444,ROBUST_POSITIVE,False
755.0,0.032243312226486874,0.026717114794992704,0.037805773963710265,ROBUST_POSITIVE,False
756.0,0.030261514432159305,0.02585970496698554,0.03478016357980449,ROBUST_POSITIVE,False
757.0,0.02946052612270946,0.024618683369800692,0.03430914413288191,ROBUST_POSITIVE,False
758.0,0.02415274798639869,0.018342869222270207,0.0299902262711674,ROBUST_POSITIVE,False
759.0,0.044738386573129674,0.03868119747854671,0.05076170396448454,ROBUST_POSITIVE,False
760.0,0.04403665440880599,0.037290770356191924,0.050441721592099475,ROBUST_POSITIVE,False
761.0,0.03496909208478685,0.030076713169543766,0.03982610310591366,ROBUST_POSITIVE,False
762.0,0.029283643101739063,0.024350544011896163,0.034260795723988643,ROBUST_POSITIVE,False
763.0,0.05450709803787264,0.04661285377227674,0.06224919895072379,ROBUST_POSITIVE,False
764.0,0.015592372906047026,0.012861456500285433,0.018388039219497186,ROBUST_POSITIVE,False
765.0,0.039256537699005396,0.03286644048657544,0.0457293246737577,ROBUST_POSITIVE,False
766.0,0.01873292801201246,0.014252582493006016,0.0234202332340791,ROBUST_POSITIVE,False
767.0,0.05169982727199105,0.04522435025467265,0.058127949412683566,ROBUST_POSITIVE,False
768.0,0.044555419799668115,0.03771731756242535,0.05168356780420594,ROBUST_POSITIVE,False
769.0,0.02527093612688139,0.01891944785528945,0.031798439927451606,ROBUST_POSITIVE,False
770.0,0.04051493613545569,0.03332689435737477,0.047598628245799704,ROBUST_POSITIVE,False
771.0,0.011913101824764103,0.007246815803362176,0.016752966323576066,ROBUST_POSITIVE,False
772.0,0.04136473228144841,0.0357623472355514,0.047125795509141644,ROBUST_POSITIVE,False
773.0,0.028690055338453726,0.025267063538540236,0.03227255382952994,ROBUST_POSITIVE,False
774.0,0.04132950230296997,0.03430044811996685,0.048520095573212546,ROBUST_POSITIVE,False
775.0,0.03164419583072323,0.027855222893624958,0.035472008667977985,ROBUST_POSITIVE,False
776.0,0.04366180688767286,0.038058529165139535,0.04918732737318372,ROBUST_POSITIVE,False
777.0,0.04753925744952315,0.04189156719914053,0.0531442245730968,ROBUST_POSITIVE,False
778.0,0.020444648390222395,0.017473068233588518,0.02350763946171354,ROBUST_POSITIVE,False
779.0,0.04537039339252912,0.03821694696802762,0.052635277245575374,ROBUST_POSITIVE,False
780.0,0.017797445929244,0.014808922412283456,0.020950807661988854,ROBUST_POSITIVE,False
781.0,0.03890541280166866,0.034724484110103614,0.04318153738494987,ROBUST_POSITIVE,False
782.0,0.03464866356284486,0.029235641281297166,0.04005785884619553,ROBUST_POSITIVE,False
783.0,0.008817148967886339,0.005694197756994114,0.012043830454082916,ROBUST_POSITIVE,False
784.0,0.02623054331824299,0.02222508679965062,0.030444312664207402,ROBUST_POSITIVE,False
785.0,0.018216452789557004,0.014253775248190216,0.02251400005745235,ROBUST_POSITIVE,False
786.0,0.031392858089325335,0.02690261814119051,0.03615786981038303,ROBUST_POSITIVE,False
787.0,0.05026152801855528,0.04423866055203879,0.0561784678535901,ROBUST_POSITIVE,False
788.0,0.012564141128847128,0.009064363990032851,0.016427342133223694,ROBUST_POSITIVE,False
789.0,0.023153938817005247,0.018476603704284684,0.028051857486214436,ROBUST_POSITIVE,False
790.0,0.010762557095635564,0.0056278819148851125,0.01627870219486155,ROBUST_POSITIVE,False
791.0,0.026224023491765096,0.02149806640362671,0.031111456280717986,ROBUST_POSITIVE,False
792.0,0.028613302838145404,0.02193220627206794,0.035463657700078824,ROBUST_POSITIVE,False
793.0,0.04526226567638647,0.039053673186919324,0.05127796873102179,ROBUST_POSITIVE,False
794.0,0.023163413868487394,0.018390924237343537,0.028102914885951888,ROBUST_POSITIVE,False
795.0,0.027246119208743584,0.023192671434959955,0.03138122972764295,ROBUST_POSITIVE,False
796.0,0.008371676876532487,0.004609623899935588,0.012362267591304746,ROBUST_POSITIVE,False
797.0,0.023577993218029548,0.01998645847535177,0.027438197326221797,ROBUST_POSITIVE,False
798.0,0.04136454282560582,0.03581165884513481,0.04696773815028056,ROBUST_POSITIVE,False
799.0,0.046972452654869976,0.0410128889052251,0.052814967704618916,ROBUST_POSITIVE,False
800.0,0.03405031542009354,0.029768101313145758,0.03849508498866092,ROBUST_POSITIVE,False
801.0,0.04590856187635158,0.039024401130405194,0.052634072050898026,ROBUST_POSITIVE,False
802.0,0.04889340565942114,0.0429410605636643,0.054483947706900175,ROBUST_POSITIVE,False
803.0,0.041137924263199045,0.035013365541851804,0.04705450810751194,ROBUST_POSITIVE,False
804.0,0.04416698762438135,0.0385440985272933,0.049607808720566776,ROBUST_POSITIVE,False
805.0,0.025281751004107976,0.021626720220381646,0.029025019431653525,ROBUST_POSITIVE,False
806.0,0.05155550214547225,0.04572102021763839,0.057440468993239874,ROBUST_POSITIVE,False
807.0,0.009272332405982301,0.00431607606262541,0.014585802897357069,ROBUST_POSITIVE,False
808.0,0.009061004425083086,0.004899428075382036,0.013208881047743114,ROBUST_POSITIVE,False
809.0,0.02438568094301767,0.020583208837466324,0.028479962135799713,ROBUST_POSITIVE,False
810.0,0.022852730083812448,0.019528515368942245,0.026456052468344638,ROBUST_POSITIVE,False
811.0,0.02273433300400242,0.01889638897498729,0.026862107377331933,ROBUST_POSITIVE,False
812.0,0.020046392019493365,0.015340620832573777,0.02509287247362117,ROBUST_POSITIVE,False
813.0,0.020989623140678017,0.01740701186199826,0.024736208627457266,ROBUST_POSITIVE,False
814.0,0.026059304094341637,0.02251153526005492,0.02974822495881487,ROBUST_POSITIVE,False
815.0,0.02502330265208603,0.02133062552138102,0.02882476744848718,ROBUST_POSITIVE,False
816.0,0.0395730839418035,0.03397452247193852,0.04531044610544358,ROBUST_POSITIVE,False
817.0,0.027509648624763638,0.0226459916264192,0.03268404855059255,ROBUST_POSITIVE,False
818.0,0.020117682819113632,0.014627965557702311,0.026019133942741912,ROBUST_POSITIVE,False
819.0,0.029586887153680904,0.025009215989748017,0.03424805276837113,ROBUST_POSITIVE,False
820.0,0.0025725993577175245,-0.0005869137113718509,0.005993208049517684,POSITIVE_UNRESOLVED,True
821.0,0.03996619716583048,0.031814831804379606,0.04827226265305071,ROBUST_POSITIVE,False
822.0,0.02409573500831753,0.02040633441359012,0.027897025292452422,ROBUST_POSITIVE,False
823.0,0.03746366712628613,0.03190785174988846,0.04285635423629897,ROBUST_POSITIVE,False
824.0,0.01691590476706523,0.01324599177647269,0.02094449686852643,ROBUST_POSITIVE,False
825.0,0.04753328777323371,0.04106295268542179,0.05389510732430912,ROBUST_POSITIVE,False
826.0,0.004930242706993513,0.0006233783251787381,0.009600264895322407,ROBUST_POSITIVE,True
827.0,0.01567094910482382,0.012605186227781468,0.0190526380807783,ROBUST_POSITIVE,False
828.0,0.017406964522803433,0.012274105015591775,0.02257758598766791,ROBUST_POSITIVE,False
829.0,0.02051023048666353,0.015905429269592618,0.025544843989585272,ROBUST_POSITIVE,False
830.0,0.024486767124801814,0.02163137791579968,0.02740243607013201,ROBUST_POSITIVE,False
831.0,0.033150043372051075,0.029699782013466822,0.036810767775692,ROBUST_POSITIVE,False
832.0,0.04288408343119065,0.0376330722831176,0.04816182384749999,ROBUST_POSITIVE,False
833.0,0.01124261700354243,0.007462505633756837,0.01510542897496975,ROBUST_POSITIVE,False
834.0,0.046642794699402475,0.04058591110501259,0.05252594495064428,ROBUST_POSITIVE,False
835.0,0.03192831163917973,0.024374277144125305,0.039688594374280385,ROBUST_POSITIVE,False
836.0,0.0367779422739618,0.030176582556081112,0.04362062607630118,ROBUST_POSITIVE,False
837.0,0.024167493014011172,0.0202747865138082,0.028082354803175814,ROBUST_POSITIVE,False
838.0,0.0327688080326222,0.027256275093429226,0.03833784512563602,ROBUST_POSITIVE,False
839.0,0.01649999683882465,0.013131496731282397,0.020049279674142908,ROBUST_POSITIVE,False
840.0,0.02960463323964402,0.026269083174582573,0.03303417149812661,ROBUST_POSITIVE,False
841.0,0.03715355791582516,0.03134054550764062,0.0429674404342787,ROBUST_POSITIVE,False
842.0,0.03143572820813628,0.025837437916306934,0.037110831614785074,ROBUST_POSITIVE,False
843.0,0.02146565977840096,0.017756129882473545,0.02546717601949885,ROBUST_POSITIVE,False
844.0,0.05482921297536829,0.04890117790406469,0.0607401810834597,ROBUST_POSITIVE,False
845.0,0.05434823993979634,0.048120802488832326,0.06028641170782662,ROBUST_POSITIVE,False
846.0,0.03973596280421919,0.032744046445988634,0.04644191227669382,ROBUST_POSITIVE,False
847.0,0.035667352144578536,0.030629676753945956,0.040669916213534094,ROBUST_POSITIVE,False
848.0,0.02620547381488102,0.021475343710195896,0.031135521837211577,ROBUST_POSITIVE,False
849.0,0.025555500102297554,0.02185785926190765,0.029439749046378683,ROBUST_POSITIVE,False
850.0,0.01965833008216309,0.016123478676737982,0.023430437350194514,ROBUST_POSITIVE,False
851.0,0.05069498040473911,0.04373983410129879,0.057345103866346746,ROBUST_POSITIVE,False
852.0,0.03809443238497485,0.03219756503479734,0.04402490769638439,ROBUST_POSITIVE,False
853.0,0.032399619352998545,0.026904023533736814,0.03799876363346745,ROBUST_POSITIVE,False
854.0,0.052605880767319854,0.04668460855276394,0.05826768383335599,ROBUST_POSITIVE,False
855.0,0.0028840929501982087,-0.0018993682788514548,0.00804400814887941,POSITIVE_UNRESOLVED,True
856.0,0.03429224190796674,0.029377445145520608,0.03902163288465126,ROBUST_POSITIVE,False
857.0,0.044294398807199986,0.03745792322904037,0.05091763555058175,ROBUST_POSITIVE,False
858.0,0.021734679470616986,0.01750112202997842,0.026233465967784413,ROBUST_POSITIVE,False
859.0,0.025280629591995594,0.01876870763596649,0.031839484873725114,ROBUST_POSITIVE,False
860.0,0.02760586141599948,0.02328295251662138,0.03206059981207721,ROBUST_POSITIVE,False
861.0,0.019420654894754277,0.015677834860244613,0.023417449263333022,ROBUST_POSITIVE,False
862.0,0.03178357583709335,0.02683967921312666,0.03681227594549871,ROBUST_POSITIVE,False
863.0,0.025586719249269915,0.02206160317690488,0.02943526024368014,ROBUST_POSITIVE,False
864.0,0.03285344392247088,0.02842756616361709,0.03743882282737519,ROBUST_POSITIVE,False
865.0,0.020907561820839325,0.014647933969126564,0.02733267151617701,ROBUST_POSITIVE,False
866.0,0.015530039852207005,0.012128495541956308,0.019365169161148343,ROBUST_POSITIVE,False
867.0,0.054845173432990675,0.04864059093775353,0.06075130772171391,ROBUST_POSITIVE,False
868.0,0.028656372235808723,0.02379969235079932,0.03365994228677128,ROBUST_POSITIVE,False
869.0,0.022813241284392327,0.017296178031684796,0.02858836150922307,ROBUST_POSITIVE,False
870.0,0.036645306413226754,0.0296693457577308,0.043493727541571235,ROBUST_POSITIVE,False
871.0,0.022204532129162246,0.018043386461685167,0.026570622369129736,ROBUST_POSITIVE,False
872.0,0.05920600016297458,0.05225469594368686,0.06566097943179255,ROBUST_POSITIVE,False
873.0,0.008009298510786349,0.0034137721326577383,0.01288424250566024,ROBUST_POSITIVE,False
874.0,0.05585017150195479,0.049256878289091914,0.06210748925968331,ROBUST_POSITIVE,False
875.0,0.03497588046889318,0.02847363594148479,0.04170726078075642,ROBUST_POSITIVE,False
876.0,0.03589645822018196,0.03022657293781276,0.041469248073401625,ROBUST_POSITIVE,False
877.0,0.05719643242754776,0.05065628587627885,0.06340555464079062,ROBUST_POSITIVE,False
878.0,0.029966344153907497,0.025817673508254466,0.034165518003112544,ROBUST_POSITIVE,False
879.0,0.04283021660943651,0.03638038071696798,0.0492345645372637,ROBUST_POSITIVE,False
880.0,0.010865466133912132,0.006876673481636573,0.015268185654248548,ROBUST_POSITIVE,False
881.0,0.02817474929385242,0.024248751884900256,0.03210617603632478,ROBUST_POSITIVE,False
882.0,0.042438968323015705,0.035008941603582866,0.05004541492174663,ROBUST_POSITIVE,False
883.0,0.04431311334370034,0.037199837854161755,0.05117491919314522,ROBUST_POSITIVE,False
884.0,0.022026490227993568,0.01829565150521713,0.02598955210350403,ROBUST_POSITIVE,False
885.0,0.02855751167573443,0.021810461154853824,0.03527403119854712,ROBUST_POSITIVE,False
886.0,0.014878540262371157,0.011669755792108778,0.018318680607408648,ROBUST_POSITIVE,False
887.0,0.030451278364736167,0.025792763851645917,0.035223060734726384,ROBUST_POSITIVE,False
888.0,0.026037536910534467,0.01989177481154631,0.03243600440797005,ROBUST_POSITIVE,False
889.0,0.033429501086572326,0.026993183961616662,0.04007585899701716,ROBUST_POSITIVE,False
890.0,0.040601702243577134,0.035695858590543854,0.04544436097350375,ROBUST_POSITIVE,False
891.0,0.010455113410445579,0.005676339781702917,0.015509435994199685,ROBUST_POSITIVE,False
892.0,0.03149197330290003,0.027687986862854327,0.035330686637997606,ROBUST_POSITIVE,False
893.0,0.0423238720317487,0.03701639410280334,0.047532699589711236,ROBUST_POSITIVE,False
894.0,0.04354133337605804,0.036702499010348895,0.05037990415881942,ROBUST_POSITIVE,False
895.0,0.029656780998159396,0.026138727578449202,0.0333546545831003,ROBUST_POSITIVE,False
896.0,0.03465934784986383,0.028180712550522815,0.04122228306754091,ROBUST_POSITIVE,False
897.0,0.018049262524820663,0.015078834662119402,0.021019124516472313,ROBUST_POSITIVE,False
898.0,0.01939733464151428,0.015235794044722048,0.023894416974693248,ROBUST_POSITIVE,False
899.0,0.016247360290900795,0.010484968602301078,0.022304271856277584,ROBUST_POSITIVE,False
900.0,0.027240472753596943,0.022301202224174154,0.03232755046116948,ROBUST_POSITIVE,False
901.0,0.013049790477568038,0.008968227105173164,0.017680743515808475,ROBUST_POSITIVE,False
902.0,0.037770324195972586,0.032404434512149145,0.04307603468000413,ROBUST_POSITIVE,False
903.0,0.03922978290181492,0.03342650642049029,0.04501167771592112,ROBUST_POSITIVE,False
904.0,0.009960220148156864,0.006941687823216778,0.013294609347426233,ROBUST_POSITIVE,False
905.0,0.039034920569067995,0.03235124595170517,0.04565041864960315,ROBUST_POSITIVE,False
906.0,0.021229868747791626,0.016619970584792598,0.02616666624091967,ROBUST_POSITIVE,False
907.0,0.026100416643414948,0.019328906777824926,0.03305958540254499,ROBUST_POSITIVE,False
908.0,0.03298500696439485,0.025679933447098062,0.04016687189186656,ROBUST_POSITIVE,False
909.0,0.013315338863358133,0.00920215738101945,0.01755649794613721,ROBUST_POSITIVE,False
910.0,0.032571755450182566,0.026466168000700514,0.03865699343154049,ROBUST_POSITIVE,False
911.0,0.034345616560413544,0.028766551787373997,0.04009708201183685,ROBUST_POSITIVE,False
912.0,0.05155529296354288,0.04551428592423551,0.05748630315068873,ROBUST_POSITIVE,False
913.0,0.012700151595295623,0.008974523264134726,0.016848977511438965,ROBUST_POSITIVE,False
914.0,0.0393123959773267,0.03251310840555979,0.04619843986066587,ROBUST_POSITIVE,False
915.0,0.01899600855098602,0.015989790785233216,0.022236252903998197,ROBUST_POSITIVE,False
916.0,0.014198275521228843,0.011656703089062349,0.01682747293855884,ROBUST_POSITIVE,False
917.0,0.0503610454031312,0.0436928438321466,0.05692947765078556,ROBUST_POSITIVE,False
918.0,0.036386029471690694,0.030198683481166316,0.04229808221753717,ROBUST_POSITIVE,False
919.0,0.036935687209490836,0.032590092405854365,0.041389214998712696,ROBUST_POSITIVE,False
920.0,0.023471582741116773,0.020285205585702328,0.026717700058805964,ROBUST_POSITIVE,False
921.0,0.030315828154176303,0.023610887650863138,0.0370628478679509,ROBUST_POSITIVE,False
922.0,0.04869882768639404,0.041510509263198075,0.05557735443576236,ROBUST_POSITIVE,False
923.0,0.02830000977156801,0.02419158067827023,0.03263443101646348,ROBUST_POSITIVE,False
924.0,0.039339085478152604,0.0339755611077178,0.044785983055862066,ROBUST_POSITIVE,False
925.0,0.0259376937555188,0.023159126948444207,0.028965627210269396,ROBUST_POSITIVE,False
926.0,0.037632610022644286,0.03312907689856121,0.042103962492950564,ROBUST_POSITIVE,False
927.0,0.03594990816668233,0.030833403007633632,0.04117748612932371,ROBUST_POSITIVE,False
928.0,0.020151422111583207,0.017089340783284036,0.02336918244062555,ROBUST_POSITIVE,False
929.0,0.01487907599765438,0.011592002280543546,0.018406975265483617,ROBUST_POSITIVE,False
930.0,0.037021489513273095,0.031004609438018207,0.042929587687332994,ROBUST_POSITIVE,False
931.0,0.036994859572672296,0.03064752186690896,0.04310745866957794,ROBUST_POSITIVE,False
932.0,0.02034258436485304,0.01523216048886149,0.025698876804996513,ROBUST_POSITIVE,False
933.0,0.027186701567209728,0.0224715998546257,0.031843559272576906,ROBUST_POSITIVE,False
934.0,0.03747553285515494,0.031236671129695803,0.04362945719829409,ROBUST_POSITIVE,False
935.0,0.03556609256785801,0.029701420476524906,0.04129219887534884,ROBUST_POSITIVE,False
936.0,0.03241385005210788,0.026369989927920067,0.03840123037323051,ROBUST_POSITIVE,False
937.0,0.02701106713538453,0.02229376004855413,0.031910038679836404,ROBUST_POSITIVE,False
938.0,0.036445815456558846,0.030612383658488288,0.04218608926842035,ROBUST_POSITIVE,False
939.0,0.0468622956965205,0.04186391240343877,0.05199277680003088,ROBUST_POSITIVE,False
940.0,0.045983691705064646,0.03968104746005429,0.05194437414046002,ROBUST_POSITIVE,False
941.0,0.02892756546418225,0.02512097343163205,0.032948073081033216,ROBUST_POSITIVE,False
942.0,0.03854486403206484,0.031092321387499722,0.045938688823018735,ROBUST_POSITIVE,False
943.0,0.04228155404479712,0.037201650831783756,0.04737375805778394,ROBUST_POSITIVE,False
944.0,0.023434359685847762,0.019652095743075578,0.02725018380586349,ROBUST_POSITIVE,False
945.0,0.020511025624151587,0.017701812386327887,0.023453567281245254,ROBUST_POSITIVE,False
946.0,0.025636958360774172,0.021954008548128734,0.029487064371317255,ROBUST_POSITIVE,False
947.0,0.02880606425057122,0.02468242372159525,0.03288981680466328,ROBUST_POSITIVE,False
948.0,0.004532779384721569,0.0013641511771414112,0.008093158247490113,ROBUST_POSITIVE,True
949.0,0.010702862059022883,0.00698854094310359,0.014407649302674835,ROBUST_POSITIVE,False
950.0,0.0319113624997351,0.02676274160513432,0.037039855209167395,ROBUST_POSITIVE,False
951.0,0.037741012928980536,0.028609921575209127,0.04683492326814894,ROBUST_POSITIVE,False
952.0,0.05361824010825473,0.04791546064451507,0.05926880633593909,ROBUST_POSITIVE,False
953.0,0.03512392275847716,0.030069819655040703,0.04017659407234741,ROBUST_POSITIVE,False
954.0,0.04302157354405895,0.037426495791963985,0.04877055631743197,ROBUST_POSITIVE,False
955.0,0.016065217841740895,0.012720199655097762,0.019948156128757638,ROBUST_POSITIVE,False
956.0,0.05282249193805446,0.04733195714860822,0.0582491072045697,ROBUST_POSITIVE,False
957.0,0.028805855017703767,0.024967787770235762,0.03279368564029727,ROBUST_POSITIVE,False
958.0,0.03805462972371392,0.031178447209181056,0.04489443939211409,ROBUST_POSITIVE,False
959.0,0.019285897624842972,0.015681883335778444,0.022961118517540804,ROBUST_POSITIVE,False
960.0,0.021800953651408977,0.017155955022805962,0.026672157139020134,ROBUST_POSITIVE,False
961.0,0.016751813366997364,0.012911761276065794,0.02105316491120826,ROBUST_POSITIVE,False
962.0,0.02660304425286374,0.02256131572255942,0.03081913759000791,ROBUST_POSITIVE,False
963.0,0.0402843709528294,0.035221598164679985,0.045216878819766514,ROBUST_POSITIVE,False
964.0,0.025374547572739804,0.020226371645059492,0.03076773831671961,ROBUST_POSITIVE,False
965.0,0.01602425719088447,0.010870291147009097,0.021623258203495,ROBUST_POSITIVE,False
966.0,0.0157856652172022,0.013254933971802944,0.018301693632720672,ROBUST_POSITIVE,False
967.0,0.036123715330339375,0.030587272911023002,0.04171407036298347,ROBUST_POSITIVE,False
968.0,0.025281868709732137,0.021378893622650715,0.029352482282266532,ROBUST_POSITIVE,False
969.0,0.022542918736055347,0.018684991381448603,0.026559877389402405,ROBUST_POSITIVE,False
970.0,0.05033828087222144,0.044635598911072,0.05592510428898148,ROBUST_POSITIVE,False
971.0,0.032099679549252406,0.026368787831065367,0.0377629296978094,ROBUST_POSITIVE,False
972.0,0.027386025131661405,0.0226577299425843,0.03219459576414312,ROBUST_POSITIVE,False
973.0,0.02969684396274712,0.025231672875821693,0.034275502258743096,ROBUST_POSITIVE,False
974.0,0.03508368071409963,0.030377720019375436,0.039989626584224024,ROBUST_POSITIVE,False
975.0,0.03777410815466873,0.03164549558570229,0.0438818582249941,ROBUST_POSITIVE,False
976.0,0.04996051568006162,0.043221397834460586,0.05651235860158613,ROBUST_POSITIVE,False
977.0,0.023440232588682886,0.01916029327765663,0.027966632365680776,ROBUST_POSITIVE,False
978.0,0.00428929243409204,0.0002808008836440417,0.008648942490925734,ROBUST_POSITIVE,True
979.0,0.0330746542615925,0.028371925808335818,0.03776446684115565,ROBUST_POSITIVE,False
980.0,0.0391346712700374,0.03136234298126114,0.046995095103600906,ROBUST_POSITIVE,False
981.0,0.046659765226805906,0.04075763209369393,0.05238154999481179,ROBUST_POSITIVE,False
982.0,0.025755934886465194,0.021877846277208336,0.02981557528682316,ROBUST_POSITIVE,False
983.0,0.017892782322590877,0.014380432861929691,0.0217507364494688,ROBUST_POSITIVE,False
984.0,0.006983828430054824,0.00385657880999925,0.01051549072881434,ROBUST_POSITIVE,False
985.0,0.03011531379778761,0.025436284395287112,0.03478184194322843,ROBUST_POSITIVE,False
986.0,0.032932968885681216,0.026813077760330508,0.03892770249896337,ROBUST_POSITIVE,False
987.0,0.02381061761584063,0.01935196435885155,0.028403562668983296,ROBUST_POSITIVE,False
988.0,0.029570739286376397,0.023606062115257526,0.03562384976401239,ROBUST_POSITIVE,False
989.0,0.021112849695517463,0.017790442513452426,0.024767334756183465,ROBUST_POSITIVE,False
990.0,0.0225690344541191,0.019857226592011657,0.025445941997284522,ROBUST_POSITIVE,False
991.0,0.019194133217647073,0.015096281383685285,0.02358244496959978,ROBUST_POSITIVE,False
992.0,0.007101709786608321,0.003522251947711328,0.011067290381461946,ROBUST_POSITIVE,False
993.0,0.025488426312695787,0.021368854440190144,0.029882220287363523,ROBUST_POSITIVE,False
994.0,0.020714148805293972,0.017434029602690224,0.02419996437141271,ROBUST_POSITIVE,False
995.0,0.01686493772020411,0.01275870224625584,0.021345424241919056,ROBUST_POSITIVE,False
996.0,0.020505388700174643,0.017802890393411458,0.023263476537109192,ROBUST_POSITIVE,False
997.0,0.024182628479506658,0.020794045165245356,0.027717577524502494,ROBUST_POSITIVE,False
998.0,0.01181841989547688,0.007911486902028139,0.015986322852761387,ROBUST_POSITIVE,False
999.0,0.02251981737414157,0.019500245100215842,0.025757566373782653,ROBUST_POSITIVE,False
